<?xml version="1.0" encoding="utf-8"?>
<shfbBuild product="Sandcastle Help File Builder and Tools" version="2022.2.6.0" projectFile="F:\DI\di\Proyecto\PokeDexManager\SandCastle.shfbproj" started="02/03/2026 12:05:24">
<buildStep step="Initializing">
Finding tools...
The Sandcastle tools are located in &#39;C:\Program Files (x86)\EWSoftware\Sandcastle Help File Builder&#39;
Searching for HTML Help 1 compiler...
Found HTML Help 1 compiler in &#39;C:\Program Files (x86)\HTML Help Workshop\&#39;
Locating components in the following folder(s):
    F:\DI\di\Proyecto\PokeDexManager
    C:\ProgramData\EWSoftware\Sandcastle Help File Builder\Components and Plug-Ins
    C:\Program Files (x86)\EWSoftware\Sandcastle Help File Builder\Components
Using framework reflection data for &#39;.NET Framework 4.7.2&#39; located in &#39;C:\Program Files (x86)\EWSoftware\Sandcastle Help File Builder\Data\.NETFramework&#39;
Using presentation style &#39;VS2013&#39; located in &#39;C:\Program Files (x86)\EWSoftware\Sandcastle Help File Builder\Components\VS2013&#39;
Loading and initializing plug-ins...
Lightweight Website Style Version 2022.2.6.0
Copyright &#169; 2006-2022, Eric Woodruff, All Rights Reserved
Portions Copyright &#169; 2014, Sam Harwell, All Rights Reserved
</buildStep>
<buildStep step="ValidatingDocumentationSources">
Validating and copying documentation source information
Source: F:\DI\di\Proyecto\PokeDexManager\PokeDexManager\bin\Release\PokeDexManager.exe
    Found assembly &#39;F:\DI\di\Proyecto\PokeDexManager\PokeDexManager\bin\Release\PokeDexManager.exe&#39;
Source: F:\DI\di\Proyecto\PokeDexManager\PokeDexManager\PokeDexManager.csproj
    Found project &#39;F:\DI\di\Proyecto\PokeDexManager\PokeDexManager\PokeDexManager.csproj&#39;
Source: F:\DI\di\Proyecto\PokeDexManager\PokeDexManager.sln
    Ignoring duplicate project file &#39;F:\DI\di\Proyecto\PokeDexManager\PokeDexManager\PokeDexManager.csproj&#39;

Parsing project files
    Found assembly &#39;F:\DI\di\Proyecto\PokeDexManager\PokeDexManager\bin\Debug\PokeDexManager.exe&#39; (.NETFramework 4.7.2)

References to include:
    CrystalDecisions.CrystalReports.Engine, Version=13.0.4000.0, Culture=neutral, PublicKeyToken=692fbea5521e1304, processorArchitecture=MSIL
    CrystalDecisions.ReportSource, Version=13.0.4000.0, Culture=neutral, PublicKeyToken=692fbea5521e1304, processorArchitecture=MSIL
    CrystalDecisions.Shared, Version=13.0.4000.0, Culture=neutral, PublicKeyToken=692fbea5521e1304, processorArchitecture=MSIL
    CrystalDecisions.Windows.Forms, Version=13.0.4000.0, Culture=neutral, PublicKeyToken=692fbea5521e1304, processorArchitecture=MSIL
SHFB: Warning BE0062: No documentation source XML comments files found.  The help file will not contain any member comments.
</buildStep>
<buildStep step="GenerateSharedContent">
Generating shared content files (en-US, Ingl&#233;s (Estados Unidos))...
<plugIn name="Lightweight Website Style" behavior="After" priority="1000">
</plugIn>    Last step completed in 00:00:00,0000
</buildStep>
<buildStep step="GenerateApiFilter">
Generating API filter for MRefBuilder...
    Last step completed in 00:00:00,0000
</buildStep>
<buildStep step="GenerateReflectionInfo">
Generating reflection information...
[C:\Program Files (x86)\Microsoft Visual Studio\2019\Enterprise\MSBuild\Current\Bin\MSBuild.exe - GenerateRefInfo-a57ae3d6-4881-4bfd-924a-a499639f67bd.proj]
Compilaci&#162;n iniciada a las 02/03/2026 12:05:25.
Proyecto &quot;F:\DI\di\Proyecto\PokeDexManager\Help\Working\GenerateRefInfo-a57ae3d6-4881-4bfd-924a-a499639f67bd.proj&quot; en nodo 1 (destinos predeterminados).
PrepareForBuild:
  Creando directorio &quot;obj\Debug\&quot;.
GenerateBindingRedirects:
  No hay redirecciones de enlace sugeridas procedentes de ResolveAssemblyReferences.
GenerateRefInfo:
  Microsoft.Build (v16.11.2+f3225964253d565862806752e54a7608191a9035)
  &#184; Microsoft Corporation. All rights reserved.
  No source code context base path specified.  Source context information is unavailable.
  Loaded 2 assemblies for reflection and 5 dependency assemblies.
  Wrote information on 2 namespaces, 112 types, and 1054 members
  Merging duplicate type and member information
  Merged 112 duplicate type(s) and 527 duplicate member(s)
Compilaci&#162;n del proyecto terminada &quot;F:\DI\di\Proyecto\PokeDexManager\Help\Working\GenerateRefInfo-a57ae3d6-4881-4bfd-924a-a499639f67bd.proj&quot; (destinos predeterminados).
    Last step completed in 00:00:00,7626
</buildStep>
<buildStep step="ApplyDocumentModel">
Applying document model to reflection output...
    Last step completed in 00:00:00,3622
</buildStep>
<buildStep step="AddApiTopicFilenames">
Adding topic filenames to API members...
    Last step completed in 00:00:00,2965
</buildStep>
<buildStep step="GenerateApiTopicManifest">
Generating API topic manifest...
    Last step completed in 00:00:00,2657
</buildStep>
<buildStep step="GenerateNamespaceSummaries">
Generating namespace summary information...
    Last step completed in 00:00:00,0625
</buildStep>
<buildStep step="CopyAdditionalContent">
Copying additional content files...
No additional content to copy
    Last step completed in 00:00:00,0000
</buildStep>
<buildStep step="MergeTablesOfContents">
Merging conceptual and additional tables of contents...
    Last step completed in 00:00:00,0000
</buildStep>
<buildStep step="GenerateIntermediateTableOfContents">
Generating intermediate table of contents file for API content...
Generating conceptual content intermediate TOC file...
    Last step completed in 00:00:00,0794
</buildStep>
<buildStep step="CreateBuildAssemblerConfigs">
Creating Sandcastle configuration files...
    sandcastle.config
    Last step completed in 00:00:00,0445
</buildStep>
<buildStep step="MergeCustomConfigs">
Merging custom build component configurations
F:\DI\di\Proyecto\PokeDexManager\Help\Working\sandcastle.config
  Updating reference topic configurations.
  No conceptual content.  Removing conceptual content components.
    Last step completed in 00:00:00,0313
</buildStep>
<buildStep step="BuildTopics">
Building help topics...
[C:\Program Files (x86)\Microsoft Visual Studio\2019\Enterprise\MSBuild\Current\Bin\MSBuild.exe - BuildTopics.proj]
Compilaci&#162;n iniciada a las 02/03/2026 12:05:26.
Proyecto &quot;F:\DI\di\Proyecto\PokeDexManager\Help\Working\BuildTopics.proj&quot; en nodo 1 (destinos predeterminados).
BuildTopics:
  Microsoft.Build (v16.11.2+f3225964253d565862806752e54a7608191a9035)
  &#184; Microsoft Corporation. All rights reserved.
  Loading configuration...
  ResolveReferenceLinksComponent: The member ID URL cache &#39;C:\Users\Diurno.C08PC26\AppData\Local\EWSoftware\Sandcastle Help File Builder\Cache\MemberIdUrl.cache&#39; does not exist yet.  All IDs will be looked up in this build which will slow it down.
  Processing topics...
BuildAssembler : warning : ShowMissingComponent: [N:PokeDexManager] Missing &lt;summary&gt; documentation [F:\DI\di\Proyecto\PokeDexManager\Help\Working\BuildTopics.proj]
BuildAssembler : warning : ShowMissingComponent: [T:PokeDexManager.CachedInfGrafico] Missing &lt;summary&gt; documentation [F:\DI\di\Proyecto\PokeDexManager\Help\Working\BuildTopics.proj]
BuildAssembler : warning : ResolveReferenceLinksComponent: [T:PokeDexManager.CachedInfGrafico] Member ID URL resolver service failed.  No further look ups will be performed for this build. [F:\DI\di\Proyecto\PokeDexManager\Help\Working\BuildTopics.proj]
BuildAssembler : warning : Reason: Se ha terminado la conexi&#162;n: No se puede establecer una relaci&#162;n de confianza para el canal seguro SSL/TLS. [F:\DI\di\Proyecto\PokeDexManager\Help\Working\BuildTopics.proj]
BuildAssembler : warning : El certificado remoto no es v&#160;lido seg&#163;n el procedimiento de validaci&#162;n. [F:\DI\di\Proyecto\PokeDexManager\Help\Working\BuildTopics.proj]
BuildAssembler : warning : ShowMissingComponent: [P:PokeDexManager.CachedInfGrafico.CacheTimeOut] Missing &lt;summary&gt; documentation [F:\DI\di\Proyecto\PokeDexManager\Help\Working\BuildTopics.proj]
BuildAssembler : warning : ResolveReferenceLinksComponent: [P:PokeDexManager.CachedInfGrafico.CacheTimeOut] Unknown reference link target &#39;P:CrystalDecisions.ReportSource.ICachedReport.CacheTimeOut&#39;. [F:\DI\di\Proyecto\PokeDexManager\Help\Working\BuildTopics.proj]
BuildAssembler : warning : ShowMissingComponent: [M:PokeDexManager.CachedInfGrafico.CreateReport] Missing &lt;summary&gt; documentation [F:\DI\di\Proyecto\PokeDexManager\Help\Working\BuildTopics.proj]
BuildAssembler : warning : ShowMissingComponent: [M:PokeDexManager.CachedInfGrafico.CreateReport] Missing &lt;returns&gt; documentation [F:\DI\di\Proyecto\PokeDexManager\Help\Working\BuildTopics.proj]
BuildAssembler : warning : ResolveReferenceLinksComponent: [M:PokeDexManager.CachedInfGrafico.CreateReport] Unknown reference link target &#39;T:CrystalDecisions.CrystalReports.Engine.ReportDocument&#39;. [F:\DI\di\Proyecto\PokeDexManager\Help\Working\BuildTopics.proj]
BuildAssembler : warning : ResolveReferenceLinksComponent: [M:PokeDexManager.CachedInfGrafico.CreateReport] Unknown reference link target &#39;M:CrystalDecisions.ReportSource.ICachedReport.CreateReport&#39;. [F:\DI\di\Proyecto\PokeDexManager\Help\Working\BuildTopics.proj]
BuildAssembler : warning : ShowMissingComponent: [M:PokeDexManager.CachedInfGrafico.GetCustomizedCacheKey(CrystalDecisions.Shared.RequestContext)] Missing &lt;summary&gt; documentation [F:\DI\di\Proyecto\PokeDexManager\Help\Working\BuildTopics.proj]
BuildAssembler : warning : ShowMissingComponent: [M:PokeDexManager.CachedInfGrafico.GetCustomizedCacheKey(CrystalDecisions.Shared.RequestContext)] Missing &lt;returns&gt; documentation [F:\DI\di\Proyecto\PokeDexManager\Help\Working\BuildTopics.proj]
BuildAssembler : warning : ShowMissingComponent: [M:PokeDexManager.CachedInfGrafico.GetCustomizedCacheKey(CrystalDecisions.Shared.RequestContext)] Missing &lt;param name=&quot;request&quot;/&gt; documentation [F:\DI\di\Proyecto\PokeDexManager\Help\Working\BuildTopics.proj]
BuildAssembler : warning : ResolveReferenceLinksComponent: [M:PokeDexManager.CachedInfGrafico.GetCustomizedCacheKey(CrystalDecisions.Shared.RequestContext)] Unknown reference link target &#39;T:CrystalDecisions.Shared.RequestContext&#39;. [F:\DI\di\Proyecto\PokeDexManager\Help\Working\BuildTopics.proj]
BuildAssembler : warning : ResolveReferenceLinksComponent: [M:PokeDexManager.CachedInfGrafico.GetCustomizedCacheKey(CrystalDecisions.Shared.RequestContext)] Unknown reference link target &#39;M:CrystalDecisions.ReportSource.ICachedReport.GetCustomizedCacheKey(CrystalDecisions.Shared.RequestContext)&#39;. [F:\DI\di\Proyecto\PokeDexManager\Help\Working\BuildTopics.proj]
BuildAssembler : warning : ShowMissingComponent: [P:PokeDexManager.CachedInfGrafico.IsCacheable] Missing &lt;summary&gt; documentation [F:\DI\di\Proyecto\PokeDexManager\Help\Working\BuildTopics.proj]
BuildAssembler : warning : ResolveReferenceLinksComponent: [P:PokeDexManager.CachedInfGrafico.IsCacheable] Unknown reference link target &#39;P:CrystalDecisions.ReportSource.ICachedReport.IsCacheable&#39;. [F:\DI\di\Proyecto\PokeDexManager\Help\Working\BuildTopics.proj]
BuildAssembler : warning : ShowMissingComponent: [P:PokeDexManager.CachedInfGrafico.ShareDBLogonInfo] Missing &lt;summary&gt; documentation [F:\DI\di\Proyecto\PokeDexManager\Help\Working\BuildTopics.proj]
BuildAssembler : warning : ResolveReferenceLinksComponent: [P:PokeDexManager.CachedInfGrafico.ShareDBLogonInfo] Unknown reference link target &#39;P:CrystalDecisions.ReportSource.ICachedReport.ShareDBLogonInfo&#39;. [F:\DI\di\Proyecto\PokeDexManager\Help\Working\BuildTopics.proj]
BuildAssembler : warning : ShowMissingComponent: [T:PokeDexManager.CachedInfMultTabla] Missing &lt;summary&gt; documentation [F:\DI\di\Proyecto\PokeDexManager\Help\Working\BuildTopics.proj]
BuildAssembler : warning : ShowMissingComponent: [P:PokeDexManager.CachedInfMultTabla.CacheTimeOut] Missing &lt;summary&gt; documentation [F:\DI\di\Proyecto\PokeDexManager\Help\Working\BuildTopics.proj]
BuildAssembler : warning : ResolveReferenceLinksComponent: [P:PokeDexManager.CachedInfMultTabla.CacheTimeOut] Unknown reference link target &#39;P:CrystalDecisions.ReportSource.ICachedReport.CacheTimeOut&#39;. [F:\DI\di\Proyecto\PokeDexManager\Help\Working\BuildTopics.proj]
BuildAssembler : warning : ShowMissingComponent: [M:PokeDexManager.CachedInfMultTabla.CreateReport] Missing &lt;summary&gt; documentation [F:\DI\di\Proyecto\PokeDexManager\Help\Working\BuildTopics.proj]
BuildAssembler : warning : ShowMissingComponent: [M:PokeDexManager.CachedInfMultTabla.CreateReport] Missing &lt;returns&gt; documentation [F:\DI\di\Proyecto\PokeDexManager\Help\Working\BuildTopics.proj]
BuildAssembler : warning : ResolveReferenceLinksComponent: [M:PokeDexManager.CachedInfMultTabla.CreateReport] Unknown reference link target &#39;T:CrystalDecisions.CrystalReports.Engine.ReportDocument&#39;. [F:\DI\di\Proyecto\PokeDexManager\Help\Working\BuildTopics.proj]
BuildAssembler : warning : ResolveReferenceLinksComponent: [M:PokeDexManager.CachedInfMultTabla.CreateReport] Unknown reference link target &#39;M:CrystalDecisions.ReportSource.ICachedReport.CreateReport&#39;. [F:\DI\di\Proyecto\PokeDexManager\Help\Working\BuildTopics.proj]
BuildAssembler : warning : ShowMissingComponent: [M:PokeDexManager.CachedInfMultTabla.GetCustomizedCacheKey(CrystalDecisions.Shared.RequestContext)] Missing &lt;summary&gt; documentation [F:\DI\di\Proyecto\PokeDexManager\Help\Working\BuildTopics.proj]
BuildAssembler : warning : ShowMissingComponent: [M:PokeDexManager.CachedInfMultTabla.GetCustomizedCacheKey(CrystalDecisions.Shared.RequestContext)] Missing &lt;returns&gt; documentation [F:\DI\di\Proyecto\PokeDexManager\Help\Working\BuildTopics.proj]
BuildAssembler : warning : ShowMissingComponent: [M:PokeDexManager.CachedInfMultTabla.GetCustomizedCacheKey(CrystalDecisions.Shared.RequestContext)] Missing &lt;param name=&quot;request&quot;/&gt; documentation [F:\DI\di\Proyecto\PokeDexManager\Help\Working\BuildTopics.proj]
BuildAssembler : warning : ResolveReferenceLinksComponent: [M:PokeDexManager.CachedInfMultTabla.GetCustomizedCacheKey(CrystalDecisions.Shared.RequestContext)] Unknown reference link target &#39;T:CrystalDecisions.Shared.RequestContext&#39;. [F:\DI\di\Proyecto\PokeDexManager\Help\Working\BuildTopics.proj]
BuildAssembler : warning : ResolveReferenceLinksComponent: [M:PokeDexManager.CachedInfMultTabla.GetCustomizedCacheKey(CrystalDecisions.Shared.RequestContext)] Unknown reference link target &#39;M:CrystalDecisions.ReportSource.ICachedReport.GetCustomizedCacheKey(CrystalDecisions.Shared.RequestContext)&#39;. [F:\DI\di\Proyecto\PokeDexManager\Help\Working\BuildTopics.proj]
BuildAssembler : warning : ShowMissingComponent: [P:PokeDexManager.CachedInfMultTabla.IsCacheable] Missing &lt;summary&gt; documentation [F:\DI\di\Proyecto\PokeDexManager\Help\Working\BuildTopics.proj]
BuildAssembler : warning : ResolveReferenceLinksComponent: [P:PokeDexManager.CachedInfMultTabla.IsCacheable] Unknown reference link target &#39;P:CrystalDecisions.ReportSource.ICachedReport.IsCacheable&#39;. [F:\DI\di\Proyecto\PokeDexManager\Help\Working\BuildTopics.proj]
BuildAssembler : warning : ShowMissingComponent: [P:PokeDexManager.CachedInfMultTabla.ShareDBLogonInfo] Missing &lt;summary&gt; documentation [F:\DI\di\Proyecto\PokeDexManager\Help\Working\BuildTopics.proj]
BuildAssembler : warning : ResolveReferenceLinksComponent: [P:PokeDexManager.CachedInfMultTabla.ShareDBLogonInfo] Unknown reference link target &#39;P:CrystalDecisions.ReportSource.ICachedReport.ShareDBLogonInfo&#39;. [F:\DI\di\Proyecto\PokeDexManager\Help\Working\BuildTopics.proj]
BuildAssembler : warning : ShowMissingComponent: [T:PokeDexManager.CachedInfParam] Missing &lt;summary&gt; documentation [F:\DI\di\Proyecto\PokeDexManager\Help\Working\BuildTopics.proj]
BuildAssembler : warning : ShowMissingComponent: [P:PokeDexManager.CachedInfParam.CacheTimeOut] Missing &lt;summary&gt; documentation [F:\DI\di\Proyecto\PokeDexManager\Help\Working\BuildTopics.proj]
BuildAssembler : warning : ResolveReferenceLinksComponent: [P:PokeDexManager.CachedInfParam.CacheTimeOut] Unknown reference link target &#39;P:CrystalDecisions.ReportSource.ICachedReport.CacheTimeOut&#39;. [F:\DI\di\Proyecto\PokeDexManager\Help\Working\BuildTopics.proj]
BuildAssembler : warning : ShowMissingComponent: [M:PokeDexManager.CachedInfParam.CreateReport] Missing &lt;summary&gt; documentation [F:\DI\di\Proyecto\PokeDexManager\Help\Working\BuildTopics.proj]
BuildAssembler : warning : ShowMissingComponent: [M:PokeDexManager.CachedInfParam.CreateReport] Missing &lt;returns&gt; documentation [F:\DI\di\Proyecto\PokeDexManager\Help\Working\BuildTopics.proj]
BuildAssembler : warning : ResolveReferenceLinksComponent: [M:PokeDexManager.CachedInfParam.CreateReport] Unknown reference link target &#39;T:CrystalDecisions.CrystalReports.Engine.ReportDocument&#39;. [F:\DI\di\Proyecto\PokeDexManager\Help\Working\BuildTopics.proj]
BuildAssembler : warning : ResolveReferenceLinksComponent: [M:PokeDexManager.CachedInfParam.CreateReport] Unknown reference link target &#39;M:CrystalDecisions.ReportSource.ICachedReport.CreateReport&#39;. [F:\DI\di\Proyecto\PokeDexManager\Help\Working\BuildTopics.proj]
BuildAssembler : warning : ShowMissingComponent: [M:PokeDexManager.CachedInfParam.GetCustomizedCacheKey(CrystalDecisions.Shared.RequestContext)] Missing &lt;summary&gt; documentation [F:\DI\di\Proyecto\PokeDexManager\Help\Working\BuildTopics.proj]
BuildAssembler : warning : ShowMissingComponent: [M:PokeDexManager.CachedInfParam.GetCustomizedCacheKey(CrystalDecisions.Shared.RequestContext)] Missing &lt;returns&gt; documentation [F:\DI\di\Proyecto\PokeDexManager\Help\Working\BuildTopics.proj]
BuildAssembler : warning : ShowMissingComponent: [M:PokeDexManager.CachedInfParam.GetCustomizedCacheKey(CrystalDecisions.Shared.RequestContext)] Missing &lt;param name=&quot;request&quot;/&gt; documentation [F:\DI\di\Proyecto\PokeDexManager\Help\Working\BuildTopics.proj]
BuildAssembler : warning : ResolveReferenceLinksComponent: [M:PokeDexManager.CachedInfParam.GetCustomizedCacheKey(CrystalDecisions.Shared.RequestContext)] Unknown reference link target &#39;T:CrystalDecisions.Shared.RequestContext&#39;. [F:\DI\di\Proyecto\PokeDexManager\Help\Working\BuildTopics.proj]
BuildAssembler : warning : ResolveReferenceLinksComponent: [M:PokeDexManager.CachedInfParam.GetCustomizedCacheKey(CrystalDecisions.Shared.RequestContext)] Unknown reference link target &#39;M:CrystalDecisions.ReportSource.ICachedReport.GetCustomizedCacheKey(CrystalDecisions.Shared.RequestContext)&#39;. [F:\DI\di\Proyecto\PokeDexManager\Help\Working\BuildTopics.proj]
BuildAssembler : warning : ShowMissingComponent: [P:PokeDexManager.CachedInfParam.IsCacheable] Missing &lt;summary&gt; documentation [F:\DI\di\Proyecto\PokeDexManager\Help\Working\BuildTopics.proj]
BuildAssembler : warning : ResolveReferenceLinksComponent: [P:PokeDexManager.CachedInfParam.IsCacheable] Unknown reference link target &#39;P:CrystalDecisions.ReportSource.ICachedReport.IsCacheable&#39;. [F:\DI\di\Proyecto\PokeDexManager\Help\Working\BuildTopics.proj]
BuildAssembler : warning : ShowMissingComponent: [P:PokeDexManager.CachedInfParam.ShareDBLogonInfo] Missing &lt;summary&gt; documentation [F:\DI\di\Proyecto\PokeDexManager\Help\Working\BuildTopics.proj]
BuildAssembler : warning : ResolveReferenceLinksComponent: [P:PokeDexManager.CachedInfParam.ShareDBLogonInfo] Unknown reference link target &#39;P:CrystalDecisions.ReportSource.ICachedReport.ShareDBLogonInfo&#39;. [F:\DI\di\Proyecto\PokeDexManager\Help\Working\BuildTopics.proj]
BuildAssembler : warning : ShowMissingComponent: [T:PokeDexManager.InfGrafico] Missing &lt;summary&gt; documentation [F:\DI\di\Proyecto\PokeDexManager\Help\Working\BuildTopics.proj]
BuildAssembler : warning : ResolveReferenceLinksComponent: [T:PokeDexManager.InfGrafico] Unknown reference link target &#39;T:CrystalDecisions.CrystalReports.Engine.ReportDocument&#39;. [F:\DI\di\Proyecto\PokeDexManager\Help\Working\BuildTopics.proj]
BuildAssembler : warning : ResolveReferenceLinksComponent: [T:PokeDexManager.InfGrafico] Unknown reference link target &#39;T:CrystalDecisions.CrystalReports.Engine.ReportClass&#39;. [F:\DI\di\Proyecto\PokeDexManager\Help\Working\BuildTopics.proj]
BuildAssembler : warning : ResolveReferenceLinksComponent: [T:PokeDexManager.InfGrafico] Unknown reference link target &#39;P:CrystalDecisions.CrystalReports.Engine.ReportDocument.Database&#39;. [F:\DI\di\Proyecto\PokeDexManager\Help\Working\BuildTopics.proj]
BuildAssembler : warning : ResolveReferenceLinksComponent: [T:PokeDexManager.InfGrafico] Unknown reference link target &#39;T:CrystalDecisions.CrystalReports.Engine.ReportDocument&#39;. [F:\DI\di\Proyecto\PokeDexManager\Help\Working\BuildTopics.proj]
BuildAssembler : warning : ResolveReferenceLinksComponent: [T:PokeDexManager.InfGrafico] Unknown reference link target &#39;P:CrystalDecisions.CrystalReports.Engine.ReportDocument.DataDefinition&#39;. [F:\DI\di\Proyecto\PokeDexManager\Help\Working\BuildTopics.proj]
BuildAssembler : warning : ResolveReferenceLinksComponent: [T:PokeDexManager.InfGrafico] Unknown reference link target &#39;T:CrystalDecisions.CrystalReports.Engine.ReportDocument&#39;. [F:\DI\di\Proyecto\PokeDexManager\Help\Working\BuildTopics.proj]
BuildAssembler : warning : ResolveReferenceLinksComponent: [T:PokeDexManager.InfGrafico] Unknown reference link target &#39;P:CrystalDecisions.CrystalReports.Engine.ReportDocument.DataSourceConnections&#39;. [F:\DI\di\Proyecto\PokeDexManager\Help\Working\BuildTopics.proj]
BuildAssembler : warning : ResolveReferenceLinksComponent: [T:PokeDexManager.InfGrafico] Unknown reference link target &#39;T:CrystalDecisions.CrystalReports.Engine.ReportDocument&#39;. [F:\DI\di\Proyecto\PokeDexManager\Help\Working\BuildTopics.proj]
BuildAssembler : warning : ResolveReferenceLinksComponent: [T:PokeDexManager.InfGrafico] Unknown reference link target &#39;P:CrystalDecisions.CrystalReports.Engine.ReportDocument.DefaultXmlExportSelection&#39;. [F:\DI\di\Proyecto\PokeDexManager\Help\Working\BuildTopics.proj]
BuildAssembler : warning : ResolveReferenceLinksComponent: [T:PokeDexManager.InfGrafico] Unknown reference link target &#39;T:CrystalDecisions.CrystalReports.Engine.ReportDocument&#39;. [F:\DI\di\Proyecto\PokeDexManager\Help\Working\BuildTopics.proj]
BuildAssembler : warning : ResolveReferenceLinksComponent: [T:PokeDexManager.InfGrafico] Unknown reference link target &#39;P:CrystalDecisions.CrystalReports.Engine.ReportDocument.FileName&#39;. [F:\DI\di\Proyecto\PokeDexManager\Help\Working\BuildTopics.proj]
BuildAssembler : warning : ResolveReferenceLinksComponent: [T:PokeDexManager.InfGrafico] Unknown reference link target &#39;T:CrystalDecisions.CrystalReports.Engine.ReportDocument&#39;. [F:\DI\di\Proyecto\PokeDexManager\Help\Working\BuildTopics.proj]
BuildAssembler : warning : ResolveReferenceLinksComponent: [T:PokeDexManager.InfGrafico] Unknown reference link target &#39;P:CrystalDecisions.CrystalReports.Engine.ReportClass.FullResourceName&#39;. [F:\DI\di\Proyecto\PokeDexManager\Help\Working\BuildTopics.proj]
BuildAssembler : warning : ResolveReferenceLinksComponent: [T:PokeDexManager.InfGrafico] Unknown reference link target &#39;P:CrystalDecisions.CrystalReports.Engine.ReportDocument.HasRecords&#39;. [F:\DI\di\Proyecto\PokeDexManager\Help\Working\BuildTopics.proj]
BuildAssembler : warning : ResolveReferenceLinksComponent: [T:PokeDexManager.InfGrafico] Unknown reference link target &#39;T:CrystalDecisions.CrystalReports.Engine.ReportDocument&#39;. [F:\DI\di\Proyecto\PokeDexManager\Help\Working\BuildTopics.proj]
BuildAssembler : warning : ResolveReferenceLinksComponent: [T:PokeDexManager.InfGrafico] Unknown reference link target &#39;P:CrystalDecisions.CrystalReports.Engine.ReportDocument.HasSavedData&#39;. [F:\DI\di\Proyecto\PokeDexManager\Help\Working\BuildTopics.proj]
BuildAssembler : warning : ResolveReferenceLinksComponent: [T:PokeDexManager.InfGrafico] Unknown reference link target &#39;T:CrystalDecisions.CrystalReports.Engine.ReportDocument&#39;. [F:\DI\di\Proyecto\PokeDexManager\Help\Working\BuildTopics.proj]
BuildAssembler : warning : ResolveReferenceLinksComponent: [T:PokeDexManager.InfGrafico] Unknown reference link target &#39;P:CrystalDecisions.CrystalReports.Engine.ReportDocument.HistoryInfos&#39;. [F:\DI\di\Proyecto\PokeDexManager\Help\Working\BuildTopics.proj]
BuildAssembler : warning : ResolveReferenceLinksComponent: [T:PokeDexManager.InfGrafico] Unknown reference link target &#39;T:CrystalDecisions.CrystalReports.Engine.ReportDocument&#39;. [F:\DI\di\Proyecto\PokeDexManager\Help\Working\BuildTopics.proj]
BuildAssembler : warning : ResolveReferenceLinksComponent: [T:PokeDexManager.InfGrafico] Unknown reference link target &#39;P:CrystalDecisions.CrystalReports.Engine.ReportDocument.IsLoaded&#39;. [F:\DI\di\Proyecto\PokeDexManager\Help\Working\BuildTopics.proj]
BuildAssembler : warning : ResolveReferenceLinksComponent: [T:PokeDexManager.InfGrafico] Unknown reference link target &#39;T:CrystalDecisions.CrystalReports.Engine.ReportDocument&#39;. [F:\DI\di\Proyecto\PokeDexManager\Help\Working\BuildTopics.proj]
BuildAssembler : warning : ResolveReferenceLinksComponent: [T:PokeDexManager.InfGrafico] Unknown reference link target &#39;P:CrystalDecisions.CrystalReports.Engine.ReportDocument.IsRPTR&#39;. [F:\DI\di\Proyecto\PokeDexManager\Help\Working\BuildTopics.proj]
BuildAssembler : warning : ResolveReferenceLinksComponent: [T:PokeDexManager.InfGrafico] Unknown reference link target &#39;T:CrystalDecisions.CrystalReports.Engine.ReportDocument&#39;. [F:\DI\di\Proyecto\PokeDexManager\Help\Working\BuildTopics.proj]
BuildAssembler : warning : ResolveReferenceLinksComponent: [T:PokeDexManager.InfGrafico] Unknown reference link target &#39;P:CrystalDecisions.CrystalReports.Engine.ReportDocument.IsSubreport&#39;. [F:\DI\di\Proyecto\PokeDexManager\Help\Working\BuildTopics.proj]
BuildAssembler : warning : ResolveReferenceLinksComponent: [T:PokeDexManager.InfGrafico] Unknown reference link target &#39;T:CrystalDecisions.CrystalReports.Engine.ReportDocument&#39;. [F:\DI\di\Proyecto\PokeDexManager\Help\Working\BuildTopics.proj]
BuildAssembler : warning : ResolveReferenceLinksComponent: [T:PokeDexManager.InfGrafico] Unknown reference link target &#39;P:CrystalDecisions.CrystalReports.Engine.ReportDocument.Name&#39;. [F:\DI\di\Proyecto\PokeDexManager\Help\Working\BuildTopics.proj]
BuildAssembler : warning : ResolveReferenceLinksComponent: [T:PokeDexManager.InfGrafico] Unknown reference link target &#39;T:CrystalDecisions.CrystalReports.Engine.ReportDocument&#39;. [F:\DI\di\Proyecto\PokeDexManager\Help\Working\BuildTopics.proj]
BuildAssembler : warning : ResolveReferenceLinksComponent: [T:PokeDexManager.InfGrafico] Unknown reference link target &#39;P:CrystalDecisions.CrystalReports.Engine.ReportClass.NewGenerator&#39;. [F:\DI\di\Proyecto\PokeDexManager\Help\Working\BuildTopics.proj]
BuildAssembler : warning : ResolveReferenceLinksComponent: [T:PokeDexManager.InfGrafico] Unknown reference link target &#39;P:CrystalDecisions.CrystalReports.Engine.ReportDocument.ParameterFields&#39;. [F:\DI\di\Proyecto\PokeDexManager\Help\Working\BuildTopics.proj]
BuildAssembler : warning : ResolveReferenceLinksComponent: [T:PokeDexManager.InfGrafico] Unknown reference link target &#39;T:CrystalDecisions.CrystalReports.Engine.ReportDocument&#39;. [F:\DI\di\Proyecto\PokeDexManager\Help\Working\BuildTopics.proj]
BuildAssembler : warning : ResolveReferenceLinksComponent: [T:PokeDexManager.InfGrafico] Unknown reference link target &#39;P:CrystalDecisions.CrystalReports.Engine.ReportDocument.PrintOptions&#39;. [F:\DI\di\Proyecto\PokeDexManager\Help\Working\BuildTopics.proj]
BuildAssembler : warning : ResolveReferenceLinksComponent: [T:PokeDexManager.InfGrafico] Unknown reference link target &#39;T:CrystalDecisions.CrystalReports.Engine.ReportDocument&#39;. [F:\DI\di\Proyecto\PokeDexManager\Help\Working\BuildTopics.proj]
BuildAssembler : warning : ResolveReferenceLinksComponent: [T:PokeDexManager.InfGrafico] Unknown reference link target &#39;P:CrystalDecisions.CrystalReports.Engine.ReportDocument.RecordSelectionFormula&#39;. [F:\DI\di\Proyecto\PokeDexManager\Help\Working\BuildTopics.proj]
BuildAssembler : warning : ResolveReferenceLinksComponent: [T:PokeDexManager.InfGrafico] Unknown reference link target &#39;T:CrystalDecisions.CrystalReports.Engine.ReportDocument&#39;. [F:\DI\di\Proyecto\PokeDexManager\Help\Working\BuildTopics.proj]
BuildAssembler : warning : ResolveReferenceLinksComponent: [T:PokeDexManager.InfGrafico] Unknown reference link target &#39;P:CrystalDecisions.CrystalReports.Engine.ReportDocument.ReportAppServer&#39;. [F:\DI\di\Proyecto\PokeDexManager\Help\Working\BuildTopics.proj]
BuildAssembler : warning : ResolveReferenceLinksComponent: [T:PokeDexManager.InfGrafico] Unknown reference link target &#39;T:CrystalDecisions.CrystalReports.Engine.ReportDocument&#39;. [F:\DI\di\Proyecto\PokeDexManager\Help\Working\BuildTopics.proj]
BuildAssembler : warning : ResolveReferenceLinksComponent: [T:PokeDexManager.InfGrafico] Unknown reference link target &#39;P:CrystalDecisions.CrystalReports.Engine.ReportDocument.ReportClientDocument&#39;. [F:\DI\di\Proyecto\PokeDexManager\Help\Working\BuildTopics.proj]
BuildAssembler : warning : ResolveReferenceLinksComponent: [T:PokeDexManager.InfGrafico] Unknown reference link target &#39;T:CrystalDecisions.CrystalReports.Engine.ReportDocument&#39;. [F:\DI\di\Proyecto\PokeDexManager\Help\Working\BuildTopics.proj]
BuildAssembler : warning : ResolveReferenceLinksComponent: [T:PokeDexManager.InfGrafico] Unknown reference link target &#39;P:CrystalDecisions.CrystalReports.Engine.ReportDocument.ReportDefinition&#39;. [F:\DI\di\Proyecto\PokeDexManager\Help\Working\BuildTopics.proj]
BuildAssembler : warning : ResolveReferenceLinksComponent: [T:PokeDexManager.InfGrafico] Unknown reference link target &#39;T:CrystalDecisions.CrystalReports.Engine.ReportDocument&#39;. [F:\DI\di\Proyecto\PokeDexManager\Help\Working\BuildTopics.proj]
BuildAssembler : warning : ResolveReferenceLinksComponent: [T:PokeDexManager.InfGrafico] Unknown reference link target &#39;P:CrystalDecisions.CrystalReports.Engine.ReportDocument.ReportOptions&#39;. [F:\DI\di\Proyecto\PokeDexManager\Help\Working\BuildTopics.proj]
BuildAssembler : warning : ResolveReferenceLinksComponent: [T:PokeDexManager.InfGrafico] Unknown reference link target &#39;T:CrystalDecisions.CrystalReports.Engine.ReportDocument&#39;. [F:\DI\di\Proyecto\PokeDexManager\Help\Working\BuildTopics.proj]
BuildAssembler : warning : ResolveReferenceLinksComponent: [T:PokeDexManager.InfGrafico] Unknown reference link target &#39;P:CrystalDecisions.CrystalReports.Engine.ReportDocument.ReportRequestStatus&#39;. [F:\DI\di\Proyecto\PokeDexManager\Help\Working\BuildTopics.proj]
BuildAssembler : warning : ResolveReferenceLinksComponent: [T:PokeDexManager.InfGrafico] Unknown reference link target &#39;T:CrystalDecisions.CrystalReports.Engine.ReportDocument&#39;. [F:\DI\di\Proyecto\PokeDexManager\Help\Working\BuildTopics.proj]
BuildAssembler : warning : ResolveReferenceLinksComponent: [T:PokeDexManager.InfGrafico] Unknown reference link target &#39;P:CrystalDecisions.CrystalReports.Engine.ReportClass.ResourceName&#39;. [F:\DI\di\Proyecto\PokeDexManager\Help\Working\BuildTopics.proj]
BuildAssembler : warning : ResolveReferenceLinksComponent: [T:PokeDexManager.InfGrafico] Unknown reference link target &#39;P:CrystalDecisions.CrystalReports.Engine.ReportDocument.Rows&#39;. [F:\DI\di\Proyecto\PokeDexManager\Help\Working\BuildTopics.proj]
BuildAssembler : warning : ResolveReferenceLinksComponent: [T:PokeDexManager.InfGrafico] Unknown reference link target &#39;T:CrystalDecisions.CrystalReports.Engine.ReportDocument&#39;. [F:\DI\di\Proyecto\PokeDexManager\Help\Working\BuildTopics.proj]
BuildAssembler : warning : ResolveReferenceLinksComponent: [T:PokeDexManager.InfGrafico] Unknown reference link target &#39;P:CrystalDecisions.CrystalReports.Engine.ReportDocument.SavedXmlExportFormats&#39;. [F:\DI\di\Proyecto\PokeDexManager\Help\Working\BuildTopics.proj]
BuildAssembler : warning : ResolveReferenceLinksComponent: [T:PokeDexManager.InfGrafico] Unknown reference link target &#39;T:CrystalDecisions.CrystalReports.Engine.ReportDocument&#39;. [F:\DI\di\Proyecto\PokeDexManager\Help\Working\BuildTopics.proj]
BuildAssembler : warning : ResolveReferenceLinksComponent: [T:PokeDexManager.InfGrafico] Unknown reference link target &#39;P:CrystalDecisions.CrystalReports.Engine.ReportDocument.Subreports&#39;. [F:\DI\di\Proyecto\PokeDexManager\Help\Working\BuildTopics.proj]
BuildAssembler : warning : ResolveReferenceLinksComponent: [T:PokeDexManager.InfGrafico] Unknown reference link target &#39;T:CrystalDecisions.CrystalReports.Engine.ReportDocument&#39;. [F:\DI\di\Proyecto\PokeDexManager\Help\Working\BuildTopics.proj]
BuildAssembler : warning : ResolveReferenceLinksComponent: [T:PokeDexManager.InfGrafico] Unknown reference link target &#39;P:CrystalDecisions.CrystalReports.Engine.ReportDocument.SummaryInfo&#39;. [F:\DI\di\Proyecto\PokeDexManager\Help\Working\BuildTopics.proj]
BuildAssembler : warning : ResolveReferenceLinksComponent: [T:PokeDexManager.InfGrafico] Unknown reference link target &#39;T:CrystalDecisions.CrystalReports.Engine.ReportDocument&#39;. [F:\DI\di\Proyecto\PokeDexManager\Help\Working\BuildTopics.proj]
BuildAssembler : warning : ResolveReferenceLinksComponent: [T:PokeDexManager.InfGrafico] Unknown reference link target &#39;P:CrystalDecisions.CrystalReports.Engine.ReportClass.TempFilename&#39;. [F:\DI\di\Proyecto\PokeDexManager\Help\Working\BuildTopics.proj]
BuildAssembler : warning : ResolveReferenceLinksComponent: [T:PokeDexManager.InfGrafico] Unknown reference link target &#39;T:CrystalDecisions.CrystalReports.Engine.ReportClass&#39;. [F:\DI\di\Proyecto\PokeDexManager\Help\Working\BuildTopics.proj]
BuildAssembler : warning : ResolveReferenceLinksComponent: [T:PokeDexManager.InfGrafico] Unknown reference link target &#39;M:CrystalDecisions.CrystalReports.Engine.ReportDocument.CheckLicenseStatus&#39;. [F:\DI\di\Proyecto\PokeDexManager\Help\Working\BuildTopics.proj]
BuildAssembler : warning : ResolveReferenceLinksComponent: [T:PokeDexManager.InfGrafico] Unknown reference link target &#39;T:CrystalDecisions.CrystalReports.Engine.ReportDocument&#39;. [F:\DI\di\Proyecto\PokeDexManager\Help\Working\BuildTopics.proj]
BuildAssembler : warning : ResolveReferenceLinksComponent: [T:PokeDexManager.InfGrafico] Unknown reference link target &#39;M:CrystalDecisions.CrystalReports.Engine.ReportDocument.Clone&#39;. [F:\DI\di\Proyecto\PokeDexManager\Help\Working\BuildTopics.proj]
BuildAssembler : warning : ResolveReferenceLinksComponent: [T:PokeDexManager.InfGrafico] Unknown reference link target &#39;T:CrystalDecisions.CrystalReports.Engine.ReportDocument&#39;. [F:\DI\di\Proyecto\PokeDexManager\Help\Working\BuildTopics.proj]
BuildAssembler : warning : ResolveReferenceLinksComponent: [T:PokeDexManager.InfGrafico] Unknown reference link target &#39;M:CrystalDecisions.CrystalReports.Engine.ReportDocument.Close&#39;. [F:\DI\di\Proyecto\PokeDexManager\Help\Working\BuildTopics.proj]
BuildAssembler : warning : ResolveReferenceLinksComponent: [T:PokeDexManager.InfGrafico] Unknown reference link target &#39;T:CrystalDecisions.CrystalReports.Engine.ReportDocument&#39;. [F:\DI\di\Proyecto\PokeDexManager\Help\Working\BuildTopics.proj]
BuildAssembler : warning : ResolveReferenceLinksComponent: [T:PokeDexManager.InfGrafico] Unknown reference link target &#39;M:CrystalDecisions.CrystalReports.Engine.ReportClass.Dispose(System.Boolean)&#39;. [F:\DI\di\Proyecto\PokeDexManager\Help\Working\BuildTopics.proj]
BuildAssembler : warning : ResolveReferenceLinksComponent: [T:PokeDexManager.InfGrafico] Unknown reference link target &#39;T:CrystalDecisions.CrystalReports.Engine.ReportClass&#39;. [F:\DI\di\Proyecto\PokeDexManager\Help\Working\BuildTopics.proj]
BuildAssembler : warning : ResolveReferenceLinksComponent: [T:PokeDexManager.InfGrafico] Unknown reference link target &#39;M:CrystalDecisions.CrystalReports.Engine.ReportDocument.EnableEvent(CrystalDecisions.CrystalReports.Engine.EventEnabledArgs)&#39;. [F:\DI\di\Proyecto\PokeDexManager\Help\Working\BuildTopics.proj]
BuildAssembler : warning : ResolveReferenceLinksComponent: [T:PokeDexManager.InfGrafico] Unknown reference link target &#39;T:CrystalDecisions.CrystalReports.Engine.ReportDocument&#39;. [F:\DI\di\Proyecto\PokeDexManager\Help\Working\BuildTopics.proj]
BuildAssembler : warning : ResolveReferenceLinksComponent: [T:PokeDexManager.InfGrafico] Unknown reference link target &#39;M:CrystalDecisions.CrystalReports.Engine.ReportDocument.Export(CrystalDecisions.Shared.ExportOptions)&#39;. [F:\DI\di\Proyecto\PokeDexManager\Help\Working\BuildTopics.proj]
BuildAssembler : warning : ResolveReferenceLinksComponent: [T:PokeDexManager.InfGrafico] Unknown reference link target &#39;T:CrystalDecisions.CrystalReports.Engine.ReportDocument&#39;. [F:\DI\di\Proyecto\PokeDexManager\Help\Working\BuildTopics.proj]
BuildAssembler : warning : ResolveReferenceLinksComponent: [T:PokeDexManager.InfGrafico] Unknown reference link target &#39;M:CrystalDecisions.CrystalReports.Engine.ReportDocument.ExportToDisk(CrystalDecisions.Shared.ExportFormatType,System.String)&#39;. [F:\DI\di\Proyecto\PokeDexManager\Help\Working\BuildTopics.proj]
BuildAssembler : warning : ResolveReferenceLinksComponent: [T:PokeDexManager.InfGrafico] Unknown reference link target &#39;T:CrystalDecisions.CrystalReports.Engine.ReportDocument&#39;. [F:\DI\di\Proyecto\PokeDexManager\Help\Working\BuildTopics.proj]
BuildAssembler : warning : ResolveReferenceLinksComponent: [T:PokeDexManager.InfGrafico] Unknown reference link target &#39;M:CrystalDecisions.CrystalReports.Engine.ReportDocument.ExportToHttpResponse(CrystalDecisions.Shared.ExportFormatType,System.Web.HttpResponse,System.Boolean,System.String)&#39;. [F:\DI\di\Proyecto\PokeDexManager\Help\Working\BuildTopics.proj]
BuildAssembler : warning : ResolveReferenceLinksComponent: [T:PokeDexManager.InfGrafico] Unknown reference link target &#39;T:CrystalDecisions.CrystalReports.Engine.ReportDocument&#39;. [F:\DI\di\Proyecto\PokeDexManager\Help\Working\BuildTopics.proj]
BuildAssembler : warning : ResolveReferenceLinksComponent: [T:PokeDexManager.InfGrafico] Unknown reference link target &#39;M:CrystalDecisions.CrystalReports.Engine.ReportDocument.ExportToHttpResponse(CrystalDecisions.Shared.ExportOptions,System.Web.HttpResponse,System.Boolean,System.String)&#39;. [F:\DI\di\Proyecto\PokeDexManager\Help\Working\BuildTopics.proj]
BuildAssembler : warning : ResolveReferenceLinksComponent: [T:PokeDexManager.InfGrafico] Unknown reference link target &#39;T:CrystalDecisions.CrystalReports.Engine.ReportDocument&#39;. [F:\DI\di\Proyecto\PokeDexManager\Help\Working\BuildTopics.proj]
BuildAssembler : warning : ResolveReferenceLinksComponent: [T:PokeDexManager.InfGrafico] Unknown reference link target &#39;M:CrystalDecisions.CrystalReports.Engine.ReportDocument.ExportToStream(CrystalDecisions.Shared.ExportFormatType)&#39;. [F:\DI\di\Proyecto\PokeDexManager\Help\Working\BuildTopics.proj]
BuildAssembler : warning : ResolveReferenceLinksComponent: [T:PokeDexManager.InfGrafico] Unknown reference link target &#39;T:CrystalDecisions.CrystalReports.Engine.ReportDocument&#39;. [F:\DI\di\Proyecto\PokeDexManager\Help\Working\BuildTopics.proj]
BuildAssembler : warning : ResolveReferenceLinksComponent: [T:PokeDexManager.InfGrafico] Unknown reference link target &#39;M:CrystalDecisions.CrystalReports.Engine.ReportClass.Finalize&#39;. [F:\DI\di\Proyecto\PokeDexManager\Help\Working\BuildTopics.proj]
BuildAssembler : warning : ResolveReferenceLinksComponent: [T:PokeDexManager.InfGrafico] Unknown reference link target &#39;T:CrystalDecisions.CrystalReports.Engine.ReportClass&#39;. [F:\DI\di\Proyecto\PokeDexManager\Help\Working\BuildTopics.proj]
BuildAssembler : warning : ResolveReferenceLinksComponent: [T:PokeDexManager.InfGrafico] Unknown reference link target &#39;M:CrystalDecisions.CrystalReports.Engine.ReportDocument.GetAttributes&#39;. [F:\DI\di\Proyecto\PokeDexManager\Help\Working\BuildTopics.proj]
BuildAssembler : warning : ResolveReferenceLinksComponent: [T:PokeDexManager.InfGrafico] Unknown reference link target &#39;T:CrystalDecisions.CrystalReports.Engine.ReportDocument&#39;. [F:\DI\di\Proyecto\PokeDexManager\Help\Working\BuildTopics.proj]
BuildAssembler : warning : ResolveReferenceLinksComponent: [T:PokeDexManager.InfGrafico] Unknown reference link target &#39;M:CrystalDecisions.CrystalReports.Engine.ReportDocument.GetClassName&#39;. [F:\DI\di\Proyecto\PokeDexManager\Help\Working\BuildTopics.proj]
BuildAssembler : warning : ResolveReferenceLinksComponent: [T:PokeDexManager.InfGrafico] Unknown reference link target &#39;T:CrystalDecisions.CrystalReports.Engine.ReportDocument&#39;. [F:\DI\di\Proyecto\PokeDexManager\Help\Working\BuildTopics.proj]
BuildAssembler : warning : ResolveReferenceLinksComponent: [T:PokeDexManager.InfGrafico] Unknown reference link target &#39;M:CrystalDecisions.CrystalReports.Engine.ReportDocument.GetComponentName&#39;. [F:\DI\di\Proyecto\PokeDexManager\Help\Working\BuildTopics.proj]
BuildAssembler : warning : ResolveReferenceLinksComponent: [T:PokeDexManager.InfGrafico] Unknown reference link target &#39;T:CrystalDecisions.CrystalReports.Engine.ReportDocument&#39;. [F:\DI\di\Proyecto\PokeDexManager\Help\Working\BuildTopics.proj]
BuildAssembler : warning : ResolveReferenceLinksComponent: [T:PokeDexManager.InfGrafico] Unknown reference link target &#39;M:CrystalDecisions.CrystalReports.Engine.ReportDocument.GetConverter&#39;. [F:\DI\di\Proyecto\PokeDexManager\Help\Working\BuildTopics.proj]
BuildAssembler : warning : ResolveReferenceLinksComponent: [T:PokeDexManager.InfGrafico] Unknown reference link target &#39;T:CrystalDecisions.CrystalReports.Engine.ReportDocument&#39;. [F:\DI\di\Proyecto\PokeDexManager\Help\Working\BuildTopics.proj]
BuildAssembler : warning : ResolveReferenceLinksComponent: [T:PokeDexManager.InfGrafico] Unknown reference link target &#39;M:CrystalDecisions.CrystalReports.Engine.ReportDocument.GetDefaultEvent&#39;. [F:\DI\di\Proyecto\PokeDexManager\Help\Working\BuildTopics.proj]
BuildAssembler : warning : ResolveReferenceLinksComponent: [T:PokeDexManager.InfGrafico] Unknown reference link target &#39;T:CrystalDecisions.CrystalReports.Engine.ReportDocument&#39;. [F:\DI\di\Proyecto\PokeDexManager\Help\Working\BuildTopics.proj]
BuildAssembler : warning : ResolveReferenceLinksComponent: [T:PokeDexManager.InfGrafico] Unknown reference link target &#39;M:CrystalDecisions.CrystalReports.Engine.ReportDocument.GetDefaultProperty&#39;. [F:\DI\di\Proyecto\PokeDexManager\Help\Working\BuildTopics.proj]
BuildAssembler : warning : ResolveReferenceLinksComponent: [T:PokeDexManager.InfGrafico] Unknown reference link target &#39;T:CrystalDecisions.CrystalReports.Engine.ReportDocument&#39;. [F:\DI\di\Proyecto\PokeDexManager\Help\Working\BuildTopics.proj]
BuildAssembler : warning : ResolveReferenceLinksComponent: [T:PokeDexManager.InfGrafico] Unknown reference link target &#39;M:CrystalDecisions.CrystalReports.Engine.ReportDocument.GetEditor(System.Type)&#39;. [F:\DI\di\Proyecto\PokeDexManager\Help\Working\BuildTopics.proj]
BuildAssembler : warning : ResolveReferenceLinksComponent: [T:PokeDexManager.InfGrafico] Unknown reference link target &#39;T:CrystalDecisions.CrystalReports.Engine.ReportDocument&#39;. [F:\DI\di\Proyecto\PokeDexManager\Help\Working\BuildTopics.proj]
BuildAssembler : warning : ResolveReferenceLinksComponent: [T:PokeDexManager.InfGrafico] Unknown reference link target &#39;M:CrystalDecisions.CrystalReports.Engine.ReportDocument.GetEvents&#39;. [F:\DI\di\Proyecto\PokeDexManager\Help\Working\BuildTopics.proj]
BuildAssembler : warning : ResolveReferenceLinksComponent: [T:PokeDexManager.InfGrafico] Unknown reference link target &#39;T:CrystalDecisions.CrystalReports.Engine.ReportDocument&#39;. [F:\DI\di\Proyecto\PokeDexManager\Help\Working\BuildTopics.proj]
BuildAssembler : warning : ResolveReferenceLinksComponent: [T:PokeDexManager.InfGrafico] Unknown reference link target &#39;M:CrystalDecisions.CrystalReports.Engine.ReportDocument.GetEvents(System.Attribute[])&#39;. [F:\DI\di\Proyecto\PokeDexManager\Help\Working\BuildTopics.proj]
BuildAssembler : warning : ResolveReferenceLinksComponent: [T:PokeDexManager.InfGrafico] Unknown reference link target &#39;T:CrystalDecisions.CrystalReports.Engine.ReportDocument&#39;. [F:\DI\di\Proyecto\PokeDexManager\Help\Working\BuildTopics.proj]
BuildAssembler : warning : ResolveReferenceLinksComponent: [T:PokeDexManager.InfGrafico] Unknown reference link target &#39;M:CrystalDecisions.CrystalReports.Engine.ReportDocument.GetProperties&#39;. [F:\DI\di\Proyecto\PokeDexManager\Help\Working\BuildTopics.proj]
BuildAssembler : warning : ResolveReferenceLinksComponent: [T:PokeDexManager.InfGrafico] Unknown reference link target &#39;T:CrystalDecisions.CrystalReports.Engine.ReportDocument&#39;. [F:\DI\di\Proyecto\PokeDexManager\Help\Working\BuildTopics.proj]
BuildAssembler : warning : ResolveReferenceLinksComponent: [T:PokeDexManager.InfGrafico] Unknown reference link target &#39;M:CrystalDecisions.CrystalReports.Engine.ReportDocument.GetProperties(System.Attribute[])&#39;. [F:\DI\di\Proyecto\PokeDexManager\Help\Working\BuildTopics.proj]
BuildAssembler : warning : ResolveReferenceLinksComponent: [T:PokeDexManager.InfGrafico] Unknown reference link target &#39;T:CrystalDecisions.CrystalReports.Engine.ReportDocument&#39;. [F:\DI\di\Proyecto\PokeDexManager\Help\Working\BuildTopics.proj]
BuildAssembler : warning : ResolveReferenceLinksComponent: [T:PokeDexManager.InfGrafico] Unknown reference link target &#39;M:CrystalDecisions.CrystalReports.Engine.ReportDocument.GetPropertyOwner(System.ComponentModel.PropertyDescriptor)&#39;. [F:\DI\di\Proyecto\PokeDexManager\Help\Working\BuildTopics.proj]
BuildAssembler : warning : ResolveReferenceLinksComponent: [T:PokeDexManager.InfGrafico] Unknown reference link target &#39;T:CrystalDecisions.CrystalReports.Engine.ReportDocument&#39;. [F:\DI\di\Proyecto\PokeDexManager\Help\Working\BuildTopics.proj]
BuildAssembler : warning : ResolveReferenceLinksComponent: [T:PokeDexManager.InfGrafico] Unknown reference link target &#39;M:CrystalDecisions.CrystalReports.Engine.ReportClass.Load&#39;. [F:\DI\di\Proyecto\PokeDexManager\Help\Working\BuildTopics.proj]
BuildAssembler : warning : ResolveReferenceLinksComponent: [T:PokeDexManager.InfGrafico] Unknown reference link target &#39;T:CrystalDecisions.CrystalReports.Engine.ReportClass&#39;. [F:\DI\di\Proyecto\PokeDexManager\Help\Working\BuildTopics.proj]
BuildAssembler : warning : ResolveReferenceLinksComponent: [T:PokeDexManager.InfGrafico] Unknown reference link target &#39;M:CrystalDecisions.CrystalReports.Engine.ReportDocument.Load(System.String)&#39;. [F:\DI\di\Proyecto\PokeDexManager\Help\Working\BuildTopics.proj]
BuildAssembler : warning : ResolveReferenceLinksComponent: [T:PokeDexManager.InfGrafico] Unknown reference link target &#39;T:CrystalDecisions.CrystalReports.Engine.ReportDocument&#39;. [F:\DI\di\Proyecto\PokeDexManager\Help\Working\BuildTopics.proj]
BuildAssembler : warning : ResolveReferenceLinksComponent: [T:PokeDexManager.InfGrafico] Unknown reference link target &#39;M:CrystalDecisions.CrystalReports.Engine.ReportDocument.Load(System.String,CrystalDecisions.Shared.OpenReportMethod)&#39;. [F:\DI\di\Proyecto\PokeDexManager\Help\Working\BuildTopics.proj]
BuildAssembler : warning : ResolveReferenceLinksComponent: [T:PokeDexManager.InfGrafico] Unknown reference link target &#39;T:CrystalDecisions.CrystalReports.Engine.ReportDocument&#39;. [F:\DI\di\Proyecto\PokeDexManager\Help\Working\BuildTopics.proj]
BuildAssembler : warning : ResolveReferenceLinksComponent: [T:PokeDexManager.InfGrafico] Unknown reference link target &#39;M:CrystalDecisions.CrystalReports.Engine.ReportDocument.Load(System.String,System.String)&#39;. [F:\DI\di\Proyecto\PokeDexManager\Help\Working\BuildTopics.proj]
BuildAssembler : warning : ResolveReferenceLinksComponent: [T:PokeDexManager.InfGrafico] Unknown reference link target &#39;T:CrystalDecisions.CrystalReports.Engine.ReportDocument&#39;. [F:\DI\di\Proyecto\PokeDexManager\Help\Working\BuildTopics.proj]
BuildAssembler : warning : ResolveReferenceLinksComponent: [T:PokeDexManager.InfGrafico] Unknown reference link target &#39;M:CrystalDecisions.CrystalReports.Engine.ReportClass.Load(System.String,CrystalDecisions.Shared.OpenReportMethod,System.Int16)&#39;. [F:\DI\di\Proyecto\PokeDexManager\Help\Working\BuildTopics.proj]
BuildAssembler : warning : ResolveReferenceLinksComponent: [T:PokeDexManager.InfGrafico] Unknown reference link target &#39;T:CrystalDecisions.CrystalReports.Engine.ReportClass&#39;. [F:\DI\di\Proyecto\PokeDexManager\Help\Working\BuildTopics.proj]
BuildAssembler : warning : ResolveReferenceLinksComponent: [T:PokeDexManager.InfGrafico] Unknown reference link target &#39;M:CrystalDecisions.CrystalReports.Engine.ReportDocument.OpenSubreport(System.String)&#39;. [F:\DI\di\Proyecto\PokeDexManager\Help\Working\BuildTopics.proj]
BuildAssembler : warning : ResolveReferenceLinksComponent: [T:PokeDexManager.InfGrafico] Unknown reference link target &#39;T:CrystalDecisions.CrystalReports.Engine.ReportDocument&#39;. [F:\DI\di\Proyecto\PokeDexManager\Help\Working\BuildTopics.proj]
BuildAssembler : warning : ResolveReferenceLinksComponent: [T:PokeDexManager.InfGrafico] Unknown reference link target &#39;M:CrystalDecisions.CrystalReports.Engine.ReportDocument.PrintToPrinter(System.Drawing.Printing.PrinterSettings,System.Drawing.Printing.PageSettings,System.Boolean)&#39;. [F:\DI\di\Proyecto\PokeDexManager\Help\Working\BuildTopics.proj]
BuildAssembler : warning : ResolveReferenceLinksComponent: [T:PokeDexManager.InfGrafico] Unknown reference link target &#39;T:CrystalDecisions.CrystalReports.Engine.ReportDocument&#39;. [F:\DI\di\Proyecto\PokeDexManager\Help\Working\BuildTopics.proj]
BuildAssembler : warning : ResolveReferenceLinksComponent: [T:PokeDexManager.InfGrafico] Unknown reference link target &#39;M:CrystalDecisions.CrystalReports.Engine.ReportDocument.PrintToPrinter(System.Int32,System.Boolean,System.Int32,System.Int32)&#39;. [F:\DI\di\Proyecto\PokeDexManager\Help\Working\BuildTopics.proj]
BuildAssembler : warning : ResolveReferenceLinksComponent: [T:PokeDexManager.InfGrafico] Unknown reference link target &#39;T:CrystalDecisions.CrystalReports.Engine.ReportDocument&#39;. [F:\DI\di\Proyecto\PokeDexManager\Help\Working\BuildTopics.proj]
BuildAssembler : warning : ResolveReferenceLinksComponent: [T:PokeDexManager.InfGrafico] Unknown reference link target &#39;M:CrystalDecisions.CrystalReports.Engine.ReportDocument.PrintToPrinter(System.Drawing.Printing.PrinterSettings,System.Drawing.Printing.PageSettings,System.Boolean,CrystalDecisions.Shared.PrintLayoutSettings)&#39;. [F:\DI\di\Proyecto\PokeDexManager\Help\Working\BuildTopics.proj]
BuildAssembler : warning : ResolveReferenceLinksComponent: [T:PokeDexManager.InfGrafico] Unknown reference link target &#39;T:CrystalDecisions.CrystalReports.Engine.ReportDocument&#39;. [F:\DI\di\Proyecto\PokeDexManager\Help\Working\BuildTopics.proj]
BuildAssembler : warning : ResolveReferenceLinksComponent: [T:PokeDexManager.InfGrafico] Unknown reference link target &#39;M:CrystalDecisions.CrystalReports.Engine.ReportDocument.ReadRecords&#39;. [F:\DI\di\Proyecto\PokeDexManager\Help\Working\BuildTopics.proj]
BuildAssembler : warning : ResolveReferenceLinksComponent: [T:PokeDexManager.InfGrafico] Unknown reference link target &#39;T:CrystalDecisions.CrystalReports.Engine.ReportDocument&#39;. [F:\DI\di\Proyecto\PokeDexManager\Help\Working\BuildTopics.proj]
BuildAssembler : warning : ResolveReferenceLinksComponent: [T:PokeDexManager.InfGrafico] Unknown reference link target &#39;M:CrystalDecisions.CrystalReports.Engine.ReportDocument.Refresh&#39;. [F:\DI\di\Proyecto\PokeDexManager\Help\Working\BuildTopics.proj]
BuildAssembler : warning : ResolveReferenceLinksComponent: [T:PokeDexManager.InfGrafico] Unknown reference link target &#39;T:CrystalDecisions.CrystalReports.Engine.ReportDocument&#39;. [F:\DI\di\Proyecto\PokeDexManager\Help\Working\BuildTopics.proj]
BuildAssembler : warning : ResolveReferenceLinksComponent: [T:PokeDexManager.InfGrafico] Unknown reference link target &#39;M:CrystalDecisions.CrystalReports.Engine.ReportDocument.SaveAs(System.String)&#39;. [F:\DI\di\Proyecto\PokeDexManager\Help\Working\BuildTopics.proj]
BuildAssembler : warning : ResolveReferenceLinksComponent: [T:PokeDexManager.InfGrafico] Unknown reference link target &#39;T:CrystalDecisions.CrystalReports.Engine.ReportDocument&#39;. [F:\DI\di\Proyecto\PokeDexManager\Help\Working\BuildTopics.proj]
BuildAssembler : warning : ResolveReferenceLinksComponent: [T:PokeDexManager.InfGrafico] Unknown reference link target &#39;M:CrystalDecisions.CrystalReports.Engine.ReportDocument.SaveAs(System.String,System.Boolean)&#39;. [F:\DI\di\Proyecto\PokeDexManager\Help\Working\BuildTopics.proj]
BuildAssembler : warning : ResolveReferenceLinksComponent: [T:PokeDexManager.InfGrafico] Unknown reference link target &#39;T:CrystalDecisions.CrystalReports.Engine.ReportDocument&#39;. [F:\DI\di\Proyecto\PokeDexManager\Help\Working\BuildTopics.proj]
BuildAssembler : warning : ResolveReferenceLinksComponent: [T:PokeDexManager.InfGrafico] Unknown reference link target &#39;M:CrystalDecisions.CrystalReports.Engine.ReportDocument.SetCssClass(CrystalDecisions.Shared.ObjectScope,System.String)&#39;. [F:\DI\di\Proyecto\PokeDexManager\Help\Working\BuildTopics.proj]
BuildAssembler : warning : ResolveReferenceLinksComponent: [T:PokeDexManager.InfGrafico] Unknown reference link target &#39;T:CrystalDecisions.CrystalReports.Engine.ReportDocument&#39;. [F:\DI\di\Proyecto\PokeDexManager\Help\Working\BuildTopics.proj]
BuildAssembler : warning : ResolveReferenceLinksComponent: [T:PokeDexManager.InfGrafico] Unknown reference link target &#39;M:CrystalDecisions.CrystalReports.Engine.ReportDocument.SetDatabaseLogon(System.String,System.String)&#39;. [F:\DI\di\Proyecto\PokeDexManager\Help\Working\BuildTopics.proj]
BuildAssembler : warning : ResolveReferenceLinksComponent: [T:PokeDexManager.InfGrafico] Unknown reference link target &#39;T:CrystalDecisions.CrystalReports.Engine.ReportDocument&#39;. [F:\DI\di\Proyecto\PokeDexManager\Help\Working\BuildTopics.proj]
BuildAssembler : warning : ResolveReferenceLinksComponent: [T:PokeDexManager.InfGrafico] Unknown reference link target &#39;M:CrystalDecisions.CrystalReports.Engine.ReportDocument.SetDatabaseLogon(System.String,System.String,System.String,System.String)&#39;. [F:\DI\di\Proyecto\PokeDexManager\Help\Working\BuildTopics.proj]
BuildAssembler : warning : ResolveReferenceLinksComponent: [T:PokeDexManager.InfGrafico] Unknown reference link target &#39;T:CrystalDecisions.CrystalReports.Engine.ReportDocument&#39;. [F:\DI\di\Proyecto\PokeDexManager\Help\Working\BuildTopics.proj]
BuildAssembler : warning : ResolveReferenceLinksComponent: [T:PokeDexManager.InfGrafico] Unknown reference link target &#39;M:CrystalDecisions.CrystalReports.Engine.ReportDocument.SetDatabaseLogon(System.String,System.String,System.String,System.String,System.Boolean)&#39;. [F:\DI\di\Proyecto\PokeDexManager\Help\Working\BuildTopics.proj]
BuildAssembler : warning : ResolveReferenceLinksComponent: [T:PokeDexManager.InfGrafico] Unknown reference link target &#39;T:CrystalDecisions.CrystalReports.Engine.ReportDocument&#39;. [F:\DI\di\Proyecto\PokeDexManager\Help\Working\BuildTopics.proj]
BuildAssembler : warning : ResolveReferenceLinksComponent: [T:PokeDexManager.InfGrafico] Unknown reference link target &#39;M:CrystalDecisions.CrystalReports.Engine.ReportDocument.SetDataSource(System.Data.DataSet)&#39;. [F:\DI\di\Proyecto\PokeDexManager\Help\Working\BuildTopics.proj]
BuildAssembler : warning : ResolveReferenceLinksComponent: [T:PokeDexManager.InfGrafico] Unknown reference link target &#39;T:CrystalDecisions.CrystalReports.Engine.ReportDocument&#39;. [F:\DI\di\Proyecto\PokeDexManager\Help\Working\BuildTopics.proj]
BuildAssembler : warning : ResolveReferenceLinksComponent: [T:PokeDexManager.InfGrafico] Unknown reference link target &#39;M:CrystalDecisions.CrystalReports.Engine.ReportDocument.SetDataSource(System.Data.DataTable)&#39;. [F:\DI\di\Proyecto\PokeDexManager\Help\Working\BuildTopics.proj]
BuildAssembler : warning : ResolveReferenceLinksComponent: [T:PokeDexManager.InfGrafico] Unknown reference link target &#39;T:CrystalDecisions.CrystalReports.Engine.ReportDocument&#39;. [F:\DI\di\Proyecto\PokeDexManager\Help\Working\BuildTopics.proj]
BuildAssembler : warning : ResolveReferenceLinksComponent: [T:PokeDexManager.InfGrafico] Unknown reference link target &#39;M:CrystalDecisions.CrystalReports.Engine.ReportDocument.SetDataSource(System.Data.IDataReader)&#39;. [F:\DI\di\Proyecto\PokeDexManager\Help\Working\BuildTopics.proj]
BuildAssembler : warning : ResolveReferenceLinksComponent: [T:PokeDexManager.InfGrafico] Unknown reference link target &#39;T:CrystalDecisions.CrystalReports.Engine.ReportDocument&#39;. [F:\DI\di\Proyecto\PokeDexManager\Help\Working\BuildTopics.proj]
BuildAssembler : warning : ResolveReferenceLinksComponent: [T:PokeDexManager.InfGrafico] Unknown reference link target &#39;M:CrystalDecisions.CrystalReports.Engine.ReportDocument.SetDataSource(System.Collections.IEnumerable)&#39;. [F:\DI\di\Proyecto\PokeDexManager\Help\Working\BuildTopics.proj]
BuildAssembler : warning : ResolveReferenceLinksComponent: [T:PokeDexManager.InfGrafico] Unknown reference link target &#39;T:CrystalDecisions.CrystalReports.Engine.ReportDocument&#39;. [F:\DI\di\Proyecto\PokeDexManager\Help\Working\BuildTopics.proj]
BuildAssembler : warning : ResolveReferenceLinksComponent: [T:PokeDexManager.InfGrafico] Unknown reference link target &#39;M:CrystalDecisions.CrystalReports.Engine.ReportDocument.SetParameterValue(System.Int32,System.Object)&#39;. [F:\DI\di\Proyecto\PokeDexManager\Help\Working\BuildTopics.proj]
BuildAssembler : warning : ResolveReferenceLinksComponent: [T:PokeDexManager.InfGrafico] Unknown reference link target &#39;T:CrystalDecisions.CrystalReports.Engine.ReportDocument&#39;. [F:\DI\di\Proyecto\PokeDexManager\Help\Working\BuildTopics.proj]
BuildAssembler : warning : ResolveReferenceLinksComponent: [T:PokeDexManager.InfGrafico] Unknown reference link target &#39;M:CrystalDecisions.CrystalReports.Engine.ReportDocument.SetParameterValue(System.String,System.Object)&#39;. [F:\DI\di\Proyecto\PokeDexManager\Help\Working\BuildTopics.proj]
BuildAssembler : warning : ResolveReferenceLinksComponent: [T:PokeDexManager.InfGrafico] Unknown reference link target &#39;T:CrystalDecisions.CrystalReports.Engine.ReportDocument&#39;. [F:\DI\di\Proyecto\PokeDexManager\Help\Working\BuildTopics.proj]
BuildAssembler : warning : ResolveReferenceLinksComponent: [T:PokeDexManager.InfGrafico] Unknown reference link target &#39;M:CrystalDecisions.CrystalReports.Engine.ReportDocument.SetParameterValue(System.String,System.Object,System.String)&#39;. [F:\DI\di\Proyecto\PokeDexManager\Help\Working\BuildTopics.proj]
BuildAssembler : warning : ResolveReferenceLinksComponent: [T:PokeDexManager.InfGrafico] Unknown reference link target &#39;T:CrystalDecisions.CrystalReports.Engine.ReportDocument&#39;. [F:\DI\di\Proyecto\PokeDexManager\Help\Working\BuildTopics.proj]
BuildAssembler : warning : ResolveReferenceLinksComponent: [T:PokeDexManager.InfGrafico] Unknown reference link target &#39;M:CrystalDecisions.CrystalReports.Engine.ReportDocument.SetSQLCommandTable(CrystalDecisions.Shared.ConnectionInfo,System.String,System.String)&#39;. [F:\DI\di\Proyecto\PokeDexManager\Help\Working\BuildTopics.proj]
BuildAssembler : warning : ResolveReferenceLinksComponent: [T:PokeDexManager.InfGrafico] Unknown reference link target &#39;T:CrystalDecisions.CrystalReports.Engine.ReportDocument&#39;. [F:\DI\di\Proyecto\PokeDexManager\Help\Working\BuildTopics.proj]
BuildAssembler : warning : ResolveReferenceLinksComponent: [T:PokeDexManager.InfGrafico] Unknown reference link target &#39;M:CrystalDecisions.CrystalReports.Engine.ReportDocument.VerifyDatabase&#39;. [F:\DI\di\Proyecto\PokeDexManager\Help\Working\BuildTopics.proj]
BuildAssembler : warning : ResolveReferenceLinksComponent: [T:PokeDexManager.InfGrafico] Unknown reference link target &#39;T:CrystalDecisions.CrystalReports.Engine.ReportDocument&#39;. [F:\DI\di\Proyecto\PokeDexManager\Help\Working\BuildTopics.proj]
BuildAssembler : warning : ResolveReferenceLinksComponent: [T:PokeDexManager.InfGrafico] Unknown reference link target &#39;E:CrystalDecisions.CrystalReports.Engine.ReportDocument.AfterFormatPage&#39;. [F:\DI\di\Proyecto\PokeDexManager\Help\Working\BuildTopics.proj]
BuildAssembler : warning : ResolveReferenceLinksComponent: [T:PokeDexManager.InfGrafico] Unknown reference link target &#39;T:CrystalDecisions.CrystalReports.Engine.ReportDocument&#39;. [F:\DI\di\Proyecto\PokeDexManager\Help\Working\BuildTopics.proj]
BuildAssembler : warning : ResolveReferenceLinksComponent: [T:PokeDexManager.InfGrafico] Unknown reference link target &#39;E:CrystalDecisions.CrystalReports.Engine.ReportDocument.BeforeFormatPage&#39;. [F:\DI\di\Proyecto\PokeDexManager\Help\Working\BuildTopics.proj]
BuildAssembler : warning : ResolveReferenceLinksComponent: [T:PokeDexManager.InfGrafico] Unknown reference link target &#39;T:CrystalDecisions.CrystalReports.Engine.ReportDocument&#39;. [F:\DI\di\Proyecto\PokeDexManager\Help\Working\BuildTopics.proj]
BuildAssembler : warning : ResolveReferenceLinksComponent: [T:PokeDexManager.InfGrafico] Unknown reference link target &#39;E:CrystalDecisions.CrystalReports.Engine.ReportDocument.FieldMapping&#39;. [F:\DI\di\Proyecto\PokeDexManager\Help\Working\BuildTopics.proj]
BuildAssembler : warning : ResolveReferenceLinksComponent: [T:PokeDexManager.InfGrafico] Unknown reference link target &#39;T:CrystalDecisions.CrystalReports.Engine.ReportDocument&#39;. [F:\DI\di\Proyecto\PokeDexManager\Help\Working\BuildTopics.proj]
BuildAssembler : warning : ResolveReferenceLinksComponent: [T:PokeDexManager.InfGrafico] Unknown reference link target &#39;E:CrystalDecisions.CrystalReports.Engine.ReportDocument.FormatSection&#39;. [F:\DI\di\Proyecto\PokeDexManager\Help\Working\BuildTopics.proj]
BuildAssembler : warning : ResolveReferenceLinksComponent: [T:PokeDexManager.InfGrafico] Unknown reference link target &#39;T:CrystalDecisions.CrystalReports.Engine.ReportDocument&#39;. [F:\DI\di\Proyecto\PokeDexManager\Help\Working\BuildTopics.proj]
BuildAssembler : warning : ResolveReferenceLinksComponent: [T:PokeDexManager.InfGrafico] Unknown reference link target &#39;E:CrystalDecisions.CrystalReports.Engine.ReportDocument.InitReport&#39;. [F:\DI\di\Proyecto\PokeDexManager\Help\Working\BuildTopics.proj]
BuildAssembler : warning : ResolveReferenceLinksComponent: [T:PokeDexManager.InfGrafico] Unknown reference link target &#39;T:CrystalDecisions.CrystalReports.Engine.ReportDocument&#39;. [F:\DI\di\Proyecto\PokeDexManager\Help\Working\BuildTopics.proj]
BuildAssembler : warning : ResolveReferenceLinksComponent: [T:PokeDexManager.InfGrafico] Unknown reference link target &#39;E:CrystalDecisions.CrystalReports.Engine.ReportDocument.NoData&#39;. [F:\DI\di\Proyecto\PokeDexManager\Help\Working\BuildTopics.proj]
BuildAssembler : warning : ResolveReferenceLinksComponent: [T:PokeDexManager.InfGrafico] Unknown reference link target &#39;T:CrystalDecisions.CrystalReports.Engine.ReportDocument&#39;. [F:\DI\di\Proyecto\PokeDexManager\Help\Working\BuildTopics.proj]
BuildAssembler : warning : ResolveReferenceLinksComponent: [T:PokeDexManager.InfGrafico] Unknown reference link target &#39;E:CrystalDecisions.CrystalReports.Engine.ReportDocument.RefreshReport&#39;. [F:\DI\di\Proyecto\PokeDexManager\Help\Working\BuildTopics.proj]
BuildAssembler : warning : ResolveReferenceLinksComponent: [T:PokeDexManager.InfGrafico] Unknown reference link target &#39;T:CrystalDecisions.CrystalReports.Engine.ReportDocument&#39;. [F:\DI\di\Proyecto\PokeDexManager\Help\Working\BuildTopics.proj]
BuildAssembler : warning : ResolveReferenceLinksComponent: [T:PokeDexManager.InfGrafico] Unknown reference link target &#39;F:CrystalDecisions.CrystalReports.Engine.ReportDocument.m_entRptDoc&#39;. [F:\DI\di\Proyecto\PokeDexManager\Help\Working\BuildTopics.proj]
BuildAssembler : warning : ResolveReferenceLinksComponent: [T:PokeDexManager.InfGrafico] Unknown reference link target &#39;T:CrystalDecisions.CrystalReports.Engine.ReportDocument&#39;. [F:\DI\di\Proyecto\PokeDexManager\Help\Working\BuildTopics.proj]
BuildAssembler : warning : ResolveReferenceLinksComponent: [T:PokeDexManager.InfGrafico] Unknown reference link target &#39;F:CrystalDecisions.CrystalReports.Engine.ReportDocument.m_formatEngine&#39;. [F:\DI\di\Proyecto\PokeDexManager\Help\Working\BuildTopics.proj]
BuildAssembler : warning : ResolveReferenceLinksComponent: [T:PokeDexManager.InfGrafico] Unknown reference link target &#39;T:CrystalDecisions.CrystalReports.Engine.ReportDocument&#39;. [F:\DI\di\Proyecto\PokeDexManager\Help\Working\BuildTopics.proj]
BuildAssembler : warning : ResolveReferenceLinksComponent: [T:PokeDexManager.InfGrafico] Unknown reference link target &#39;F:CrystalDecisions.CrystalReports.Engine.ReportDocument.m_iUseCount&#39;. [F:\DI\di\Proyecto\PokeDexManager\Help\Working\BuildTopics.proj]
BuildAssembler : warning : ResolveReferenceLinksComponent: [T:PokeDexManager.InfGrafico] Unknown reference link target &#39;T:CrystalDecisions.CrystalReports.Engine.ReportDocument&#39;. [F:\DI\di\Proyecto\PokeDexManager\Help\Working\BuildTopics.proj]
BuildAssembler : warning : ResolveReferenceLinksComponent: [T:PokeDexManager.InfGrafico] Unknown reference link target &#39;F:CrystalDecisions.CrystalReports.Engine.ReportClass.m_sTempFilename&#39;. [F:\DI\di\Proyecto\PokeDexManager\Help\Working\BuildTopics.proj]
BuildAssembler : warning : ResolveReferenceLinksComponent: [T:PokeDexManager.InfGrafico] Unknown reference link target &#39;T:CrystalDecisions.CrystalReports.Engine.ReportClass&#39;. [F:\DI\di\Proyecto\PokeDexManager\Help\Working\BuildTopics.proj]
BuildAssembler : warning : ResolveReferenceLinksComponent: [Methods.T:PokeDexManager.InfGrafico] Unknown reference link target &#39;M:CrystalDecisions.CrystalReports.Engine.ReportDocument.CheckLicenseStatus&#39;. [F:\DI\di\Proyecto\PokeDexManager\Help\Working\BuildTopics.proj]
BuildAssembler : warning : ResolveReferenceLinksComponent: [Methods.T:PokeDexManager.InfGrafico] Unknown reference link target &#39;T:CrystalDecisions.CrystalReports.Engine.ReportDocument&#39;. [F:\DI\di\Proyecto\PokeDexManager\Help\Working\BuildTopics.proj]
BuildAssembler : warning : ResolveReferenceLinksComponent: [Methods.T:PokeDexManager.InfGrafico] Unknown reference link target &#39;M:CrystalDecisions.CrystalReports.Engine.ReportDocument.Clone&#39;. [F:\DI\di\Proyecto\PokeDexManager\Help\Working\BuildTopics.proj]
BuildAssembler : warning : ResolveReferenceLinksComponent: [Methods.T:PokeDexManager.InfGrafico] Unknown reference link target &#39;T:CrystalDecisions.CrystalReports.Engine.ReportDocument&#39;. [F:\DI\di\Proyecto\PokeDexManager\Help\Working\BuildTopics.proj]
BuildAssembler : warning : ResolveReferenceLinksComponent: [Methods.T:PokeDexManager.InfGrafico] Unknown reference link target &#39;M:CrystalDecisions.CrystalReports.Engine.ReportDocument.Close&#39;. [F:\DI\di\Proyecto\PokeDexManager\Help\Working\BuildTopics.proj]
BuildAssembler : warning : ResolveReferenceLinksComponent: [Methods.T:PokeDexManager.InfGrafico] Unknown reference link target &#39;T:CrystalDecisions.CrystalReports.Engine.ReportDocument&#39;. [F:\DI\di\Proyecto\PokeDexManager\Help\Working\BuildTopics.proj]
BuildAssembler : warning : ResolveReferenceLinksComponent: [Methods.T:PokeDexManager.InfGrafico] Unknown reference link target &#39;M:CrystalDecisions.CrystalReports.Engine.ReportClass.Dispose(System.Boolean)&#39;. [F:\DI\di\Proyecto\PokeDexManager\Help\Working\BuildTopics.proj]
BuildAssembler : warning : ResolveReferenceLinksComponent: [Methods.T:PokeDexManager.InfGrafico] Unknown reference link target &#39;T:CrystalDecisions.CrystalReports.Engine.ReportClass&#39;. [F:\DI\di\Proyecto\PokeDexManager\Help\Working\BuildTopics.proj]
BuildAssembler : warning : ResolveReferenceLinksComponent: [Methods.T:PokeDexManager.InfGrafico] Unknown reference link target &#39;M:CrystalDecisions.CrystalReports.Engine.ReportDocument.EnableEvent(CrystalDecisions.CrystalReports.Engine.EventEnabledArgs)&#39;. [F:\DI\di\Proyecto\PokeDexManager\Help\Working\BuildTopics.proj]
BuildAssembler : warning : ResolveReferenceLinksComponent: [Methods.T:PokeDexManager.InfGrafico] Unknown reference link target &#39;T:CrystalDecisions.CrystalReports.Engine.ReportDocument&#39;. [F:\DI\di\Proyecto\PokeDexManager\Help\Working\BuildTopics.proj]
BuildAssembler : warning : ResolveReferenceLinksComponent: [Methods.T:PokeDexManager.InfGrafico] Unknown reference link target &#39;M:CrystalDecisions.CrystalReports.Engine.ReportDocument.Export(CrystalDecisions.Shared.ExportOptions)&#39;. [F:\DI\di\Proyecto\PokeDexManager\Help\Working\BuildTopics.proj]
BuildAssembler : warning : ResolveReferenceLinksComponent: [Methods.T:PokeDexManager.InfGrafico] Unknown reference link target &#39;T:CrystalDecisions.CrystalReports.Engine.ReportDocument&#39;. [F:\DI\di\Proyecto\PokeDexManager\Help\Working\BuildTopics.proj]
BuildAssembler : warning : ResolveReferenceLinksComponent: [Methods.T:PokeDexManager.InfGrafico] Unknown reference link target &#39;M:CrystalDecisions.CrystalReports.Engine.ReportDocument.ExportToDisk(CrystalDecisions.Shared.ExportFormatType,System.String)&#39;. [F:\DI\di\Proyecto\PokeDexManager\Help\Working\BuildTopics.proj]
BuildAssembler : warning : ResolveReferenceLinksComponent: [Methods.T:PokeDexManager.InfGrafico] Unknown reference link target &#39;T:CrystalDecisions.CrystalReports.Engine.ReportDocument&#39;. [F:\DI\di\Proyecto\PokeDexManager\Help\Working\BuildTopics.proj]
BuildAssembler : warning : ResolveReferenceLinksComponent: [Methods.T:PokeDexManager.InfGrafico] Unknown reference link target &#39;M:CrystalDecisions.CrystalReports.Engine.ReportDocument.ExportToHttpResponse(CrystalDecisions.Shared.ExportFormatType,System.Web.HttpResponse,System.Boolean,System.String)&#39;. [F:\DI\di\Proyecto\PokeDexManager\Help\Working\BuildTopics.proj]
BuildAssembler : warning : ResolveReferenceLinksComponent: [Methods.T:PokeDexManager.InfGrafico] Unknown reference link target &#39;T:CrystalDecisions.CrystalReports.Engine.ReportDocument&#39;. [F:\DI\di\Proyecto\PokeDexManager\Help\Working\BuildTopics.proj]
BuildAssembler : warning : ResolveReferenceLinksComponent: [Methods.T:PokeDexManager.InfGrafico] Unknown reference link target &#39;M:CrystalDecisions.CrystalReports.Engine.ReportDocument.ExportToHttpResponse(CrystalDecisions.Shared.ExportOptions,System.Web.HttpResponse,System.Boolean,System.String)&#39;. [F:\DI\di\Proyecto\PokeDexManager\Help\Working\BuildTopics.proj]
BuildAssembler : warning : ResolveReferenceLinksComponent: [Methods.T:PokeDexManager.InfGrafico] Unknown reference link target &#39;T:CrystalDecisions.CrystalReports.Engine.ReportDocument&#39;. [F:\DI\di\Proyecto\PokeDexManager\Help\Working\BuildTopics.proj]
BuildAssembler : warning : ResolveReferenceLinksComponent: [Methods.T:PokeDexManager.InfGrafico] Unknown reference link target &#39;M:CrystalDecisions.CrystalReports.Engine.ReportDocument.ExportToStream(CrystalDecisions.Shared.ExportFormatType)&#39;. [F:\DI\di\Proyecto\PokeDexManager\Help\Working\BuildTopics.proj]
BuildAssembler : warning : ResolveReferenceLinksComponent: [Methods.T:PokeDexManager.InfGrafico] Unknown reference link target &#39;T:CrystalDecisions.CrystalReports.Engine.ReportDocument&#39;. [F:\DI\di\Proyecto\PokeDexManager\Help\Working\BuildTopics.proj]
BuildAssembler : warning : ResolveReferenceLinksComponent: [Methods.T:PokeDexManager.InfGrafico] Unknown reference link target &#39;M:CrystalDecisions.CrystalReports.Engine.ReportClass.Finalize&#39;. [F:\DI\di\Proyecto\PokeDexManager\Help\Working\BuildTopics.proj]
BuildAssembler : warning : ResolveReferenceLinksComponent: [Methods.T:PokeDexManager.InfGrafico] Unknown reference link target &#39;T:CrystalDecisions.CrystalReports.Engine.ReportClass&#39;. [F:\DI\di\Proyecto\PokeDexManager\Help\Working\BuildTopics.proj]
BuildAssembler : warning : ResolveReferenceLinksComponent: [Methods.T:PokeDexManager.InfGrafico] Unknown reference link target &#39;M:CrystalDecisions.CrystalReports.Engine.ReportDocument.GetAttributes&#39;. [F:\DI\di\Proyecto\PokeDexManager\Help\Working\BuildTopics.proj]
BuildAssembler : warning : ResolveReferenceLinksComponent: [Methods.T:PokeDexManager.InfGrafico] Unknown reference link target &#39;T:CrystalDecisions.CrystalReports.Engine.ReportDocument&#39;. [F:\DI\di\Proyecto\PokeDexManager\Help\Working\BuildTopics.proj]
BuildAssembler : warning : ResolveReferenceLinksComponent: [Methods.T:PokeDexManager.InfGrafico] Unknown reference link target &#39;M:CrystalDecisions.CrystalReports.Engine.ReportDocument.GetClassName&#39;. [F:\DI\di\Proyecto\PokeDexManager\Help\Working\BuildTopics.proj]
BuildAssembler : warning : ResolveReferenceLinksComponent: [Methods.T:PokeDexManager.InfGrafico] Unknown reference link target &#39;T:CrystalDecisions.CrystalReports.Engine.ReportDocument&#39;. [F:\DI\di\Proyecto\PokeDexManager\Help\Working\BuildTopics.proj]
BuildAssembler : warning : ResolveReferenceLinksComponent: [Methods.T:PokeDexManager.InfGrafico] Unknown reference link target &#39;M:CrystalDecisions.CrystalReports.Engine.ReportDocument.GetComponentName&#39;. [F:\DI\di\Proyecto\PokeDexManager\Help\Working\BuildTopics.proj]
BuildAssembler : warning : ResolveReferenceLinksComponent: [Methods.T:PokeDexManager.InfGrafico] Unknown reference link target &#39;T:CrystalDecisions.CrystalReports.Engine.ReportDocument&#39;. [F:\DI\di\Proyecto\PokeDexManager\Help\Working\BuildTopics.proj]
BuildAssembler : warning : ResolveReferenceLinksComponent: [Methods.T:PokeDexManager.InfGrafico] Unknown reference link target &#39;M:CrystalDecisions.CrystalReports.Engine.ReportDocument.GetConverter&#39;. [F:\DI\di\Proyecto\PokeDexManager\Help\Working\BuildTopics.proj]
BuildAssembler : warning : ResolveReferenceLinksComponent: [Methods.T:PokeDexManager.InfGrafico] Unknown reference link target &#39;T:CrystalDecisions.CrystalReports.Engine.ReportDocument&#39;. [F:\DI\di\Proyecto\PokeDexManager\Help\Working\BuildTopics.proj]
BuildAssembler : warning : ResolveReferenceLinksComponent: [Methods.T:PokeDexManager.InfGrafico] Unknown reference link target &#39;M:CrystalDecisions.CrystalReports.Engine.ReportDocument.GetDefaultEvent&#39;. [F:\DI\di\Proyecto\PokeDexManager\Help\Working\BuildTopics.proj]
BuildAssembler : warning : ResolveReferenceLinksComponent: [Methods.T:PokeDexManager.InfGrafico] Unknown reference link target &#39;T:CrystalDecisions.CrystalReports.Engine.ReportDocument&#39;. [F:\DI\di\Proyecto\PokeDexManager\Help\Working\BuildTopics.proj]
BuildAssembler : warning : ResolveReferenceLinksComponent: [Methods.T:PokeDexManager.InfGrafico] Unknown reference link target &#39;M:CrystalDecisions.CrystalReports.Engine.ReportDocument.GetDefaultProperty&#39;. [F:\DI\di\Proyecto\PokeDexManager\Help\Working\BuildTopics.proj]
BuildAssembler : warning : ResolveReferenceLinksComponent: [Methods.T:PokeDexManager.InfGrafico] Unknown reference link target &#39;T:CrystalDecisions.CrystalReports.Engine.ReportDocument&#39;. [F:\DI\di\Proyecto\PokeDexManager\Help\Working\BuildTopics.proj]
BuildAssembler : warning : ResolveReferenceLinksComponent: [Methods.T:PokeDexManager.InfGrafico] Unknown reference link target &#39;M:CrystalDecisions.CrystalReports.Engine.ReportDocument.GetEditor(System.Type)&#39;. [F:\DI\di\Proyecto\PokeDexManager\Help\Working\BuildTopics.proj]
BuildAssembler : warning : ResolveReferenceLinksComponent: [Methods.T:PokeDexManager.InfGrafico] Unknown reference link target &#39;T:CrystalDecisions.CrystalReports.Engine.ReportDocument&#39;. [F:\DI\di\Proyecto\PokeDexManager\Help\Working\BuildTopics.proj]
BuildAssembler : warning : ResolveReferenceLinksComponent: [Methods.T:PokeDexManager.InfGrafico] Unknown reference link target &#39;M:CrystalDecisions.CrystalReports.Engine.ReportDocument.GetEvents&#39;. [F:\DI\di\Proyecto\PokeDexManager\Help\Working\BuildTopics.proj]
BuildAssembler : warning : ResolveReferenceLinksComponent: [Methods.T:PokeDexManager.InfGrafico] Unknown reference link target &#39;T:CrystalDecisions.CrystalReports.Engine.ReportDocument&#39;. [F:\DI\di\Proyecto\PokeDexManager\Help\Working\BuildTopics.proj]
BuildAssembler : warning : ResolveReferenceLinksComponent: [Methods.T:PokeDexManager.InfGrafico] Unknown reference link target &#39;M:CrystalDecisions.CrystalReports.Engine.ReportDocument.GetEvents(System.Attribute[])&#39;. [F:\DI\di\Proyecto\PokeDexManager\Help\Working\BuildTopics.proj]
BuildAssembler : warning : ResolveReferenceLinksComponent: [Methods.T:PokeDexManager.InfGrafico] Unknown reference link target &#39;T:CrystalDecisions.CrystalReports.Engine.ReportDocument&#39;. [F:\DI\di\Proyecto\PokeDexManager\Help\Working\BuildTopics.proj]
BuildAssembler : warning : ResolveReferenceLinksComponent: [Methods.T:PokeDexManager.InfGrafico] Unknown reference link target &#39;M:CrystalDecisions.CrystalReports.Engine.ReportDocument.GetProperties&#39;. [F:\DI\di\Proyecto\PokeDexManager\Help\Working\BuildTopics.proj]
BuildAssembler : warning : ResolveReferenceLinksComponent: [Methods.T:PokeDexManager.InfGrafico] Unknown reference link target &#39;T:CrystalDecisions.CrystalReports.Engine.ReportDocument&#39;. [F:\DI\di\Proyecto\PokeDexManager\Help\Working\BuildTopics.proj]
BuildAssembler : warning : ResolveReferenceLinksComponent: [Methods.T:PokeDexManager.InfGrafico] Unknown reference link target &#39;M:CrystalDecisions.CrystalReports.Engine.ReportDocument.GetProperties(System.Attribute[])&#39;. [F:\DI\di\Proyecto\PokeDexManager\Help\Working\BuildTopics.proj]
BuildAssembler : warning : ResolveReferenceLinksComponent: [Methods.T:PokeDexManager.InfGrafico] Unknown reference link target &#39;T:CrystalDecisions.CrystalReports.Engine.ReportDocument&#39;. [F:\DI\di\Proyecto\PokeDexManager\Help\Working\BuildTopics.proj]
BuildAssembler : warning : ResolveReferenceLinksComponent: [Methods.T:PokeDexManager.InfGrafico] Unknown reference link target &#39;M:CrystalDecisions.CrystalReports.Engine.ReportDocument.GetPropertyOwner(System.ComponentModel.PropertyDescriptor)&#39;. [F:\DI\di\Proyecto\PokeDexManager\Help\Working\BuildTopics.proj]
BuildAssembler : warning : ResolveReferenceLinksComponent: [Methods.T:PokeDexManager.InfGrafico] Unknown reference link target &#39;T:CrystalDecisions.CrystalReports.Engine.ReportDocument&#39;. [F:\DI\di\Proyecto\PokeDexManager\Help\Working\BuildTopics.proj]
BuildAssembler : warning : ResolveReferenceLinksComponent: [Methods.T:PokeDexManager.InfGrafico] Unknown reference link target &#39;M:CrystalDecisions.CrystalReports.Engine.ReportClass.Load&#39;. [F:\DI\di\Proyecto\PokeDexManager\Help\Working\BuildTopics.proj]
BuildAssembler : warning : ResolveReferenceLinksComponent: [Methods.T:PokeDexManager.InfGrafico] Unknown reference link target &#39;T:CrystalDecisions.CrystalReports.Engine.ReportClass&#39;. [F:\DI\di\Proyecto\PokeDexManager\Help\Working\BuildTopics.proj]
BuildAssembler : warning : ResolveReferenceLinksComponent: [Methods.T:PokeDexManager.InfGrafico] Unknown reference link target &#39;M:CrystalDecisions.CrystalReports.Engine.ReportDocument.Load(System.String)&#39;. [F:\DI\di\Proyecto\PokeDexManager\Help\Working\BuildTopics.proj]
BuildAssembler : warning : ResolveReferenceLinksComponent: [Methods.T:PokeDexManager.InfGrafico] Unknown reference link target &#39;T:CrystalDecisions.CrystalReports.Engine.ReportDocument&#39;. [F:\DI\di\Proyecto\PokeDexManager\Help\Working\BuildTopics.proj]
BuildAssembler : warning : ResolveReferenceLinksComponent: [Methods.T:PokeDexManager.InfGrafico] Unknown reference link target &#39;M:CrystalDecisions.CrystalReports.Engine.ReportDocument.Load(System.String,CrystalDecisions.Shared.OpenReportMethod)&#39;. [F:\DI\di\Proyecto\PokeDexManager\Help\Working\BuildTopics.proj]
BuildAssembler : warning : ResolveReferenceLinksComponent: [Methods.T:PokeDexManager.InfGrafico] Unknown reference link target &#39;T:CrystalDecisions.CrystalReports.Engine.ReportDocument&#39;. [F:\DI\di\Proyecto\PokeDexManager\Help\Working\BuildTopics.proj]
BuildAssembler : warning : ResolveReferenceLinksComponent: [Methods.T:PokeDexManager.InfGrafico] Unknown reference link target &#39;M:CrystalDecisions.CrystalReports.Engine.ReportDocument.Load(System.String,System.String)&#39;. [F:\DI\di\Proyecto\PokeDexManager\Help\Working\BuildTopics.proj]
BuildAssembler : warning : ResolveReferenceLinksComponent: [Methods.T:PokeDexManager.InfGrafico] Unknown reference link target &#39;T:CrystalDecisions.CrystalReports.Engine.ReportDocument&#39;. [F:\DI\di\Proyecto\PokeDexManager\Help\Working\BuildTopics.proj]
BuildAssembler : warning : ResolveReferenceLinksComponent: [Methods.T:PokeDexManager.InfGrafico] Unknown reference link target &#39;M:CrystalDecisions.CrystalReports.Engine.ReportClass.Load(System.String,CrystalDecisions.Shared.OpenReportMethod,System.Int16)&#39;. [F:\DI\di\Proyecto\PokeDexManager\Help\Working\BuildTopics.proj]
BuildAssembler : warning : ResolveReferenceLinksComponent: [Methods.T:PokeDexManager.InfGrafico] Unknown reference link target &#39;T:CrystalDecisions.CrystalReports.Engine.ReportClass&#39;. [F:\DI\di\Proyecto\PokeDexManager\Help\Working\BuildTopics.proj]
BuildAssembler : warning : ResolveReferenceLinksComponent: [Methods.T:PokeDexManager.InfGrafico] Unknown reference link target &#39;M:CrystalDecisions.CrystalReports.Engine.ReportDocument.OpenSubreport(System.String)&#39;. [F:\DI\di\Proyecto\PokeDexManager\Help\Working\BuildTopics.proj]
BuildAssembler : warning : ResolveReferenceLinksComponent: [Methods.T:PokeDexManager.InfGrafico] Unknown reference link target &#39;T:CrystalDecisions.CrystalReports.Engine.ReportDocument&#39;. [F:\DI\di\Proyecto\PokeDexManager\Help\Working\BuildTopics.proj]
BuildAssembler : warning : ResolveReferenceLinksComponent: [Methods.T:PokeDexManager.InfGrafico] Unknown reference link target &#39;M:CrystalDecisions.CrystalReports.Engine.ReportDocument.PrintToPrinter(System.Drawing.Printing.PrinterSettings,System.Drawing.Printing.PageSettings,System.Boolean)&#39;. [F:\DI\di\Proyecto\PokeDexManager\Help\Working\BuildTopics.proj]
BuildAssembler : warning : ResolveReferenceLinksComponent: [Methods.T:PokeDexManager.InfGrafico] Unknown reference link target &#39;T:CrystalDecisions.CrystalReports.Engine.ReportDocument&#39;. [F:\DI\di\Proyecto\PokeDexManager\Help\Working\BuildTopics.proj]
BuildAssembler : warning : ResolveReferenceLinksComponent: [Methods.T:PokeDexManager.InfGrafico] Unknown reference link target &#39;M:CrystalDecisions.CrystalReports.Engine.ReportDocument.PrintToPrinter(System.Int32,System.Boolean,System.Int32,System.Int32)&#39;. [F:\DI\di\Proyecto\PokeDexManager\Help\Working\BuildTopics.proj]
BuildAssembler : warning : ResolveReferenceLinksComponent: [Methods.T:PokeDexManager.InfGrafico] Unknown reference link target &#39;T:CrystalDecisions.CrystalReports.Engine.ReportDocument&#39;. [F:\DI\di\Proyecto\PokeDexManager\Help\Working\BuildTopics.proj]
BuildAssembler : warning : ResolveReferenceLinksComponent: [Methods.T:PokeDexManager.InfGrafico] Unknown reference link target &#39;M:CrystalDecisions.CrystalReports.Engine.ReportDocument.PrintToPrinter(System.Drawing.Printing.PrinterSettings,System.Drawing.Printing.PageSettings,System.Boolean,CrystalDecisions.Shared.PrintLayoutSettings)&#39;. [F:\DI\di\Proyecto\PokeDexManager\Help\Working\BuildTopics.proj]
BuildAssembler : warning : ResolveReferenceLinksComponent: [Methods.T:PokeDexManager.InfGrafico] Unknown reference link target &#39;T:CrystalDecisions.CrystalReports.Engine.ReportDocument&#39;. [F:\DI\di\Proyecto\PokeDexManager\Help\Working\BuildTopics.proj]
BuildAssembler : warning : ResolveReferenceLinksComponent: [Methods.T:PokeDexManager.InfGrafico] Unknown reference link target &#39;M:CrystalDecisions.CrystalReports.Engine.ReportDocument.ReadRecords&#39;. [F:\DI\di\Proyecto\PokeDexManager\Help\Working\BuildTopics.proj]
BuildAssembler : warning : ResolveReferenceLinksComponent: [Methods.T:PokeDexManager.InfGrafico] Unknown reference link target &#39;T:CrystalDecisions.CrystalReports.Engine.ReportDocument&#39;. [F:\DI\di\Proyecto\PokeDexManager\Help\Working\BuildTopics.proj]
BuildAssembler : warning : ResolveReferenceLinksComponent: [Methods.T:PokeDexManager.InfGrafico] Unknown reference link target &#39;M:CrystalDecisions.CrystalReports.Engine.ReportDocument.Refresh&#39;. [F:\DI\di\Proyecto\PokeDexManager\Help\Working\BuildTopics.proj]
BuildAssembler : warning : ResolveReferenceLinksComponent: [Methods.T:PokeDexManager.InfGrafico] Unknown reference link target &#39;T:CrystalDecisions.CrystalReports.Engine.ReportDocument&#39;. [F:\DI\di\Proyecto\PokeDexManager\Help\Working\BuildTopics.proj]
BuildAssembler : warning : ResolveReferenceLinksComponent: [Methods.T:PokeDexManager.InfGrafico] Unknown reference link target &#39;M:CrystalDecisions.CrystalReports.Engine.ReportDocument.SaveAs(System.String)&#39;. [F:\DI\di\Proyecto\PokeDexManager\Help\Working\BuildTopics.proj]
BuildAssembler : warning : ResolveReferenceLinksComponent: [Methods.T:PokeDexManager.InfGrafico] Unknown reference link target &#39;T:CrystalDecisions.CrystalReports.Engine.ReportDocument&#39;. [F:\DI\di\Proyecto\PokeDexManager\Help\Working\BuildTopics.proj]
BuildAssembler : warning : ResolveReferenceLinksComponent: [Methods.T:PokeDexManager.InfGrafico] Unknown reference link target &#39;M:CrystalDecisions.CrystalReports.Engine.ReportDocument.SaveAs(System.String,System.Boolean)&#39;. [F:\DI\di\Proyecto\PokeDexManager\Help\Working\BuildTopics.proj]
BuildAssembler : warning : ResolveReferenceLinksComponent: [Methods.T:PokeDexManager.InfGrafico] Unknown reference link target &#39;T:CrystalDecisions.CrystalReports.Engine.ReportDocument&#39;. [F:\DI\di\Proyecto\PokeDexManager\Help\Working\BuildTopics.proj]
BuildAssembler : warning : ResolveReferenceLinksComponent: [Methods.T:PokeDexManager.InfGrafico] Unknown reference link target &#39;M:CrystalDecisions.CrystalReports.Engine.ReportDocument.SetCssClass(CrystalDecisions.Shared.ObjectScope,System.String)&#39;. [F:\DI\di\Proyecto\PokeDexManager\Help\Working\BuildTopics.proj]
BuildAssembler : warning : ResolveReferenceLinksComponent: [Methods.T:PokeDexManager.InfGrafico] Unknown reference link target &#39;T:CrystalDecisions.CrystalReports.Engine.ReportDocument&#39;. [F:\DI\di\Proyecto\PokeDexManager\Help\Working\BuildTopics.proj]
BuildAssembler : warning : ResolveReferenceLinksComponent: [Methods.T:PokeDexManager.InfGrafico] Unknown reference link target &#39;M:CrystalDecisions.CrystalReports.Engine.ReportDocument.SetDatabaseLogon(System.String,System.String)&#39;. [F:\DI\di\Proyecto\PokeDexManager\Help\Working\BuildTopics.proj]
BuildAssembler : warning : ResolveReferenceLinksComponent: [Methods.T:PokeDexManager.InfGrafico] Unknown reference link target &#39;T:CrystalDecisions.CrystalReports.Engine.ReportDocument&#39;. [F:\DI\di\Proyecto\PokeDexManager\Help\Working\BuildTopics.proj]
BuildAssembler : warning : ResolveReferenceLinksComponent: [Methods.T:PokeDexManager.InfGrafico] Unknown reference link target &#39;M:CrystalDecisions.CrystalReports.Engine.ReportDocument.SetDatabaseLogon(System.String,System.String,System.String,System.String)&#39;. [F:\DI\di\Proyecto\PokeDexManager\Help\Working\BuildTopics.proj]
BuildAssembler : warning : ResolveReferenceLinksComponent: [Methods.T:PokeDexManager.InfGrafico] Unknown reference link target &#39;T:CrystalDecisions.CrystalReports.Engine.ReportDocument&#39;. [F:\DI\di\Proyecto\PokeDexManager\Help\Working\BuildTopics.proj]
BuildAssembler : warning : ResolveReferenceLinksComponent: [Methods.T:PokeDexManager.InfGrafico] Unknown reference link target &#39;M:CrystalDecisions.CrystalReports.Engine.ReportDocument.SetDatabaseLogon(System.String,System.String,System.String,System.String,System.Boolean)&#39;. [F:\DI\di\Proyecto\PokeDexManager\Help\Working\BuildTopics.proj]
BuildAssembler : warning : ResolveReferenceLinksComponent: [Methods.T:PokeDexManager.InfGrafico] Unknown reference link target &#39;T:CrystalDecisions.CrystalReports.Engine.ReportDocument&#39;. [F:\DI\di\Proyecto\PokeDexManager\Help\Working\BuildTopics.proj]
BuildAssembler : warning : ResolveReferenceLinksComponent: [Methods.T:PokeDexManager.InfGrafico] Unknown reference link target &#39;M:CrystalDecisions.CrystalReports.Engine.ReportDocument.SetDataSource(System.Data.DataSet)&#39;. [F:\DI\di\Proyecto\PokeDexManager\Help\Working\BuildTopics.proj]
BuildAssembler : warning : ResolveReferenceLinksComponent: [Methods.T:PokeDexManager.InfGrafico] Unknown reference link target &#39;T:CrystalDecisions.CrystalReports.Engine.ReportDocument&#39;. [F:\DI\di\Proyecto\PokeDexManager\Help\Working\BuildTopics.proj]
BuildAssembler : warning : ResolveReferenceLinksComponent: [Methods.T:PokeDexManager.InfGrafico] Unknown reference link target &#39;M:CrystalDecisions.CrystalReports.Engine.ReportDocument.SetDataSource(System.Data.DataTable)&#39;. [F:\DI\di\Proyecto\PokeDexManager\Help\Working\BuildTopics.proj]
BuildAssembler : warning : ResolveReferenceLinksComponent: [Methods.T:PokeDexManager.InfGrafico] Unknown reference link target &#39;T:CrystalDecisions.CrystalReports.Engine.ReportDocument&#39;. [F:\DI\di\Proyecto\PokeDexManager\Help\Working\BuildTopics.proj]
BuildAssembler : warning : ResolveReferenceLinksComponent: [Methods.T:PokeDexManager.InfGrafico] Unknown reference link target &#39;M:CrystalDecisions.CrystalReports.Engine.ReportDocument.SetDataSource(System.Data.IDataReader)&#39;. [F:\DI\di\Proyecto\PokeDexManager\Help\Working\BuildTopics.proj]
BuildAssembler : warning : ResolveReferenceLinksComponent: [Methods.T:PokeDexManager.InfGrafico] Unknown reference link target &#39;T:CrystalDecisions.CrystalReports.Engine.ReportDocument&#39;. [F:\DI\di\Proyecto\PokeDexManager\Help\Working\BuildTopics.proj]
BuildAssembler : warning : ResolveReferenceLinksComponent: [Methods.T:PokeDexManager.InfGrafico] Unknown reference link target &#39;M:CrystalDecisions.CrystalReports.Engine.ReportDocument.SetDataSource(System.Collections.IEnumerable)&#39;. [F:\DI\di\Proyecto\PokeDexManager\Help\Working\BuildTopics.proj]
BuildAssembler : warning : ResolveReferenceLinksComponent: [Methods.T:PokeDexManager.InfGrafico] Unknown reference link target &#39;T:CrystalDecisions.CrystalReports.Engine.ReportDocument&#39;. [F:\DI\di\Proyecto\PokeDexManager\Help\Working\BuildTopics.proj]
BuildAssembler : warning : ResolveReferenceLinksComponent: [Methods.T:PokeDexManager.InfGrafico] Unknown reference link target &#39;M:CrystalDecisions.CrystalReports.Engine.ReportDocument.SetParameterValue(System.Int32,System.Object)&#39;. [F:\DI\di\Proyecto\PokeDexManager\Help\Working\BuildTopics.proj]
BuildAssembler : warning : ResolveReferenceLinksComponent: [Methods.T:PokeDexManager.InfGrafico] Unknown reference link target &#39;T:CrystalDecisions.CrystalReports.Engine.ReportDocument&#39;. [F:\DI\di\Proyecto\PokeDexManager\Help\Working\BuildTopics.proj]
BuildAssembler : warning : ResolveReferenceLinksComponent: [Methods.T:PokeDexManager.InfGrafico] Unknown reference link target &#39;M:CrystalDecisions.CrystalReports.Engine.ReportDocument.SetParameterValue(System.String,System.Object)&#39;. [F:\DI\di\Proyecto\PokeDexManager\Help\Working\BuildTopics.proj]
BuildAssembler : warning : ResolveReferenceLinksComponent: [Methods.T:PokeDexManager.InfGrafico] Unknown reference link target &#39;T:CrystalDecisions.CrystalReports.Engine.ReportDocument&#39;. [F:\DI\di\Proyecto\PokeDexManager\Help\Working\BuildTopics.proj]
BuildAssembler : warning : ResolveReferenceLinksComponent: [Methods.T:PokeDexManager.InfGrafico] Unknown reference link target &#39;M:CrystalDecisions.CrystalReports.Engine.ReportDocument.SetParameterValue(System.String,System.Object,System.String)&#39;. [F:\DI\di\Proyecto\PokeDexManager\Help\Working\BuildTopics.proj]
BuildAssembler : warning : ResolveReferenceLinksComponent: [Methods.T:PokeDexManager.InfGrafico] Unknown reference link target &#39;T:CrystalDecisions.CrystalReports.Engine.ReportDocument&#39;. [F:\DI\di\Proyecto\PokeDexManager\Help\Working\BuildTopics.proj]
BuildAssembler : warning : ResolveReferenceLinksComponent: [Methods.T:PokeDexManager.InfGrafico] Unknown reference link target &#39;M:CrystalDecisions.CrystalReports.Engine.ReportDocument.SetSQLCommandTable(CrystalDecisions.Shared.ConnectionInfo,System.String,System.String)&#39;. [F:\DI\di\Proyecto\PokeDexManager\Help\Working\BuildTopics.proj]
BuildAssembler : warning : ResolveReferenceLinksComponent: [Methods.T:PokeDexManager.InfGrafico] Unknown reference link target &#39;T:CrystalDecisions.CrystalReports.Engine.ReportDocument&#39;. [F:\DI\di\Proyecto\PokeDexManager\Help\Working\BuildTopics.proj]
BuildAssembler : warning : ResolveReferenceLinksComponent: [Methods.T:PokeDexManager.InfGrafico] Unknown reference link target &#39;M:CrystalDecisions.CrystalReports.Engine.ReportDocument.VerifyDatabase&#39;. [F:\DI\di\Proyecto\PokeDexManager\Help\Working\BuildTopics.proj]
BuildAssembler : warning : ResolveReferenceLinksComponent: [Methods.T:PokeDexManager.InfGrafico] Unknown reference link target &#39;T:CrystalDecisions.CrystalReports.Engine.ReportDocument&#39;. [F:\DI\di\Proyecto\PokeDexManager\Help\Working\BuildTopics.proj]
BuildAssembler : warning : ResolveReferenceLinksComponent: [Properties.T:PokeDexManager.InfGrafico] Unknown reference link target &#39;P:CrystalDecisions.CrystalReports.Engine.ReportDocument.Database&#39;. [F:\DI\di\Proyecto\PokeDexManager\Help\Working\BuildTopics.proj]
BuildAssembler : warning : ResolveReferenceLinksComponent: [Properties.T:PokeDexManager.InfGrafico] Unknown reference link target &#39;T:CrystalDecisions.CrystalReports.Engine.ReportDocument&#39;. [F:\DI\di\Proyecto\PokeDexManager\Help\Working\BuildTopics.proj]
BuildAssembler : warning : ResolveReferenceLinksComponent: [Properties.T:PokeDexManager.InfGrafico] Unknown reference link target &#39;P:CrystalDecisions.CrystalReports.Engine.ReportDocument.DataDefinition&#39;. [F:\DI\di\Proyecto\PokeDexManager\Help\Working\BuildTopics.proj]
BuildAssembler : warning : ResolveReferenceLinksComponent: [Properties.T:PokeDexManager.InfGrafico] Unknown reference link target &#39;T:CrystalDecisions.CrystalReports.Engine.ReportDocument&#39;. [F:\DI\di\Proyecto\PokeDexManager\Help\Working\BuildTopics.proj]
BuildAssembler : warning : ResolveReferenceLinksComponent: [Properties.T:PokeDexManager.InfGrafico] Unknown reference link target &#39;P:CrystalDecisions.CrystalReports.Engine.ReportDocument.DataSourceConnections&#39;. [F:\DI\di\Proyecto\PokeDexManager\Help\Working\BuildTopics.proj]
BuildAssembler : warning : ResolveReferenceLinksComponent: [Properties.T:PokeDexManager.InfGrafico] Unknown reference link target &#39;T:CrystalDecisions.CrystalReports.Engine.ReportDocument&#39;. [F:\DI\di\Proyecto\PokeDexManager\Help\Working\BuildTopics.proj]
BuildAssembler : warning : ResolveReferenceLinksComponent: [Properties.T:PokeDexManager.InfGrafico] Unknown reference link target &#39;P:CrystalDecisions.CrystalReports.Engine.ReportDocument.DefaultXmlExportSelection&#39;. [F:\DI\di\Proyecto\PokeDexManager\Help\Working\BuildTopics.proj]
BuildAssembler : warning : ResolveReferenceLinksComponent: [Properties.T:PokeDexManager.InfGrafico] Unknown reference link target &#39;T:CrystalDecisions.CrystalReports.Engine.ReportDocument&#39;. [F:\DI\di\Proyecto\PokeDexManager\Help\Working\BuildTopics.proj]
BuildAssembler : warning : ResolveReferenceLinksComponent: [Properties.T:PokeDexManager.InfGrafico] Unknown reference link target &#39;P:CrystalDecisions.CrystalReports.Engine.ReportDocument.FileName&#39;. [F:\DI\di\Proyecto\PokeDexManager\Help\Working\BuildTopics.proj]
BuildAssembler : warning : ResolveReferenceLinksComponent: [Properties.T:PokeDexManager.InfGrafico] Unknown reference link target &#39;T:CrystalDecisions.CrystalReports.Engine.ReportDocument&#39;. [F:\DI\di\Proyecto\PokeDexManager\Help\Working\BuildTopics.proj]
BuildAssembler : warning : ResolveReferenceLinksComponent: [Properties.T:PokeDexManager.InfGrafico] Unknown reference link target &#39;P:CrystalDecisions.CrystalReports.Engine.ReportClass.FullResourceName&#39;. [F:\DI\di\Proyecto\PokeDexManager\Help\Working\BuildTopics.proj]
BuildAssembler : warning : ResolveReferenceLinksComponent: [Properties.T:PokeDexManager.InfGrafico] Unknown reference link target &#39;P:CrystalDecisions.CrystalReports.Engine.ReportDocument.HasRecords&#39;. [F:\DI\di\Proyecto\PokeDexManager\Help\Working\BuildTopics.proj]
BuildAssembler : warning : ResolveReferenceLinksComponent: [Properties.T:PokeDexManager.InfGrafico] Unknown reference link target &#39;T:CrystalDecisions.CrystalReports.Engine.ReportDocument&#39;. [F:\DI\di\Proyecto\PokeDexManager\Help\Working\BuildTopics.proj]
BuildAssembler : warning : ResolveReferenceLinksComponent: [Properties.T:PokeDexManager.InfGrafico] Unknown reference link target &#39;P:CrystalDecisions.CrystalReports.Engine.ReportDocument.HasSavedData&#39;. [F:\DI\di\Proyecto\PokeDexManager\Help\Working\BuildTopics.proj]
BuildAssembler : warning : ResolveReferenceLinksComponent: [Properties.T:PokeDexManager.InfGrafico] Unknown reference link target &#39;T:CrystalDecisions.CrystalReports.Engine.ReportDocument&#39;. [F:\DI\di\Proyecto\PokeDexManager\Help\Working\BuildTopics.proj]
BuildAssembler : warning : ResolveReferenceLinksComponent: [Properties.T:PokeDexManager.InfGrafico] Unknown reference link target &#39;P:CrystalDecisions.CrystalReports.Engine.ReportDocument.HistoryInfos&#39;. [F:\DI\di\Proyecto\PokeDexManager\Help\Working\BuildTopics.proj]
BuildAssembler : warning : ResolveReferenceLinksComponent: [Properties.T:PokeDexManager.InfGrafico] Unknown reference link target &#39;T:CrystalDecisions.CrystalReports.Engine.ReportDocument&#39;. [F:\DI\di\Proyecto\PokeDexManager\Help\Working\BuildTopics.proj]
BuildAssembler : warning : ResolveReferenceLinksComponent: [Properties.T:PokeDexManager.InfGrafico] Unknown reference link target &#39;P:CrystalDecisions.CrystalReports.Engine.ReportDocument.IsLoaded&#39;. [F:\DI\di\Proyecto\PokeDexManager\Help\Working\BuildTopics.proj]
BuildAssembler : warning : ResolveReferenceLinksComponent: [Properties.T:PokeDexManager.InfGrafico] Unknown reference link target &#39;T:CrystalDecisions.CrystalReports.Engine.ReportDocument&#39;. [F:\DI\di\Proyecto\PokeDexManager\Help\Working\BuildTopics.proj]
BuildAssembler : warning : ResolveReferenceLinksComponent: [Properties.T:PokeDexManager.InfGrafico] Unknown reference link target &#39;P:CrystalDecisions.CrystalReports.Engine.ReportDocument.IsRPTR&#39;. [F:\DI\di\Proyecto\PokeDexManager\Help\Working\BuildTopics.proj]
BuildAssembler : warning : ResolveReferenceLinksComponent: [Properties.T:PokeDexManager.InfGrafico] Unknown reference link target &#39;T:CrystalDecisions.CrystalReports.Engine.ReportDocument&#39;. [F:\DI\di\Proyecto\PokeDexManager\Help\Working\BuildTopics.proj]
BuildAssembler : warning : ResolveReferenceLinksComponent: [Properties.T:PokeDexManager.InfGrafico] Unknown reference link target &#39;P:CrystalDecisions.CrystalReports.Engine.ReportDocument.IsSubreport&#39;. [F:\DI\di\Proyecto\PokeDexManager\Help\Working\BuildTopics.proj]
BuildAssembler : warning : ResolveReferenceLinksComponent: [Properties.T:PokeDexManager.InfGrafico] Unknown reference link target &#39;T:CrystalDecisions.CrystalReports.Engine.ReportDocument&#39;. [F:\DI\di\Proyecto\PokeDexManager\Help\Working\BuildTopics.proj]
BuildAssembler : warning : ResolveReferenceLinksComponent: [Properties.T:PokeDexManager.InfGrafico] Unknown reference link target &#39;P:CrystalDecisions.CrystalReports.Engine.ReportDocument.Name&#39;. [F:\DI\di\Proyecto\PokeDexManager\Help\Working\BuildTopics.proj]
BuildAssembler : warning : ResolveReferenceLinksComponent: [Properties.T:PokeDexManager.InfGrafico] Unknown reference link target &#39;T:CrystalDecisions.CrystalReports.Engine.ReportDocument&#39;. [F:\DI\di\Proyecto\PokeDexManager\Help\Working\BuildTopics.proj]
BuildAssembler : warning : ResolveReferenceLinksComponent: [Properties.T:PokeDexManager.InfGrafico] Unknown reference link target &#39;P:CrystalDecisions.CrystalReports.Engine.ReportClass.NewGenerator&#39;. [F:\DI\di\Proyecto\PokeDexManager\Help\Working\BuildTopics.proj]
BuildAssembler : warning : ResolveReferenceLinksComponent: [Properties.T:PokeDexManager.InfGrafico] Unknown reference link target &#39;P:CrystalDecisions.CrystalReports.Engine.ReportDocument.ParameterFields&#39;. [F:\DI\di\Proyecto\PokeDexManager\Help\Working\BuildTopics.proj]
BuildAssembler : warning : ResolveReferenceLinksComponent: [Properties.T:PokeDexManager.InfGrafico] Unknown reference link target &#39;T:CrystalDecisions.CrystalReports.Engine.ReportDocument&#39;. [F:\DI\di\Proyecto\PokeDexManager\Help\Working\BuildTopics.proj]
BuildAssembler : warning : ResolveReferenceLinksComponent: [Properties.T:PokeDexManager.InfGrafico] Unknown reference link target &#39;P:CrystalDecisions.CrystalReports.Engine.ReportDocument.PrintOptions&#39;. [F:\DI\di\Proyecto\PokeDexManager\Help\Working\BuildTopics.proj]
BuildAssembler : warning : ResolveReferenceLinksComponent: [Properties.T:PokeDexManager.InfGrafico] Unknown reference link target &#39;T:CrystalDecisions.CrystalReports.Engine.ReportDocument&#39;. [F:\DI\di\Proyecto\PokeDexManager\Help\Working\BuildTopics.proj]
BuildAssembler : warning : ResolveReferenceLinksComponent: [Properties.T:PokeDexManager.InfGrafico] Unknown reference link target &#39;P:CrystalDecisions.CrystalReports.Engine.ReportDocument.RecordSelectionFormula&#39;. [F:\DI\di\Proyecto\PokeDexManager\Help\Working\BuildTopics.proj]
BuildAssembler : warning : ResolveReferenceLinksComponent: [Properties.T:PokeDexManager.InfGrafico] Unknown reference link target &#39;T:CrystalDecisions.CrystalReports.Engine.ReportDocument&#39;. [F:\DI\di\Proyecto\PokeDexManager\Help\Working\BuildTopics.proj]
BuildAssembler : warning : ResolveReferenceLinksComponent: [Properties.T:PokeDexManager.InfGrafico] Unknown reference link target &#39;P:CrystalDecisions.CrystalReports.Engine.ReportDocument.ReportAppServer&#39;. [F:\DI\di\Proyecto\PokeDexManager\Help\Working\BuildTopics.proj]
BuildAssembler : warning : ResolveReferenceLinksComponent: [Properties.T:PokeDexManager.InfGrafico] Unknown reference link target &#39;T:CrystalDecisions.CrystalReports.Engine.ReportDocument&#39;. [F:\DI\di\Proyecto\PokeDexManager\Help\Working\BuildTopics.proj]
BuildAssembler : warning : ResolveReferenceLinksComponent: [Properties.T:PokeDexManager.InfGrafico] Unknown reference link target &#39;P:CrystalDecisions.CrystalReports.Engine.ReportDocument.ReportClientDocument&#39;. [F:\DI\di\Proyecto\PokeDexManager\Help\Working\BuildTopics.proj]
BuildAssembler : warning : ResolveReferenceLinksComponent: [Properties.T:PokeDexManager.InfGrafico] Unknown reference link target &#39;T:CrystalDecisions.CrystalReports.Engine.ReportDocument&#39;. [F:\DI\di\Proyecto\PokeDexManager\Help\Working\BuildTopics.proj]
BuildAssembler : warning : ResolveReferenceLinksComponent: [Properties.T:PokeDexManager.InfGrafico] Unknown reference link target &#39;P:CrystalDecisions.CrystalReports.Engine.ReportDocument.ReportDefinition&#39;. [F:\DI\di\Proyecto\PokeDexManager\Help\Working\BuildTopics.proj]
BuildAssembler : warning : ResolveReferenceLinksComponent: [Properties.T:PokeDexManager.InfGrafico] Unknown reference link target &#39;T:CrystalDecisions.CrystalReports.Engine.ReportDocument&#39;. [F:\DI\di\Proyecto\PokeDexManager\Help\Working\BuildTopics.proj]
BuildAssembler : warning : ResolveReferenceLinksComponent: [Properties.T:PokeDexManager.InfGrafico] Unknown reference link target &#39;P:CrystalDecisions.CrystalReports.Engine.ReportDocument.ReportOptions&#39;. [F:\DI\di\Proyecto\PokeDexManager\Help\Working\BuildTopics.proj]
BuildAssembler : warning : ResolveReferenceLinksComponent: [Properties.T:PokeDexManager.InfGrafico] Unknown reference link target &#39;T:CrystalDecisions.CrystalReports.Engine.ReportDocument&#39;. [F:\DI\di\Proyecto\PokeDexManager\Help\Working\BuildTopics.proj]
BuildAssembler : warning : ResolveReferenceLinksComponent: [Properties.T:PokeDexManager.InfGrafico] Unknown reference link target &#39;P:CrystalDecisions.CrystalReports.Engine.ReportDocument.ReportRequestStatus&#39;. [F:\DI\di\Proyecto\PokeDexManager\Help\Working\BuildTopics.proj]
BuildAssembler : warning : ResolveReferenceLinksComponent: [Properties.T:PokeDexManager.InfGrafico] Unknown reference link target &#39;T:CrystalDecisions.CrystalReports.Engine.ReportDocument&#39;. [F:\DI\di\Proyecto\PokeDexManager\Help\Working\BuildTopics.proj]
BuildAssembler : warning : ResolveReferenceLinksComponent: [Properties.T:PokeDexManager.InfGrafico] Unknown reference link target &#39;P:CrystalDecisions.CrystalReports.Engine.ReportClass.ResourceName&#39;. [F:\DI\di\Proyecto\PokeDexManager\Help\Working\BuildTopics.proj]
BuildAssembler : warning : ResolveReferenceLinksComponent: [Properties.T:PokeDexManager.InfGrafico] Unknown reference link target &#39;P:CrystalDecisions.CrystalReports.Engine.ReportDocument.Rows&#39;. [F:\DI\di\Proyecto\PokeDexManager\Help\Working\BuildTopics.proj]
BuildAssembler : warning : ResolveReferenceLinksComponent: [Properties.T:PokeDexManager.InfGrafico] Unknown reference link target &#39;T:CrystalDecisions.CrystalReports.Engine.ReportDocument&#39;. [F:\DI\di\Proyecto\PokeDexManager\Help\Working\BuildTopics.proj]
BuildAssembler : warning : ResolveReferenceLinksComponent: [Properties.T:PokeDexManager.InfGrafico] Unknown reference link target &#39;P:CrystalDecisions.CrystalReports.Engine.ReportDocument.SavedXmlExportFormats&#39;. [F:\DI\di\Proyecto\PokeDexManager\Help\Working\BuildTopics.proj]
BuildAssembler : warning : ResolveReferenceLinksComponent: [Properties.T:PokeDexManager.InfGrafico] Unknown reference link target &#39;T:CrystalDecisions.CrystalReports.Engine.ReportDocument&#39;. [F:\DI\di\Proyecto\PokeDexManager\Help\Working\BuildTopics.proj]
BuildAssembler : warning : ResolveReferenceLinksComponent: [Properties.T:PokeDexManager.InfGrafico] Unknown reference link target &#39;P:CrystalDecisions.CrystalReports.Engine.ReportDocument.Subreports&#39;. [F:\DI\di\Proyecto\PokeDexManager\Help\Working\BuildTopics.proj]
BuildAssembler : warning : ResolveReferenceLinksComponent: [Properties.T:PokeDexManager.InfGrafico] Unknown reference link target &#39;T:CrystalDecisions.CrystalReports.Engine.ReportDocument&#39;. [F:\DI\di\Proyecto\PokeDexManager\Help\Working\BuildTopics.proj]
BuildAssembler : warning : ResolveReferenceLinksComponent: [Properties.T:PokeDexManager.InfGrafico] Unknown reference link target &#39;P:CrystalDecisions.CrystalReports.Engine.ReportDocument.SummaryInfo&#39;. [F:\DI\di\Proyecto\PokeDexManager\Help\Working\BuildTopics.proj]
BuildAssembler : warning : ResolveReferenceLinksComponent: [Properties.T:PokeDexManager.InfGrafico] Unknown reference link target &#39;T:CrystalDecisions.CrystalReports.Engine.ReportDocument&#39;. [F:\DI\di\Proyecto\PokeDexManager\Help\Working\BuildTopics.proj]
BuildAssembler : warning : ResolveReferenceLinksComponent: [Properties.T:PokeDexManager.InfGrafico] Unknown reference link target &#39;P:CrystalDecisions.CrystalReports.Engine.ReportClass.TempFilename&#39;. [F:\DI\di\Proyecto\PokeDexManager\Help\Working\BuildTopics.proj]
BuildAssembler : warning : ResolveReferenceLinksComponent: [Properties.T:PokeDexManager.InfGrafico] Unknown reference link target &#39;T:CrystalDecisions.CrystalReports.Engine.ReportClass&#39;. [F:\DI\di\Proyecto\PokeDexManager\Help\Working\BuildTopics.proj]
BuildAssembler : warning : ResolveReferenceLinksComponent: [Events.T:PokeDexManager.InfGrafico] Unknown reference link target &#39;E:CrystalDecisions.CrystalReports.Engine.ReportDocument.AfterFormatPage&#39;. [F:\DI\di\Proyecto\PokeDexManager\Help\Working\BuildTopics.proj]
BuildAssembler : warning : ResolveReferenceLinksComponent: [Events.T:PokeDexManager.InfGrafico] Unknown reference link target &#39;T:CrystalDecisions.CrystalReports.Engine.ReportDocument&#39;. [F:\DI\di\Proyecto\PokeDexManager\Help\Working\BuildTopics.proj]
BuildAssembler : warning : ResolveReferenceLinksComponent: [Events.T:PokeDexManager.InfGrafico] Unknown reference link target &#39;E:CrystalDecisions.CrystalReports.Engine.ReportDocument.BeforeFormatPage&#39;. [F:\DI\di\Proyecto\PokeDexManager\Help\Working\BuildTopics.proj]
BuildAssembler : warning : ResolveReferenceLinksComponent: [Events.T:PokeDexManager.InfGrafico] Unknown reference link target &#39;T:CrystalDecisions.CrystalReports.Engine.ReportDocument&#39;. [F:\DI\di\Proyecto\PokeDexManager\Help\Working\BuildTopics.proj]
BuildAssembler : warning : ResolveReferenceLinksComponent: [Events.T:PokeDexManager.InfGrafico] Unknown reference link target &#39;E:CrystalDecisions.CrystalReports.Engine.ReportDocument.FieldMapping&#39;. [F:\DI\di\Proyecto\PokeDexManager\Help\Working\BuildTopics.proj]
BuildAssembler : warning : ResolveReferenceLinksComponent: [Events.T:PokeDexManager.InfGrafico] Unknown reference link target &#39;T:CrystalDecisions.CrystalReports.Engine.ReportDocument&#39;. [F:\DI\di\Proyecto\PokeDexManager\Help\Working\BuildTopics.proj]
BuildAssembler : warning : ResolveReferenceLinksComponent: [Events.T:PokeDexManager.InfGrafico] Unknown reference link target &#39;E:CrystalDecisions.CrystalReports.Engine.ReportDocument.FormatSection&#39;. [F:\DI\di\Proyecto\PokeDexManager\Help\Working\BuildTopics.proj]
BuildAssembler : warning : ResolveReferenceLinksComponent: [Events.T:PokeDexManager.InfGrafico] Unknown reference link target &#39;T:CrystalDecisions.CrystalReports.Engine.ReportDocument&#39;. [F:\DI\di\Proyecto\PokeDexManager\Help\Working\BuildTopics.proj]
BuildAssembler : warning : ResolveReferenceLinksComponent: [Events.T:PokeDexManager.InfGrafico] Unknown reference link target &#39;E:CrystalDecisions.CrystalReports.Engine.ReportDocument.InitReport&#39;. [F:\DI\di\Proyecto\PokeDexManager\Help\Working\BuildTopics.proj]
BuildAssembler : warning : ResolveReferenceLinksComponent: [Events.T:PokeDexManager.InfGrafico] Unknown reference link target &#39;T:CrystalDecisions.CrystalReports.Engine.ReportDocument&#39;. [F:\DI\di\Proyecto\PokeDexManager\Help\Working\BuildTopics.proj]
BuildAssembler : warning : ResolveReferenceLinksComponent: [Events.T:PokeDexManager.InfGrafico] Unknown reference link target &#39;E:CrystalDecisions.CrystalReports.Engine.ReportDocument.NoData&#39;. [F:\DI\di\Proyecto\PokeDexManager\Help\Working\BuildTopics.proj]
BuildAssembler : warning : ResolveReferenceLinksComponent: [Events.T:PokeDexManager.InfGrafico] Unknown reference link target &#39;T:CrystalDecisions.CrystalReports.Engine.ReportDocument&#39;. [F:\DI\di\Proyecto\PokeDexManager\Help\Working\BuildTopics.proj]
BuildAssembler : warning : ResolveReferenceLinksComponent: [Events.T:PokeDexManager.InfGrafico] Unknown reference link target &#39;E:CrystalDecisions.CrystalReports.Engine.ReportDocument.RefreshReport&#39;. [F:\DI\di\Proyecto\PokeDexManager\Help\Working\BuildTopics.proj]
BuildAssembler : warning : ResolveReferenceLinksComponent: [Events.T:PokeDexManager.InfGrafico] Unknown reference link target &#39;T:CrystalDecisions.CrystalReports.Engine.ReportDocument&#39;. [F:\DI\di\Proyecto\PokeDexManager\Help\Working\BuildTopics.proj]
BuildAssembler : warning : ResolveReferenceLinksComponent: [Fields.T:PokeDexManager.InfGrafico] Unknown reference link target &#39;F:CrystalDecisions.CrystalReports.Engine.ReportDocument.m_entRptDoc&#39;. [F:\DI\di\Proyecto\PokeDexManager\Help\Working\BuildTopics.proj]
BuildAssembler : warning : ResolveReferenceLinksComponent: [Fields.T:PokeDexManager.InfGrafico] Unknown reference link target &#39;T:CrystalDecisions.CrystalReports.Engine.ReportDocument&#39;. [F:\DI\di\Proyecto\PokeDexManager\Help\Working\BuildTopics.proj]
BuildAssembler : warning : ResolveReferenceLinksComponent: [Fields.T:PokeDexManager.InfGrafico] Unknown reference link target &#39;F:CrystalDecisions.CrystalReports.Engine.ReportDocument.m_formatEngine&#39;. [F:\DI\di\Proyecto\PokeDexManager\Help\Working\BuildTopics.proj]
BuildAssembler : warning : ResolveReferenceLinksComponent: [Fields.T:PokeDexManager.InfGrafico] Unknown reference link target &#39;T:CrystalDecisions.CrystalReports.Engine.ReportDocument&#39;. [F:\DI\di\Proyecto\PokeDexManager\Help\Working\BuildTopics.proj]
BuildAssembler : warning : ResolveReferenceLinksComponent: [Fields.T:PokeDexManager.InfGrafico] Unknown reference link target &#39;F:CrystalDecisions.CrystalReports.Engine.ReportDocument.m_iUseCount&#39;. [F:\DI\di\Proyecto\PokeDexManager\Help\Working\BuildTopics.proj]
BuildAssembler : warning : ResolveReferenceLinksComponent: [Fields.T:PokeDexManager.InfGrafico] Unknown reference link target &#39;T:CrystalDecisions.CrystalReports.Engine.ReportDocument&#39;. [F:\DI\di\Proyecto\PokeDexManager\Help\Working\BuildTopics.proj]
BuildAssembler : warning : ResolveReferenceLinksComponent: [Fields.T:PokeDexManager.InfGrafico] Unknown reference link target &#39;F:CrystalDecisions.CrystalReports.Engine.ReportClass.m_sTempFilename&#39;. [F:\DI\di\Proyecto\PokeDexManager\Help\Working\BuildTopics.proj]
BuildAssembler : warning : ResolveReferenceLinksComponent: [Fields.T:PokeDexManager.InfGrafico] Unknown reference link target &#39;T:CrystalDecisions.CrystalReports.Engine.ReportClass&#39;. [F:\DI\di\Proyecto\PokeDexManager\Help\Working\BuildTopics.proj]
BuildAssembler : warning : ShowMissingComponent: [P:PokeDexManager.InfGrafico.FullResourceName] Missing &lt;summary&gt; documentation [F:\DI\di\Proyecto\PokeDexManager\Help\Working\BuildTopics.proj]
BuildAssembler : warning : ShowMissingComponent: [P:PokeDexManager.InfGrafico.GroupFooterSection1] Missing &lt;summary&gt; documentation [F:\DI\di\Proyecto\PokeDexManager\Help\Working\BuildTopics.proj]
BuildAssembler : warning : ResolveReferenceLinksComponent: [P:PokeDexManager.InfGrafico.GroupFooterSection1] Unknown reference link target &#39;T:CrystalDecisions.CrystalReports.Engine.Section&#39;. [F:\DI\di\Proyecto\PokeDexManager\Help\Working\BuildTopics.proj]
BuildAssembler : warning : ShowMissingComponent: [P:PokeDexManager.InfGrafico.GroupHeaderSection1] Missing &lt;summary&gt; documentation [F:\DI\di\Proyecto\PokeDexManager\Help\Working\BuildTopics.proj]
BuildAssembler : warning : ResolveReferenceLinksComponent: [P:PokeDexManager.InfGrafico.GroupHeaderSection1] Unknown reference link target &#39;T:CrystalDecisions.CrystalReports.Engine.Section&#39;. [F:\DI\di\Proyecto\PokeDexManager\Help\Working\BuildTopics.proj]
BuildAssembler : warning : ShowMissingComponent: [P:PokeDexManager.InfGrafico.NewGenerator] Missing &lt;summary&gt; documentation [F:\DI\di\Proyecto\PokeDexManager\Help\Working\BuildTopics.proj]
BuildAssembler : warning : ShowMissingComponent: [P:PokeDexManager.InfGrafico.ResourceName] Missing &lt;summary&gt; documentation [F:\DI\di\Proyecto\PokeDexManager\Help\Working\BuildTopics.proj]
BuildAssembler : warning : ShowMissingComponent: [P:PokeDexManager.InfGrafico.Section1] Missing &lt;summary&gt; documentation [F:\DI\di\Proyecto\PokeDexManager\Help\Working\BuildTopics.proj]
BuildAssembler : warning : ResolveReferenceLinksComponent: [P:PokeDexManager.InfGrafico.Section1] Unknown reference link target &#39;T:CrystalDecisions.CrystalReports.Engine.Section&#39;. [F:\DI\di\Proyecto\PokeDexManager\Help\Working\BuildTopics.proj]
BuildAssembler : warning : ShowMissingComponent: [P:PokeDexManager.InfGrafico.Section2] Missing &lt;summary&gt; documentation [F:\DI\di\Proyecto\PokeDexManager\Help\Working\BuildTopics.proj]
BuildAssembler : warning : ResolveReferenceLinksComponent: [P:PokeDexManager.InfGrafico.Section2] Unknown reference link target &#39;T:CrystalDecisions.CrystalReports.Engine.Section&#39;. [F:\DI\di\Proyecto\PokeDexManager\Help\Working\BuildTopics.proj]
BuildAssembler : warning : ShowMissingComponent: [P:PokeDexManager.InfGrafico.Section3] Missing &lt;summary&gt; documentation [F:\DI\di\Proyecto\PokeDexManager\Help\Working\BuildTopics.proj]
BuildAssembler : warning : ResolveReferenceLinksComponent: [P:PokeDexManager.InfGrafico.Section3] Unknown reference link target &#39;T:CrystalDecisions.CrystalReports.Engine.Section&#39;. [F:\DI\di\Proyecto\PokeDexManager\Help\Working\BuildTopics.proj]
BuildAssembler : warning : ShowMissingComponent: [P:PokeDexManager.InfGrafico.Section4] Missing &lt;summary&gt; documentation [F:\DI\di\Proyecto\PokeDexManager\Help\Working\BuildTopics.proj]
BuildAssembler : warning : ResolveReferenceLinksComponent: [P:PokeDexManager.InfGrafico.Section4] Unknown reference link target &#39;T:CrystalDecisions.CrystalReports.Engine.Section&#39;. [F:\DI\di\Proyecto\PokeDexManager\Help\Working\BuildTopics.proj]
BuildAssembler : warning : ShowMissingComponent: [P:PokeDexManager.InfGrafico.Section5] Missing &lt;summary&gt; documentation [F:\DI\di\Proyecto\PokeDexManager\Help\Working\BuildTopics.proj]
BuildAssembler : warning : ResolveReferenceLinksComponent: [P:PokeDexManager.InfGrafico.Section5] Unknown reference link target &#39;T:CrystalDecisions.CrystalReports.Engine.Section&#39;. [F:\DI\di\Proyecto\PokeDexManager\Help\Working\BuildTopics.proj]
BuildAssembler : warning : ShowMissingComponent: [T:PokeDexManager.InfMultTabla] Missing &lt;summary&gt; documentation [F:\DI\di\Proyecto\PokeDexManager\Help\Working\BuildTopics.proj]
BuildAssembler : warning : ResolveReferenceLinksComponent: [T:PokeDexManager.InfMultTabla] Unknown reference link target &#39;T:CrystalDecisions.CrystalReports.Engine.ReportDocument&#39;. [F:\DI\di\Proyecto\PokeDexManager\Help\Working\BuildTopics.proj]
BuildAssembler : warning : ResolveReferenceLinksComponent: [T:PokeDexManager.InfMultTabla] Unknown reference link target &#39;T:CrystalDecisions.CrystalReports.Engine.ReportClass&#39;. [F:\DI\di\Proyecto\PokeDexManager\Help\Working\BuildTopics.proj]
BuildAssembler : warning : ResolveReferenceLinksComponent: [T:PokeDexManager.InfMultTabla] Unknown reference link target &#39;P:CrystalDecisions.CrystalReports.Engine.ReportDocument.Database&#39;. [F:\DI\di\Proyecto\PokeDexManager\Help\Working\BuildTopics.proj]
BuildAssembler : warning : ResolveReferenceLinksComponent: [T:PokeDexManager.InfMultTabla] Unknown reference link target &#39;T:CrystalDecisions.CrystalReports.Engine.ReportDocument&#39;. [F:\DI\di\Proyecto\PokeDexManager\Help\Working\BuildTopics.proj]
BuildAssembler : warning : ResolveReferenceLinksComponent: [T:PokeDexManager.InfMultTabla] Unknown reference link target &#39;P:CrystalDecisions.CrystalReports.Engine.ReportDocument.DataDefinition&#39;. [F:\DI\di\Proyecto\PokeDexManager\Help\Working\BuildTopics.proj]
BuildAssembler : warning : ResolveReferenceLinksComponent: [T:PokeDexManager.InfMultTabla] Unknown reference link target &#39;T:CrystalDecisions.CrystalReports.Engine.ReportDocument&#39;. [F:\DI\di\Proyecto\PokeDexManager\Help\Working\BuildTopics.proj]
BuildAssembler : warning : ResolveReferenceLinksComponent: [T:PokeDexManager.InfMultTabla] Unknown reference link target &#39;P:CrystalDecisions.CrystalReports.Engine.ReportDocument.DataSourceConnections&#39;. [F:\DI\di\Proyecto\PokeDexManager\Help\Working\BuildTopics.proj]
BuildAssembler : warning : ResolveReferenceLinksComponent: [T:PokeDexManager.InfMultTabla] Unknown reference link target &#39;T:CrystalDecisions.CrystalReports.Engine.ReportDocument&#39;. [F:\DI\di\Proyecto\PokeDexManager\Help\Working\BuildTopics.proj]
BuildAssembler : warning : ResolveReferenceLinksComponent: [T:PokeDexManager.InfMultTabla] Unknown reference link target &#39;P:CrystalDecisions.CrystalReports.Engine.ReportDocument.DefaultXmlExportSelection&#39;. [F:\DI\di\Proyecto\PokeDexManager\Help\Working\BuildTopics.proj]
BuildAssembler : warning : ResolveReferenceLinksComponent: [T:PokeDexManager.InfMultTabla] Unknown reference link target &#39;T:CrystalDecisions.CrystalReports.Engine.ReportDocument&#39;. [F:\DI\di\Proyecto\PokeDexManager\Help\Working\BuildTopics.proj]
BuildAssembler : warning : ResolveReferenceLinksComponent: [T:PokeDexManager.InfMultTabla] Unknown reference link target &#39;P:CrystalDecisions.CrystalReports.Engine.ReportDocument.FileName&#39;. [F:\DI\di\Proyecto\PokeDexManager\Help\Working\BuildTopics.proj]
BuildAssembler : warning : ResolveReferenceLinksComponent: [T:PokeDexManager.InfMultTabla] Unknown reference link target &#39;T:CrystalDecisions.CrystalReports.Engine.ReportDocument&#39;. [F:\DI\di\Proyecto\PokeDexManager\Help\Working\BuildTopics.proj]
BuildAssembler : warning : ResolveReferenceLinksComponent: [T:PokeDexManager.InfMultTabla] Unknown reference link target &#39;P:CrystalDecisions.CrystalReports.Engine.ReportClass.FullResourceName&#39;. [F:\DI\di\Proyecto\PokeDexManager\Help\Working\BuildTopics.proj]
BuildAssembler : warning : ResolveReferenceLinksComponent: [T:PokeDexManager.InfMultTabla] Unknown reference link target &#39;P:CrystalDecisions.CrystalReports.Engine.ReportDocument.HasRecords&#39;. [F:\DI\di\Proyecto\PokeDexManager\Help\Working\BuildTopics.proj]
BuildAssembler : warning : ResolveReferenceLinksComponent: [T:PokeDexManager.InfMultTabla] Unknown reference link target &#39;T:CrystalDecisions.CrystalReports.Engine.ReportDocument&#39;. [F:\DI\di\Proyecto\PokeDexManager\Help\Working\BuildTopics.proj]
BuildAssembler : warning : ResolveReferenceLinksComponent: [T:PokeDexManager.InfMultTabla] Unknown reference link target &#39;P:CrystalDecisions.CrystalReports.Engine.ReportDocument.HasSavedData&#39;. [F:\DI\di\Proyecto\PokeDexManager\Help\Working\BuildTopics.proj]
BuildAssembler : warning : ResolveReferenceLinksComponent: [T:PokeDexManager.InfMultTabla] Unknown reference link target &#39;T:CrystalDecisions.CrystalReports.Engine.ReportDocument&#39;. [F:\DI\di\Proyecto\PokeDexManager\Help\Working\BuildTopics.proj]
BuildAssembler : warning : ResolveReferenceLinksComponent: [T:PokeDexManager.InfMultTabla] Unknown reference link target &#39;P:CrystalDecisions.CrystalReports.Engine.ReportDocument.HistoryInfos&#39;. [F:\DI\di\Proyecto\PokeDexManager\Help\Working\BuildTopics.proj]
BuildAssembler : warning : ResolveReferenceLinksComponent: [T:PokeDexManager.InfMultTabla] Unknown reference link target &#39;T:CrystalDecisions.CrystalReports.Engine.ReportDocument&#39;. [F:\DI\di\Proyecto\PokeDexManager\Help\Working\BuildTopics.proj]
BuildAssembler : warning : ResolveReferenceLinksComponent: [T:PokeDexManager.InfMultTabla] Unknown reference link target &#39;P:CrystalDecisions.CrystalReports.Engine.ReportDocument.IsLoaded&#39;. [F:\DI\di\Proyecto\PokeDexManager\Help\Working\BuildTopics.proj]
BuildAssembler : warning : ResolveReferenceLinksComponent: [T:PokeDexManager.InfMultTabla] Unknown reference link target &#39;T:CrystalDecisions.CrystalReports.Engine.ReportDocument&#39;. [F:\DI\di\Proyecto\PokeDexManager\Help\Working\BuildTopics.proj]
BuildAssembler : warning : ResolveReferenceLinksComponent: [T:PokeDexManager.InfMultTabla] Unknown reference link target &#39;P:CrystalDecisions.CrystalReports.Engine.ReportDocument.IsRPTR&#39;. [F:\DI\di\Proyecto\PokeDexManager\Help\Working\BuildTopics.proj]
BuildAssembler : warning : ResolveReferenceLinksComponent: [T:PokeDexManager.InfMultTabla] Unknown reference link target &#39;T:CrystalDecisions.CrystalReports.Engine.ReportDocument&#39;. [F:\DI\di\Proyecto\PokeDexManager\Help\Working\BuildTopics.proj]
BuildAssembler : warning : ResolveReferenceLinksComponent: [T:PokeDexManager.InfMultTabla] Unknown reference link target &#39;P:CrystalDecisions.CrystalReports.Engine.ReportDocument.IsSubreport&#39;. [F:\DI\di\Proyecto\PokeDexManager\Help\Working\BuildTopics.proj]
BuildAssembler : warning : ResolveReferenceLinksComponent: [T:PokeDexManager.InfMultTabla] Unknown reference link target &#39;T:CrystalDecisions.CrystalReports.Engine.ReportDocument&#39;. [F:\DI\di\Proyecto\PokeDexManager\Help\Working\BuildTopics.proj]
BuildAssembler : warning : ResolveReferenceLinksComponent: [T:PokeDexManager.InfMultTabla] Unknown reference link target &#39;P:CrystalDecisions.CrystalReports.Engine.ReportDocument.Name&#39;. [F:\DI\di\Proyecto\PokeDexManager\Help\Working\BuildTopics.proj]
BuildAssembler : warning : ResolveReferenceLinksComponent: [T:PokeDexManager.InfMultTabla] Unknown reference link target &#39;T:CrystalDecisions.CrystalReports.Engine.ReportDocument&#39;. [F:\DI\di\Proyecto\PokeDexManager\Help\Working\BuildTopics.proj]
BuildAssembler : warning : ResolveReferenceLinksComponent: [T:PokeDexManager.InfMultTabla] Unknown reference link target &#39;P:CrystalDecisions.CrystalReports.Engine.ReportClass.NewGenerator&#39;. [F:\DI\di\Proyecto\PokeDexManager\Help\Working\BuildTopics.proj]
BuildAssembler : warning : ResolveReferenceLinksComponent: [T:PokeDexManager.InfMultTabla] Unknown reference link target &#39;P:CrystalDecisions.CrystalReports.Engine.ReportDocument.ParameterFields&#39;. [F:\DI\di\Proyecto\PokeDexManager\Help\Working\BuildTopics.proj]
BuildAssembler : warning : ResolveReferenceLinksComponent: [T:PokeDexManager.InfMultTabla] Unknown reference link target &#39;T:CrystalDecisions.CrystalReports.Engine.ReportDocument&#39;. [F:\DI\di\Proyecto\PokeDexManager\Help\Working\BuildTopics.proj]
BuildAssembler : warning : ResolveReferenceLinksComponent: [T:PokeDexManager.InfMultTabla] Unknown reference link target &#39;P:CrystalDecisions.CrystalReports.Engine.ReportDocument.PrintOptions&#39;. [F:\DI\di\Proyecto\PokeDexManager\Help\Working\BuildTopics.proj]
BuildAssembler : warning : ResolveReferenceLinksComponent: [T:PokeDexManager.InfMultTabla] Unknown reference link target &#39;T:CrystalDecisions.CrystalReports.Engine.ReportDocument&#39;. [F:\DI\di\Proyecto\PokeDexManager\Help\Working\BuildTopics.proj]
BuildAssembler : warning : ResolveReferenceLinksComponent: [T:PokeDexManager.InfMultTabla] Unknown reference link target &#39;P:CrystalDecisions.CrystalReports.Engine.ReportDocument.RecordSelectionFormula&#39;. [F:\DI\di\Proyecto\PokeDexManager\Help\Working\BuildTopics.proj]
BuildAssembler : warning : ResolveReferenceLinksComponent: [T:PokeDexManager.InfMultTabla] Unknown reference link target &#39;T:CrystalDecisions.CrystalReports.Engine.ReportDocument&#39;. [F:\DI\di\Proyecto\PokeDexManager\Help\Working\BuildTopics.proj]
BuildAssembler : warning : ResolveReferenceLinksComponent: [T:PokeDexManager.InfMultTabla] Unknown reference link target &#39;P:CrystalDecisions.CrystalReports.Engine.ReportDocument.ReportAppServer&#39;. [F:\DI\di\Proyecto\PokeDexManager\Help\Working\BuildTopics.proj]
BuildAssembler : warning : ResolveReferenceLinksComponent: [T:PokeDexManager.InfMultTabla] Unknown reference link target &#39;T:CrystalDecisions.CrystalReports.Engine.ReportDocument&#39;. [F:\DI\di\Proyecto\PokeDexManager\Help\Working\BuildTopics.proj]
BuildAssembler : warning : ResolveReferenceLinksComponent: [T:PokeDexManager.InfMultTabla] Unknown reference link target &#39;P:CrystalDecisions.CrystalReports.Engine.ReportDocument.ReportClientDocument&#39;. [F:\DI\di\Proyecto\PokeDexManager\Help\Working\BuildTopics.proj]
BuildAssembler : warning : ResolveReferenceLinksComponent: [T:PokeDexManager.InfMultTabla] Unknown reference link target &#39;T:CrystalDecisions.CrystalReports.Engine.ReportDocument&#39;. [F:\DI\di\Proyecto\PokeDexManager\Help\Working\BuildTopics.proj]
BuildAssembler : warning : ResolveReferenceLinksComponent: [T:PokeDexManager.InfMultTabla] Unknown reference link target &#39;P:CrystalDecisions.CrystalReports.Engine.ReportDocument.ReportDefinition&#39;. [F:\DI\di\Proyecto\PokeDexManager\Help\Working\BuildTopics.proj]
BuildAssembler : warning : ResolveReferenceLinksComponent: [T:PokeDexManager.InfMultTabla] Unknown reference link target &#39;T:CrystalDecisions.CrystalReports.Engine.ReportDocument&#39;. [F:\DI\di\Proyecto\PokeDexManager\Help\Working\BuildTopics.proj]
BuildAssembler : warning : ResolveReferenceLinksComponent: [T:PokeDexManager.InfMultTabla] Unknown reference link target &#39;P:CrystalDecisions.CrystalReports.Engine.ReportDocument.ReportOptions&#39;. [F:\DI\di\Proyecto\PokeDexManager\Help\Working\BuildTopics.proj]
BuildAssembler : warning : ResolveReferenceLinksComponent: [T:PokeDexManager.InfMultTabla] Unknown reference link target &#39;T:CrystalDecisions.CrystalReports.Engine.ReportDocument&#39;. [F:\DI\di\Proyecto\PokeDexManager\Help\Working\BuildTopics.proj]
BuildAssembler : warning : ResolveReferenceLinksComponent: [T:PokeDexManager.InfMultTabla] Unknown reference link target &#39;P:CrystalDecisions.CrystalReports.Engine.ReportDocument.ReportRequestStatus&#39;. [F:\DI\di\Proyecto\PokeDexManager\Help\Working\BuildTopics.proj]
BuildAssembler : warning : ResolveReferenceLinksComponent: [T:PokeDexManager.InfMultTabla] Unknown reference link target &#39;T:CrystalDecisions.CrystalReports.Engine.ReportDocument&#39;. [F:\DI\di\Proyecto\PokeDexManager\Help\Working\BuildTopics.proj]
BuildAssembler : warning : ResolveReferenceLinksComponent: [T:PokeDexManager.InfMultTabla] Unknown reference link target &#39;P:CrystalDecisions.CrystalReports.Engine.ReportClass.ResourceName&#39;. [F:\DI\di\Proyecto\PokeDexManager\Help\Working\BuildTopics.proj]
BuildAssembler : warning : ResolveReferenceLinksComponent: [T:PokeDexManager.InfMultTabla] Unknown reference link target &#39;P:CrystalDecisions.CrystalReports.Engine.ReportDocument.Rows&#39;. [F:\DI\di\Proyecto\PokeDexManager\Help\Working\BuildTopics.proj]
BuildAssembler : warning : ResolveReferenceLinksComponent: [T:PokeDexManager.InfMultTabla] Unknown reference link target &#39;T:CrystalDecisions.CrystalReports.Engine.ReportDocument&#39;. [F:\DI\di\Proyecto\PokeDexManager\Help\Working\BuildTopics.proj]
BuildAssembler : warning : ResolveReferenceLinksComponent: [T:PokeDexManager.InfMultTabla] Unknown reference link target &#39;P:CrystalDecisions.CrystalReports.Engine.ReportDocument.SavedXmlExportFormats&#39;. [F:\DI\di\Proyecto\PokeDexManager\Help\Working\BuildTopics.proj]
BuildAssembler : warning : ResolveReferenceLinksComponent: [T:PokeDexManager.InfMultTabla] Unknown reference link target &#39;T:CrystalDecisions.CrystalReports.Engine.ReportDocument&#39;. [F:\DI\di\Proyecto\PokeDexManager\Help\Working\BuildTopics.proj]
BuildAssembler : warning : ResolveReferenceLinksComponent: [T:PokeDexManager.InfMultTabla] Unknown reference link target &#39;P:CrystalDecisions.CrystalReports.Engine.ReportDocument.Subreports&#39;. [F:\DI\di\Proyecto\PokeDexManager\Help\Working\BuildTopics.proj]
BuildAssembler : warning : ResolveReferenceLinksComponent: [T:PokeDexManager.InfMultTabla] Unknown reference link target &#39;T:CrystalDecisions.CrystalReports.Engine.ReportDocument&#39;. [F:\DI\di\Proyecto\PokeDexManager\Help\Working\BuildTopics.proj]
BuildAssembler : warning : ResolveReferenceLinksComponent: [T:PokeDexManager.InfMultTabla] Unknown reference link target &#39;P:CrystalDecisions.CrystalReports.Engine.ReportDocument.SummaryInfo&#39;. [F:\DI\di\Proyecto\PokeDexManager\Help\Working\BuildTopics.proj]
BuildAssembler : warning : ResolveReferenceLinksComponent: [T:PokeDexManager.InfMultTabla] Unknown reference link target &#39;T:CrystalDecisions.CrystalReports.Engine.ReportDocument&#39;. [F:\DI\di\Proyecto\PokeDexManager\Help\Working\BuildTopics.proj]
BuildAssembler : warning : ResolveReferenceLinksComponent: [T:PokeDexManager.InfMultTabla] Unknown reference link target &#39;P:CrystalDecisions.CrystalReports.Engine.ReportClass.TempFilename&#39;. [F:\DI\di\Proyecto\PokeDexManager\Help\Working\BuildTopics.proj]
BuildAssembler : warning : ResolveReferenceLinksComponent: [T:PokeDexManager.InfMultTabla] Unknown reference link target &#39;T:CrystalDecisions.CrystalReports.Engine.ReportClass&#39;. [F:\DI\di\Proyecto\PokeDexManager\Help\Working\BuildTopics.proj]
BuildAssembler : warning : ResolveReferenceLinksComponent: [T:PokeDexManager.InfMultTabla] Unknown reference link target &#39;M:CrystalDecisions.CrystalReports.Engine.ReportDocument.CheckLicenseStatus&#39;. [F:\DI\di\Proyecto\PokeDexManager\Help\Working\BuildTopics.proj]
BuildAssembler : warning : ResolveReferenceLinksComponent: [T:PokeDexManager.InfMultTabla] Unknown reference link target &#39;T:CrystalDecisions.CrystalReports.Engine.ReportDocument&#39;. [F:\DI\di\Proyecto\PokeDexManager\Help\Working\BuildTopics.proj]
BuildAssembler : warning : ResolveReferenceLinksComponent: [T:PokeDexManager.InfMultTabla] Unknown reference link target &#39;M:CrystalDecisions.CrystalReports.Engine.ReportDocument.Clone&#39;. [F:\DI\di\Proyecto\PokeDexManager\Help\Working\BuildTopics.proj]
BuildAssembler : warning : ResolveReferenceLinksComponent: [T:PokeDexManager.InfMultTabla] Unknown reference link target &#39;T:CrystalDecisions.CrystalReports.Engine.ReportDocument&#39;. [F:\DI\di\Proyecto\PokeDexManager\Help\Working\BuildTopics.proj]
BuildAssembler : warning : ResolveReferenceLinksComponent: [T:PokeDexManager.InfMultTabla] Unknown reference link target &#39;M:CrystalDecisions.CrystalReports.Engine.ReportDocument.Close&#39;. [F:\DI\di\Proyecto\PokeDexManager\Help\Working\BuildTopics.proj]
BuildAssembler : warning : ResolveReferenceLinksComponent: [T:PokeDexManager.InfMultTabla] Unknown reference link target &#39;T:CrystalDecisions.CrystalReports.Engine.ReportDocument&#39;. [F:\DI\di\Proyecto\PokeDexManager\Help\Working\BuildTopics.proj]
BuildAssembler : warning : ResolveReferenceLinksComponent: [T:PokeDexManager.InfMultTabla] Unknown reference link target &#39;M:CrystalDecisions.CrystalReports.Engine.ReportClass.Dispose(System.Boolean)&#39;. [F:\DI\di\Proyecto\PokeDexManager\Help\Working\BuildTopics.proj]
BuildAssembler : warning : ResolveReferenceLinksComponent: [T:PokeDexManager.InfMultTabla] Unknown reference link target &#39;T:CrystalDecisions.CrystalReports.Engine.ReportClass&#39;. [F:\DI\di\Proyecto\PokeDexManager\Help\Working\BuildTopics.proj]
BuildAssembler : warning : ResolveReferenceLinksComponent: [T:PokeDexManager.InfMultTabla] Unknown reference link target &#39;M:CrystalDecisions.CrystalReports.Engine.ReportDocument.EnableEvent(CrystalDecisions.CrystalReports.Engine.EventEnabledArgs)&#39;. [F:\DI\di\Proyecto\PokeDexManager\Help\Working\BuildTopics.proj]
BuildAssembler : warning : ResolveReferenceLinksComponent: [T:PokeDexManager.InfMultTabla] Unknown reference link target &#39;T:CrystalDecisions.CrystalReports.Engine.ReportDocument&#39;. [F:\DI\di\Proyecto\PokeDexManager\Help\Working\BuildTopics.proj]
BuildAssembler : warning : ResolveReferenceLinksComponent: [T:PokeDexManager.InfMultTabla] Unknown reference link target &#39;M:CrystalDecisions.CrystalReports.Engine.ReportDocument.Export(CrystalDecisions.Shared.ExportOptions)&#39;. [F:\DI\di\Proyecto\PokeDexManager\Help\Working\BuildTopics.proj]
BuildAssembler : warning : ResolveReferenceLinksComponent: [T:PokeDexManager.InfMultTabla] Unknown reference link target &#39;T:CrystalDecisions.CrystalReports.Engine.ReportDocument&#39;. [F:\DI\di\Proyecto\PokeDexManager\Help\Working\BuildTopics.proj]
BuildAssembler : warning : ResolveReferenceLinksComponent: [T:PokeDexManager.InfMultTabla] Unknown reference link target &#39;M:CrystalDecisions.CrystalReports.Engine.ReportDocument.ExportToDisk(CrystalDecisions.Shared.ExportFormatType,System.String)&#39;. [F:\DI\di\Proyecto\PokeDexManager\Help\Working\BuildTopics.proj]
BuildAssembler : warning : ResolveReferenceLinksComponent: [T:PokeDexManager.InfMultTabla] Unknown reference link target &#39;T:CrystalDecisions.CrystalReports.Engine.ReportDocument&#39;. [F:\DI\di\Proyecto\PokeDexManager\Help\Working\BuildTopics.proj]
BuildAssembler : warning : ResolveReferenceLinksComponent: [T:PokeDexManager.InfMultTabla] Unknown reference link target &#39;M:CrystalDecisions.CrystalReports.Engine.ReportDocument.ExportToHttpResponse(CrystalDecisions.Shared.ExportFormatType,System.Web.HttpResponse,System.Boolean,System.String)&#39;. [F:\DI\di\Proyecto\PokeDexManager\Help\Working\BuildTopics.proj]
BuildAssembler : warning : ResolveReferenceLinksComponent: [T:PokeDexManager.InfMultTabla] Unknown reference link target &#39;T:CrystalDecisions.CrystalReports.Engine.ReportDocument&#39;. [F:\DI\di\Proyecto\PokeDexManager\Help\Working\BuildTopics.proj]
BuildAssembler : warning : ResolveReferenceLinksComponent: [T:PokeDexManager.InfMultTabla] Unknown reference link target &#39;M:CrystalDecisions.CrystalReports.Engine.ReportDocument.ExportToHttpResponse(CrystalDecisions.Shared.ExportOptions,System.Web.HttpResponse,System.Boolean,System.String)&#39;. [F:\DI\di\Proyecto\PokeDexManager\Help\Working\BuildTopics.proj]
BuildAssembler : warning : ResolveReferenceLinksComponent: [T:PokeDexManager.InfMultTabla] Unknown reference link target &#39;T:CrystalDecisions.CrystalReports.Engine.ReportDocument&#39;. [F:\DI\di\Proyecto\PokeDexManager\Help\Working\BuildTopics.proj]
BuildAssembler : warning : ResolveReferenceLinksComponent: [T:PokeDexManager.InfMultTabla] Unknown reference link target &#39;M:CrystalDecisions.CrystalReports.Engine.ReportDocument.ExportToStream(CrystalDecisions.Shared.ExportFormatType)&#39;. [F:\DI\di\Proyecto\PokeDexManager\Help\Working\BuildTopics.proj]
BuildAssembler : warning : ResolveReferenceLinksComponent: [T:PokeDexManager.InfMultTabla] Unknown reference link target &#39;T:CrystalDecisions.CrystalReports.Engine.ReportDocument&#39;. [F:\DI\di\Proyecto\PokeDexManager\Help\Working\BuildTopics.proj]
BuildAssembler : warning : ResolveReferenceLinksComponent: [T:PokeDexManager.InfMultTabla] Unknown reference link target &#39;M:CrystalDecisions.CrystalReports.Engine.ReportClass.Finalize&#39;. [F:\DI\di\Proyecto\PokeDexManager\Help\Working\BuildTopics.proj]
BuildAssembler : warning : ResolveReferenceLinksComponent: [T:PokeDexManager.InfMultTabla] Unknown reference link target &#39;T:CrystalDecisions.CrystalReports.Engine.ReportClass&#39;. [F:\DI\di\Proyecto\PokeDexManager\Help\Working\BuildTopics.proj]
BuildAssembler : warning : ResolveReferenceLinksComponent: [T:PokeDexManager.InfMultTabla] Unknown reference link target &#39;M:CrystalDecisions.CrystalReports.Engine.ReportDocument.GetAttributes&#39;. [F:\DI\di\Proyecto\PokeDexManager\Help\Working\BuildTopics.proj]
BuildAssembler : warning : ResolveReferenceLinksComponent: [T:PokeDexManager.InfMultTabla] Unknown reference link target &#39;T:CrystalDecisions.CrystalReports.Engine.ReportDocument&#39;. [F:\DI\di\Proyecto\PokeDexManager\Help\Working\BuildTopics.proj]
BuildAssembler : warning : ResolveReferenceLinksComponent: [T:PokeDexManager.InfMultTabla] Unknown reference link target &#39;M:CrystalDecisions.CrystalReports.Engine.ReportDocument.GetClassName&#39;. [F:\DI\di\Proyecto\PokeDexManager\Help\Working\BuildTopics.proj]
BuildAssembler : warning : ResolveReferenceLinksComponent: [T:PokeDexManager.InfMultTabla] Unknown reference link target &#39;T:CrystalDecisions.CrystalReports.Engine.ReportDocument&#39;. [F:\DI\di\Proyecto\PokeDexManager\Help\Working\BuildTopics.proj]
BuildAssembler : warning : ResolveReferenceLinksComponent: [T:PokeDexManager.InfMultTabla] Unknown reference link target &#39;M:CrystalDecisions.CrystalReports.Engine.ReportDocument.GetComponentName&#39;. [F:\DI\di\Proyecto\PokeDexManager\Help\Working\BuildTopics.proj]
BuildAssembler : warning : ResolveReferenceLinksComponent: [T:PokeDexManager.InfMultTabla] Unknown reference link target &#39;T:CrystalDecisions.CrystalReports.Engine.ReportDocument&#39;. [F:\DI\di\Proyecto\PokeDexManager\Help\Working\BuildTopics.proj]
BuildAssembler : warning : ResolveReferenceLinksComponent: [T:PokeDexManager.InfMultTabla] Unknown reference link target &#39;M:CrystalDecisions.CrystalReports.Engine.ReportDocument.GetConverter&#39;. [F:\DI\di\Proyecto\PokeDexManager\Help\Working\BuildTopics.proj]
BuildAssembler : warning : ResolveReferenceLinksComponent: [T:PokeDexManager.InfMultTabla] Unknown reference link target &#39;T:CrystalDecisions.CrystalReports.Engine.ReportDocument&#39;. [F:\DI\di\Proyecto\PokeDexManager\Help\Working\BuildTopics.proj]
BuildAssembler : warning : ResolveReferenceLinksComponent: [T:PokeDexManager.InfMultTabla] Unknown reference link target &#39;M:CrystalDecisions.CrystalReports.Engine.ReportDocument.GetDefaultEvent&#39;. [F:\DI\di\Proyecto\PokeDexManager\Help\Working\BuildTopics.proj]
BuildAssembler : warning : ResolveReferenceLinksComponent: [T:PokeDexManager.InfMultTabla] Unknown reference link target &#39;T:CrystalDecisions.CrystalReports.Engine.ReportDocument&#39;. [F:\DI\di\Proyecto\PokeDexManager\Help\Working\BuildTopics.proj]
BuildAssembler : warning : ResolveReferenceLinksComponent: [T:PokeDexManager.InfMultTabla] Unknown reference link target &#39;M:CrystalDecisions.CrystalReports.Engine.ReportDocument.GetDefaultProperty&#39;. [F:\DI\di\Proyecto\PokeDexManager\Help\Working\BuildTopics.proj]
BuildAssembler : warning : ResolveReferenceLinksComponent: [T:PokeDexManager.InfMultTabla] Unknown reference link target &#39;T:CrystalDecisions.CrystalReports.Engine.ReportDocument&#39;. [F:\DI\di\Proyecto\PokeDexManager\Help\Working\BuildTopics.proj]
BuildAssembler : warning : ResolveReferenceLinksComponent: [T:PokeDexManager.InfMultTabla] Unknown reference link target &#39;M:CrystalDecisions.CrystalReports.Engine.ReportDocument.GetEditor(System.Type)&#39;. [F:\DI\di\Proyecto\PokeDexManager\Help\Working\BuildTopics.proj]
BuildAssembler : warning : ResolveReferenceLinksComponent: [T:PokeDexManager.InfMultTabla] Unknown reference link target &#39;T:CrystalDecisions.CrystalReports.Engine.ReportDocument&#39;. [F:\DI\di\Proyecto\PokeDexManager\Help\Working\BuildTopics.proj]
BuildAssembler : warning : ResolveReferenceLinksComponent: [T:PokeDexManager.InfMultTabla] Unknown reference link target &#39;M:CrystalDecisions.CrystalReports.Engine.ReportDocument.GetEvents&#39;. [F:\DI\di\Proyecto\PokeDexManager\Help\Working\BuildTopics.proj]
BuildAssembler : warning : ResolveReferenceLinksComponent: [T:PokeDexManager.InfMultTabla] Unknown reference link target &#39;T:CrystalDecisions.CrystalReports.Engine.ReportDocument&#39;. [F:\DI\di\Proyecto\PokeDexManager\Help\Working\BuildTopics.proj]
BuildAssembler : warning : ResolveReferenceLinksComponent: [T:PokeDexManager.InfMultTabla] Unknown reference link target &#39;M:CrystalDecisions.CrystalReports.Engine.ReportDocument.GetEvents(System.Attribute[])&#39;. [F:\DI\di\Proyecto\PokeDexManager\Help\Working\BuildTopics.proj]
BuildAssembler : warning : ResolveReferenceLinksComponent: [T:PokeDexManager.InfMultTabla] Unknown reference link target &#39;T:CrystalDecisions.CrystalReports.Engine.ReportDocument&#39;. [F:\DI\di\Proyecto\PokeDexManager\Help\Working\BuildTopics.proj]
BuildAssembler : warning : ResolveReferenceLinksComponent: [T:PokeDexManager.InfMultTabla] Unknown reference link target &#39;M:CrystalDecisions.CrystalReports.Engine.ReportDocument.GetProperties&#39;. [F:\DI\di\Proyecto\PokeDexManager\Help\Working\BuildTopics.proj]
BuildAssembler : warning : ResolveReferenceLinksComponent: [T:PokeDexManager.InfMultTabla] Unknown reference link target &#39;T:CrystalDecisions.CrystalReports.Engine.ReportDocument&#39;. [F:\DI\di\Proyecto\PokeDexManager\Help\Working\BuildTopics.proj]
BuildAssembler : warning : ResolveReferenceLinksComponent: [T:PokeDexManager.InfMultTabla] Unknown reference link target &#39;M:CrystalDecisions.CrystalReports.Engine.ReportDocument.GetProperties(System.Attribute[])&#39;. [F:\DI\di\Proyecto\PokeDexManager\Help\Working\BuildTopics.proj]
BuildAssembler : warning : ResolveReferenceLinksComponent: [T:PokeDexManager.InfMultTabla] Unknown reference link target &#39;T:CrystalDecisions.CrystalReports.Engine.ReportDocument&#39;. [F:\DI\di\Proyecto\PokeDexManager\Help\Working\BuildTopics.proj]
BuildAssembler : warning : ResolveReferenceLinksComponent: [T:PokeDexManager.InfMultTabla] Unknown reference link target &#39;M:CrystalDecisions.CrystalReports.Engine.ReportDocument.GetPropertyOwner(System.ComponentModel.PropertyDescriptor)&#39;. [F:\DI\di\Proyecto\PokeDexManager\Help\Working\BuildTopics.proj]
BuildAssembler : warning : ResolveReferenceLinksComponent: [T:PokeDexManager.InfMultTabla] Unknown reference link target &#39;T:CrystalDecisions.CrystalReports.Engine.ReportDocument&#39;. [F:\DI\di\Proyecto\PokeDexManager\Help\Working\BuildTopics.proj]
BuildAssembler : warning : ResolveReferenceLinksComponent: [T:PokeDexManager.InfMultTabla] Unknown reference link target &#39;M:CrystalDecisions.CrystalReports.Engine.ReportClass.Load&#39;. [F:\DI\di\Proyecto\PokeDexManager\Help\Working\BuildTopics.proj]
BuildAssembler : warning : ResolveReferenceLinksComponent: [T:PokeDexManager.InfMultTabla] Unknown reference link target &#39;T:CrystalDecisions.CrystalReports.Engine.ReportClass&#39;. [F:\DI\di\Proyecto\PokeDexManager\Help\Working\BuildTopics.proj]
BuildAssembler : warning : ResolveReferenceLinksComponent: [T:PokeDexManager.InfMultTabla] Unknown reference link target &#39;M:CrystalDecisions.CrystalReports.Engine.ReportDocument.Load(System.String)&#39;. [F:\DI\di\Proyecto\PokeDexManager\Help\Working\BuildTopics.proj]
BuildAssembler : warning : ResolveReferenceLinksComponent: [T:PokeDexManager.InfMultTabla] Unknown reference link target &#39;T:CrystalDecisions.CrystalReports.Engine.ReportDocument&#39;. [F:\DI\di\Proyecto\PokeDexManager\Help\Working\BuildTopics.proj]
BuildAssembler : warning : ResolveReferenceLinksComponent: [T:PokeDexManager.InfMultTabla] Unknown reference link target &#39;M:CrystalDecisions.CrystalReports.Engine.ReportDocument.Load(System.String,CrystalDecisions.Shared.OpenReportMethod)&#39;. [F:\DI\di\Proyecto\PokeDexManager\Help\Working\BuildTopics.proj]
BuildAssembler : warning : ResolveReferenceLinksComponent: [T:PokeDexManager.InfMultTabla] Unknown reference link target &#39;T:CrystalDecisions.CrystalReports.Engine.ReportDocument&#39;. [F:\DI\di\Proyecto\PokeDexManager\Help\Working\BuildTopics.proj]
BuildAssembler : warning : ResolveReferenceLinksComponent: [T:PokeDexManager.InfMultTabla] Unknown reference link target &#39;M:CrystalDecisions.CrystalReports.Engine.ReportDocument.Load(System.String,System.String)&#39;. [F:\DI\di\Proyecto\PokeDexManager\Help\Working\BuildTopics.proj]
BuildAssembler : warning : ResolveReferenceLinksComponent: [T:PokeDexManager.InfMultTabla] Unknown reference link target &#39;T:CrystalDecisions.CrystalReports.Engine.ReportDocument&#39;. [F:\DI\di\Proyecto\PokeDexManager\Help\Working\BuildTopics.proj]
BuildAssembler : warning : ResolveReferenceLinksComponent: [T:PokeDexManager.InfMultTabla] Unknown reference link target &#39;M:CrystalDecisions.CrystalReports.Engine.ReportClass.Load(System.String,CrystalDecisions.Shared.OpenReportMethod,System.Int16)&#39;. [F:\DI\di\Proyecto\PokeDexManager\Help\Working\BuildTopics.proj]
BuildAssembler : warning : ResolveReferenceLinksComponent: [T:PokeDexManager.InfMultTabla] Unknown reference link target &#39;T:CrystalDecisions.CrystalReports.Engine.ReportClass&#39;. [F:\DI\di\Proyecto\PokeDexManager\Help\Working\BuildTopics.proj]
BuildAssembler : warning : ResolveReferenceLinksComponent: [T:PokeDexManager.InfMultTabla] Unknown reference link target &#39;M:CrystalDecisions.CrystalReports.Engine.ReportDocument.OpenSubreport(System.String)&#39;. [F:\DI\di\Proyecto\PokeDexManager\Help\Working\BuildTopics.proj]
BuildAssembler : warning : ResolveReferenceLinksComponent: [T:PokeDexManager.InfMultTabla] Unknown reference link target &#39;T:CrystalDecisions.CrystalReports.Engine.ReportDocument&#39;. [F:\DI\di\Proyecto\PokeDexManager\Help\Working\BuildTopics.proj]
BuildAssembler : warning : ResolveReferenceLinksComponent: [T:PokeDexManager.InfMultTabla] Unknown reference link target &#39;M:CrystalDecisions.CrystalReports.Engine.ReportDocument.PrintToPrinter(System.Drawing.Printing.PrinterSettings,System.Drawing.Printing.PageSettings,System.Boolean)&#39;. [F:\DI\di\Proyecto\PokeDexManager\Help\Working\BuildTopics.proj]
BuildAssembler : warning : ResolveReferenceLinksComponent: [T:PokeDexManager.InfMultTabla] Unknown reference link target &#39;T:CrystalDecisions.CrystalReports.Engine.ReportDocument&#39;. [F:\DI\di\Proyecto\PokeDexManager\Help\Working\BuildTopics.proj]
BuildAssembler : warning : ResolveReferenceLinksComponent: [T:PokeDexManager.InfMultTabla] Unknown reference link target &#39;M:CrystalDecisions.CrystalReports.Engine.ReportDocument.PrintToPrinter(System.Int32,System.Boolean,System.Int32,System.Int32)&#39;. [F:\DI\di\Proyecto\PokeDexManager\Help\Working\BuildTopics.proj]
BuildAssembler : warning : ResolveReferenceLinksComponent: [T:PokeDexManager.InfMultTabla] Unknown reference link target &#39;T:CrystalDecisions.CrystalReports.Engine.ReportDocument&#39;. [F:\DI\di\Proyecto\PokeDexManager\Help\Working\BuildTopics.proj]
BuildAssembler : warning : ResolveReferenceLinksComponent: [T:PokeDexManager.InfMultTabla] Unknown reference link target &#39;M:CrystalDecisions.CrystalReports.Engine.ReportDocument.PrintToPrinter(System.Drawing.Printing.PrinterSettings,System.Drawing.Printing.PageSettings,System.Boolean,CrystalDecisions.Shared.PrintLayoutSettings)&#39;. [F:\DI\di\Proyecto\PokeDexManager\Help\Working\BuildTopics.proj]
BuildAssembler : warning : ResolveReferenceLinksComponent: [T:PokeDexManager.InfMultTabla] Unknown reference link target &#39;T:CrystalDecisions.CrystalReports.Engine.ReportDocument&#39;. [F:\DI\di\Proyecto\PokeDexManager\Help\Working\BuildTopics.proj]
BuildAssembler : warning : ResolveReferenceLinksComponent: [T:PokeDexManager.InfMultTabla] Unknown reference link target &#39;M:CrystalDecisions.CrystalReports.Engine.ReportDocument.ReadRecords&#39;. [F:\DI\di\Proyecto\PokeDexManager\Help\Working\BuildTopics.proj]
BuildAssembler : warning : ResolveReferenceLinksComponent: [T:PokeDexManager.InfMultTabla] Unknown reference link target &#39;T:CrystalDecisions.CrystalReports.Engine.ReportDocument&#39;. [F:\DI\di\Proyecto\PokeDexManager\Help\Working\BuildTopics.proj]
BuildAssembler : warning : ResolveReferenceLinksComponent: [T:PokeDexManager.InfMultTabla] Unknown reference link target &#39;M:CrystalDecisions.CrystalReports.Engine.ReportDocument.Refresh&#39;. [F:\DI\di\Proyecto\PokeDexManager\Help\Working\BuildTopics.proj]
BuildAssembler : warning : ResolveReferenceLinksComponent: [T:PokeDexManager.InfMultTabla] Unknown reference link target &#39;T:CrystalDecisions.CrystalReports.Engine.ReportDocument&#39;. [F:\DI\di\Proyecto\PokeDexManager\Help\Working\BuildTopics.proj]
BuildAssembler : warning : ResolveReferenceLinksComponent: [T:PokeDexManager.InfMultTabla] Unknown reference link target &#39;M:CrystalDecisions.CrystalReports.Engine.ReportDocument.SaveAs(System.String)&#39;. [F:\DI\di\Proyecto\PokeDexManager\Help\Working\BuildTopics.proj]
BuildAssembler : warning : ResolveReferenceLinksComponent: [T:PokeDexManager.InfMultTabla] Unknown reference link target &#39;T:CrystalDecisions.CrystalReports.Engine.ReportDocument&#39;. [F:\DI\di\Proyecto\PokeDexManager\Help\Working\BuildTopics.proj]
BuildAssembler : warning : ResolveReferenceLinksComponent: [T:PokeDexManager.InfMultTabla] Unknown reference link target &#39;M:CrystalDecisions.CrystalReports.Engine.ReportDocument.SaveAs(System.String,System.Boolean)&#39;. [F:\DI\di\Proyecto\PokeDexManager\Help\Working\BuildTopics.proj]
BuildAssembler : warning : ResolveReferenceLinksComponent: [T:PokeDexManager.InfMultTabla] Unknown reference link target &#39;T:CrystalDecisions.CrystalReports.Engine.ReportDocument&#39;. [F:\DI\di\Proyecto\PokeDexManager\Help\Working\BuildTopics.proj]
BuildAssembler : warning : ResolveReferenceLinksComponent: [T:PokeDexManager.InfMultTabla] Unknown reference link target &#39;M:CrystalDecisions.CrystalReports.Engine.ReportDocument.SetCssClass(CrystalDecisions.Shared.ObjectScope,System.String)&#39;. [F:\DI\di\Proyecto\PokeDexManager\Help\Working\BuildTopics.proj]
BuildAssembler : warning : ResolveReferenceLinksComponent: [T:PokeDexManager.InfMultTabla] Unknown reference link target &#39;T:CrystalDecisions.CrystalReports.Engine.ReportDocument&#39;. [F:\DI\di\Proyecto\PokeDexManager\Help\Working\BuildTopics.proj]
BuildAssembler : warning : ResolveReferenceLinksComponent: [T:PokeDexManager.InfMultTabla] Unknown reference link target &#39;M:CrystalDecisions.CrystalReports.Engine.ReportDocument.SetDatabaseLogon(System.String,System.String)&#39;. [F:\DI\di\Proyecto\PokeDexManager\Help\Working\BuildTopics.proj]
BuildAssembler : warning : ResolveReferenceLinksComponent: [T:PokeDexManager.InfMultTabla] Unknown reference link target &#39;T:CrystalDecisions.CrystalReports.Engine.ReportDocument&#39;. [F:\DI\di\Proyecto\PokeDexManager\Help\Working\BuildTopics.proj]
BuildAssembler : warning : ResolveReferenceLinksComponent: [T:PokeDexManager.InfMultTabla] Unknown reference link target &#39;M:CrystalDecisions.CrystalReports.Engine.ReportDocument.SetDatabaseLogon(System.String,System.String,System.String,System.String)&#39;. [F:\DI\di\Proyecto\PokeDexManager\Help\Working\BuildTopics.proj]
BuildAssembler : warning : ResolveReferenceLinksComponent: [T:PokeDexManager.InfMultTabla] Unknown reference link target &#39;T:CrystalDecisions.CrystalReports.Engine.ReportDocument&#39;. [F:\DI\di\Proyecto\PokeDexManager\Help\Working\BuildTopics.proj]
BuildAssembler : warning : ResolveReferenceLinksComponent: [T:PokeDexManager.InfMultTabla] Unknown reference link target &#39;M:CrystalDecisions.CrystalReports.Engine.ReportDocument.SetDatabaseLogon(System.String,System.String,System.String,System.String,System.Boolean)&#39;. [F:\DI\di\Proyecto\PokeDexManager\Help\Working\BuildTopics.proj]
BuildAssembler : warning : ResolveReferenceLinksComponent: [T:PokeDexManager.InfMultTabla] Unknown reference link target &#39;T:CrystalDecisions.CrystalReports.Engine.ReportDocument&#39;. [F:\DI\di\Proyecto\PokeDexManager\Help\Working\BuildTopics.proj]
BuildAssembler : warning : ResolveReferenceLinksComponent: [T:PokeDexManager.InfMultTabla] Unknown reference link target &#39;M:CrystalDecisions.CrystalReports.Engine.ReportDocument.SetDataSource(System.Data.DataSet)&#39;. [F:\DI\di\Proyecto\PokeDexManager\Help\Working\BuildTopics.proj]
BuildAssembler : warning : ResolveReferenceLinksComponent: [T:PokeDexManager.InfMultTabla] Unknown reference link target &#39;T:CrystalDecisions.CrystalReports.Engine.ReportDocument&#39;. [F:\DI\di\Proyecto\PokeDexManager\Help\Working\BuildTopics.proj]
BuildAssembler : warning : ResolveReferenceLinksComponent: [T:PokeDexManager.InfMultTabla] Unknown reference link target &#39;M:CrystalDecisions.CrystalReports.Engine.ReportDocument.SetDataSource(System.Data.DataTable)&#39;. [F:\DI\di\Proyecto\PokeDexManager\Help\Working\BuildTopics.proj]
BuildAssembler : warning : ResolveReferenceLinksComponent: [T:PokeDexManager.InfMultTabla] Unknown reference link target &#39;T:CrystalDecisions.CrystalReports.Engine.ReportDocument&#39;. [F:\DI\di\Proyecto\PokeDexManager\Help\Working\BuildTopics.proj]
BuildAssembler : warning : ResolveReferenceLinksComponent: [T:PokeDexManager.InfMultTabla] Unknown reference link target &#39;M:CrystalDecisions.CrystalReports.Engine.ReportDocument.SetDataSource(System.Data.IDataReader)&#39;. [F:\DI\di\Proyecto\PokeDexManager\Help\Working\BuildTopics.proj]
BuildAssembler : warning : ResolveReferenceLinksComponent: [T:PokeDexManager.InfMultTabla] Unknown reference link target &#39;T:CrystalDecisions.CrystalReports.Engine.ReportDocument&#39;. [F:\DI\di\Proyecto\PokeDexManager\Help\Working\BuildTopics.proj]
BuildAssembler : warning : ResolveReferenceLinksComponent: [T:PokeDexManager.InfMultTabla] Unknown reference link target &#39;M:CrystalDecisions.CrystalReports.Engine.ReportDocument.SetDataSource(System.Collections.IEnumerable)&#39;. [F:\DI\di\Proyecto\PokeDexManager\Help\Working\BuildTopics.proj]
BuildAssembler : warning : ResolveReferenceLinksComponent: [T:PokeDexManager.InfMultTabla] Unknown reference link target &#39;T:CrystalDecisions.CrystalReports.Engine.ReportDocument&#39;. [F:\DI\di\Proyecto\PokeDexManager\Help\Working\BuildTopics.proj]
BuildAssembler : warning : ResolveReferenceLinksComponent: [T:PokeDexManager.InfMultTabla] Unknown reference link target &#39;M:CrystalDecisions.CrystalReports.Engine.ReportDocument.SetParameterValue(System.Int32,System.Object)&#39;. [F:\DI\di\Proyecto\PokeDexManager\Help\Working\BuildTopics.proj]
BuildAssembler : warning : ResolveReferenceLinksComponent: [T:PokeDexManager.InfMultTabla] Unknown reference link target &#39;T:CrystalDecisions.CrystalReports.Engine.ReportDocument&#39;. [F:\DI\di\Proyecto\PokeDexManager\Help\Working\BuildTopics.proj]
BuildAssembler : warning : ResolveReferenceLinksComponent: [T:PokeDexManager.InfMultTabla] Unknown reference link target &#39;M:CrystalDecisions.CrystalReports.Engine.ReportDocument.SetParameterValue(System.String,System.Object)&#39;. [F:\DI\di\Proyecto\PokeDexManager\Help\Working\BuildTopics.proj]
BuildAssembler : warning : ResolveReferenceLinksComponent: [T:PokeDexManager.InfMultTabla] Unknown reference link target &#39;T:CrystalDecisions.CrystalReports.Engine.ReportDocument&#39;. [F:\DI\di\Proyecto\PokeDexManager\Help\Working\BuildTopics.proj]
BuildAssembler : warning : ResolveReferenceLinksComponent: [T:PokeDexManager.InfMultTabla] Unknown reference link target &#39;M:CrystalDecisions.CrystalReports.Engine.ReportDocument.SetParameterValue(System.String,System.Object,System.String)&#39;. [F:\DI\di\Proyecto\PokeDexManager\Help\Working\BuildTopics.proj]
BuildAssembler : warning : ResolveReferenceLinksComponent: [T:PokeDexManager.InfMultTabla] Unknown reference link target &#39;T:CrystalDecisions.CrystalReports.Engine.ReportDocument&#39;. [F:\DI\di\Proyecto\PokeDexManager\Help\Working\BuildTopics.proj]
BuildAssembler : warning : ResolveReferenceLinksComponent: [T:PokeDexManager.InfMultTabla] Unknown reference link target &#39;M:CrystalDecisions.CrystalReports.Engine.ReportDocument.SetSQLCommandTable(CrystalDecisions.Shared.ConnectionInfo,System.String,System.String)&#39;. [F:\DI\di\Proyecto\PokeDexManager\Help\Working\BuildTopics.proj]
BuildAssembler : warning : ResolveReferenceLinksComponent: [T:PokeDexManager.InfMultTabla] Unknown reference link target &#39;T:CrystalDecisions.CrystalReports.Engine.ReportDocument&#39;. [F:\DI\di\Proyecto\PokeDexManager\Help\Working\BuildTopics.proj]
BuildAssembler : warning : ResolveReferenceLinksComponent: [T:PokeDexManager.InfMultTabla] Unknown reference link target &#39;M:CrystalDecisions.CrystalReports.Engine.ReportDocument.VerifyDatabase&#39;. [F:\DI\di\Proyecto\PokeDexManager\Help\Working\BuildTopics.proj]
BuildAssembler : warning : ResolveReferenceLinksComponent: [T:PokeDexManager.InfMultTabla] Unknown reference link target &#39;T:CrystalDecisions.CrystalReports.Engine.ReportDocument&#39;. [F:\DI\di\Proyecto\PokeDexManager\Help\Working\BuildTopics.proj]
BuildAssembler : warning : ResolveReferenceLinksComponent: [T:PokeDexManager.InfMultTabla] Unknown reference link target &#39;E:CrystalDecisions.CrystalReports.Engine.ReportDocument.AfterFormatPage&#39;. [F:\DI\di\Proyecto\PokeDexManager\Help\Working\BuildTopics.proj]
BuildAssembler : warning : ResolveReferenceLinksComponent: [T:PokeDexManager.InfMultTabla] Unknown reference link target &#39;T:CrystalDecisions.CrystalReports.Engine.ReportDocument&#39;. [F:\DI\di\Proyecto\PokeDexManager\Help\Working\BuildTopics.proj]
BuildAssembler : warning : ResolveReferenceLinksComponent: [T:PokeDexManager.InfMultTabla] Unknown reference link target &#39;E:CrystalDecisions.CrystalReports.Engine.ReportDocument.BeforeFormatPage&#39;. [F:\DI\di\Proyecto\PokeDexManager\Help\Working\BuildTopics.proj]
BuildAssembler : warning : ResolveReferenceLinksComponent: [T:PokeDexManager.InfMultTabla] Unknown reference link target &#39;T:CrystalDecisions.CrystalReports.Engine.ReportDocument&#39;. [F:\DI\di\Proyecto\PokeDexManager\Help\Working\BuildTopics.proj]
BuildAssembler : warning : ResolveReferenceLinksComponent: [T:PokeDexManager.InfMultTabla] Unknown reference link target &#39;E:CrystalDecisions.CrystalReports.Engine.ReportDocument.FieldMapping&#39;. [F:\DI\di\Proyecto\PokeDexManager\Help\Working\BuildTopics.proj]
BuildAssembler : warning : ResolveReferenceLinksComponent: [T:PokeDexManager.InfMultTabla] Unknown reference link target &#39;T:CrystalDecisions.CrystalReports.Engine.ReportDocument&#39;. [F:\DI\di\Proyecto\PokeDexManager\Help\Working\BuildTopics.proj]
BuildAssembler : warning : ResolveReferenceLinksComponent: [T:PokeDexManager.InfMultTabla] Unknown reference link target &#39;E:CrystalDecisions.CrystalReports.Engine.ReportDocument.FormatSection&#39;. [F:\DI\di\Proyecto\PokeDexManager\Help\Working\BuildTopics.proj]
BuildAssembler : warning : ResolveReferenceLinksComponent: [T:PokeDexManager.InfMultTabla] Unknown reference link target &#39;T:CrystalDecisions.CrystalReports.Engine.ReportDocument&#39;. [F:\DI\di\Proyecto\PokeDexManager\Help\Working\BuildTopics.proj]
BuildAssembler : warning : ResolveReferenceLinksComponent: [T:PokeDexManager.InfMultTabla] Unknown reference link target &#39;E:CrystalDecisions.CrystalReports.Engine.ReportDocument.InitReport&#39;. [F:\DI\di\Proyecto\PokeDexManager\Help\Working\BuildTopics.proj]
BuildAssembler : warning : ResolveReferenceLinksComponent: [T:PokeDexManager.InfMultTabla] Unknown reference link target &#39;T:CrystalDecisions.CrystalReports.Engine.ReportDocument&#39;. [F:\DI\di\Proyecto\PokeDexManager\Help\Working\BuildTopics.proj]
BuildAssembler : warning : ResolveReferenceLinksComponent: [T:PokeDexManager.InfMultTabla] Unknown reference link target &#39;E:CrystalDecisions.CrystalReports.Engine.ReportDocument.NoData&#39;. [F:\DI\di\Proyecto\PokeDexManager\Help\Working\BuildTopics.proj]
BuildAssembler : warning : ResolveReferenceLinksComponent: [T:PokeDexManager.InfMultTabla] Unknown reference link target &#39;T:CrystalDecisions.CrystalReports.Engine.ReportDocument&#39;. [F:\DI\di\Proyecto\PokeDexManager\Help\Working\BuildTopics.proj]
BuildAssembler : warning : ResolveReferenceLinksComponent: [T:PokeDexManager.InfMultTabla] Unknown reference link target &#39;E:CrystalDecisions.CrystalReports.Engine.ReportDocument.RefreshReport&#39;. [F:\DI\di\Proyecto\PokeDexManager\Help\Working\BuildTopics.proj]
BuildAssembler : warning : ResolveReferenceLinksComponent: [T:PokeDexManager.InfMultTabla] Unknown reference link target &#39;T:CrystalDecisions.CrystalReports.Engine.ReportDocument&#39;. [F:\DI\di\Proyecto\PokeDexManager\Help\Working\BuildTopics.proj]
BuildAssembler : warning : ResolveReferenceLinksComponent: [T:PokeDexManager.InfMultTabla] Unknown reference link target &#39;F:CrystalDecisions.CrystalReports.Engine.ReportDocument.m_entRptDoc&#39;. [F:\DI\di\Proyecto\PokeDexManager\Help\Working\BuildTopics.proj]
BuildAssembler : warning : ResolveReferenceLinksComponent: [T:PokeDexManager.InfMultTabla] Unknown reference link target &#39;T:CrystalDecisions.CrystalReports.Engine.ReportDocument&#39;. [F:\DI\di\Proyecto\PokeDexManager\Help\Working\BuildTopics.proj]
BuildAssembler : warning : ResolveReferenceLinksComponent: [T:PokeDexManager.InfMultTabla] Unknown reference link target &#39;F:CrystalDecisions.CrystalReports.Engine.ReportDocument.m_formatEngine&#39;. [F:\DI\di\Proyecto\PokeDexManager\Help\Working\BuildTopics.proj]
BuildAssembler : warning : ResolveReferenceLinksComponent: [T:PokeDexManager.InfMultTabla] Unknown reference link target &#39;T:CrystalDecisions.CrystalReports.Engine.ReportDocument&#39;. [F:\DI\di\Proyecto\PokeDexManager\Help\Working\BuildTopics.proj]
BuildAssembler : warning : ResolveReferenceLinksComponent: [T:PokeDexManager.InfMultTabla] Unknown reference link target &#39;F:CrystalDecisions.CrystalReports.Engine.ReportDocument.m_iUseCount&#39;. [F:\DI\di\Proyecto\PokeDexManager\Help\Working\BuildTopics.proj]
BuildAssembler : warning : ResolveReferenceLinksComponent: [T:PokeDexManager.InfMultTabla] Unknown reference link target &#39;T:CrystalDecisions.CrystalReports.Engine.ReportDocument&#39;. [F:\DI\di\Proyecto\PokeDexManager\Help\Working\BuildTopics.proj]
BuildAssembler : warning : ResolveReferenceLinksComponent: [T:PokeDexManager.InfMultTabla] Unknown reference link target &#39;F:CrystalDecisions.CrystalReports.Engine.ReportClass.m_sTempFilename&#39;. [F:\DI\di\Proyecto\PokeDexManager\Help\Working\BuildTopics.proj]
BuildAssembler : warning : ResolveReferenceLinksComponent: [T:PokeDexManager.InfMultTabla] Unknown reference link target &#39;T:CrystalDecisions.CrystalReports.Engine.ReportClass&#39;. [F:\DI\di\Proyecto\PokeDexManager\Help\Working\BuildTopics.proj]
BuildAssembler : warning : ResolveReferenceLinksComponent: [Methods.T:PokeDexManager.InfMultTabla] Unknown reference link target &#39;M:CrystalDecisions.CrystalReports.Engine.ReportDocument.CheckLicenseStatus&#39;. [F:\DI\di\Proyecto\PokeDexManager\Help\Working\BuildTopics.proj]
BuildAssembler : warning : ResolveReferenceLinksComponent: [Methods.T:PokeDexManager.InfMultTabla] Unknown reference link target &#39;T:CrystalDecisions.CrystalReports.Engine.ReportDocument&#39;. [F:\DI\di\Proyecto\PokeDexManager\Help\Working\BuildTopics.proj]
BuildAssembler : warning : ResolveReferenceLinksComponent: [Methods.T:PokeDexManager.InfMultTabla] Unknown reference link target &#39;M:CrystalDecisions.CrystalReports.Engine.ReportDocument.Clone&#39;. [F:\DI\di\Proyecto\PokeDexManager\Help\Working\BuildTopics.proj]
BuildAssembler : warning : ResolveReferenceLinksComponent: [Methods.T:PokeDexManager.InfMultTabla] Unknown reference link target &#39;T:CrystalDecisions.CrystalReports.Engine.ReportDocument&#39;. [F:\DI\di\Proyecto\PokeDexManager\Help\Working\BuildTopics.proj]
BuildAssembler : warning : ResolveReferenceLinksComponent: [Methods.T:PokeDexManager.InfMultTabla] Unknown reference link target &#39;M:CrystalDecisions.CrystalReports.Engine.ReportDocument.Close&#39;. [F:\DI\di\Proyecto\PokeDexManager\Help\Working\BuildTopics.proj]
BuildAssembler : warning : ResolveReferenceLinksComponent: [Methods.T:PokeDexManager.InfMultTabla] Unknown reference link target &#39;T:CrystalDecisions.CrystalReports.Engine.ReportDocument&#39;. [F:\DI\di\Proyecto\PokeDexManager\Help\Working\BuildTopics.proj]
BuildAssembler : warning : ResolveReferenceLinksComponent: [Methods.T:PokeDexManager.InfMultTabla] Unknown reference link target &#39;M:CrystalDecisions.CrystalReports.Engine.ReportClass.Dispose(System.Boolean)&#39;. [F:\DI\di\Proyecto\PokeDexManager\Help\Working\BuildTopics.proj]
BuildAssembler : warning : ResolveReferenceLinksComponent: [Methods.T:PokeDexManager.InfMultTabla] Unknown reference link target &#39;T:CrystalDecisions.CrystalReports.Engine.ReportClass&#39;. [F:\DI\di\Proyecto\PokeDexManager\Help\Working\BuildTopics.proj]
BuildAssembler : warning : ResolveReferenceLinksComponent: [Methods.T:PokeDexManager.InfMultTabla] Unknown reference link target &#39;M:CrystalDecisions.CrystalReports.Engine.ReportDocument.EnableEvent(CrystalDecisions.CrystalReports.Engine.EventEnabledArgs)&#39;. [F:\DI\di\Proyecto\PokeDexManager\Help\Working\BuildTopics.proj]
BuildAssembler : warning : ResolveReferenceLinksComponent: [Methods.T:PokeDexManager.InfMultTabla] Unknown reference link target &#39;T:CrystalDecisions.CrystalReports.Engine.ReportDocument&#39;. [F:\DI\di\Proyecto\PokeDexManager\Help\Working\BuildTopics.proj]
BuildAssembler : warning : ResolveReferenceLinksComponent: [Methods.T:PokeDexManager.InfMultTabla] Unknown reference link target &#39;M:CrystalDecisions.CrystalReports.Engine.ReportDocument.Export(CrystalDecisions.Shared.ExportOptions)&#39;. [F:\DI\di\Proyecto\PokeDexManager\Help\Working\BuildTopics.proj]
BuildAssembler : warning : ResolveReferenceLinksComponent: [Methods.T:PokeDexManager.InfMultTabla] Unknown reference link target &#39;T:CrystalDecisions.CrystalReports.Engine.ReportDocument&#39;. [F:\DI\di\Proyecto\PokeDexManager\Help\Working\BuildTopics.proj]
BuildAssembler : warning : ResolveReferenceLinksComponent: [Methods.T:PokeDexManager.InfMultTabla] Unknown reference link target &#39;M:CrystalDecisions.CrystalReports.Engine.ReportDocument.ExportToDisk(CrystalDecisions.Shared.ExportFormatType,System.String)&#39;. [F:\DI\di\Proyecto\PokeDexManager\Help\Working\BuildTopics.proj]
BuildAssembler : warning : ResolveReferenceLinksComponent: [Methods.T:PokeDexManager.InfMultTabla] Unknown reference link target &#39;T:CrystalDecisions.CrystalReports.Engine.ReportDocument&#39;. [F:\DI\di\Proyecto\PokeDexManager\Help\Working\BuildTopics.proj]
BuildAssembler : warning : ResolveReferenceLinksComponent: [Methods.T:PokeDexManager.InfMultTabla] Unknown reference link target &#39;M:CrystalDecisions.CrystalReports.Engine.ReportDocument.ExportToHttpResponse(CrystalDecisions.Shared.ExportFormatType,System.Web.HttpResponse,System.Boolean,System.String)&#39;. [F:\DI\di\Proyecto\PokeDexManager\Help\Working\BuildTopics.proj]
BuildAssembler : warning : ResolveReferenceLinksComponent: [Methods.T:PokeDexManager.InfMultTabla] Unknown reference link target &#39;T:CrystalDecisions.CrystalReports.Engine.ReportDocument&#39;. [F:\DI\di\Proyecto\PokeDexManager\Help\Working\BuildTopics.proj]
BuildAssembler : warning : ResolveReferenceLinksComponent: [Methods.T:PokeDexManager.InfMultTabla] Unknown reference link target &#39;M:CrystalDecisions.CrystalReports.Engine.ReportDocument.ExportToHttpResponse(CrystalDecisions.Shared.ExportOptions,System.Web.HttpResponse,System.Boolean,System.String)&#39;. [F:\DI\di\Proyecto\PokeDexManager\Help\Working\BuildTopics.proj]
BuildAssembler : warning : ResolveReferenceLinksComponent: [Methods.T:PokeDexManager.InfMultTabla] Unknown reference link target &#39;T:CrystalDecisions.CrystalReports.Engine.ReportDocument&#39;. [F:\DI\di\Proyecto\PokeDexManager\Help\Working\BuildTopics.proj]
BuildAssembler : warning : ResolveReferenceLinksComponent: [Methods.T:PokeDexManager.InfMultTabla] Unknown reference link target &#39;M:CrystalDecisions.CrystalReports.Engine.ReportDocument.ExportToStream(CrystalDecisions.Shared.ExportFormatType)&#39;. [F:\DI\di\Proyecto\PokeDexManager\Help\Working\BuildTopics.proj]
BuildAssembler : warning : ResolveReferenceLinksComponent: [Methods.T:PokeDexManager.InfMultTabla] Unknown reference link target &#39;T:CrystalDecisions.CrystalReports.Engine.ReportDocument&#39;. [F:\DI\di\Proyecto\PokeDexManager\Help\Working\BuildTopics.proj]
BuildAssembler : warning : ResolveReferenceLinksComponent: [Methods.T:PokeDexManager.InfMultTabla] Unknown reference link target &#39;M:CrystalDecisions.CrystalReports.Engine.ReportClass.Finalize&#39;. [F:\DI\di\Proyecto\PokeDexManager\Help\Working\BuildTopics.proj]
BuildAssembler : warning : ResolveReferenceLinksComponent: [Methods.T:PokeDexManager.InfMultTabla] Unknown reference link target &#39;T:CrystalDecisions.CrystalReports.Engine.ReportClass&#39;. [F:\DI\di\Proyecto\PokeDexManager\Help\Working\BuildTopics.proj]
BuildAssembler : warning : ResolveReferenceLinksComponent: [Methods.T:PokeDexManager.InfMultTabla] Unknown reference link target &#39;M:CrystalDecisions.CrystalReports.Engine.ReportDocument.GetAttributes&#39;. [F:\DI\di\Proyecto\PokeDexManager\Help\Working\BuildTopics.proj]
BuildAssembler : warning : ResolveReferenceLinksComponent: [Methods.T:PokeDexManager.InfMultTabla] Unknown reference link target &#39;T:CrystalDecisions.CrystalReports.Engine.ReportDocument&#39;. [F:\DI\di\Proyecto\PokeDexManager\Help\Working\BuildTopics.proj]
BuildAssembler : warning : ResolveReferenceLinksComponent: [Methods.T:PokeDexManager.InfMultTabla] Unknown reference link target &#39;M:CrystalDecisions.CrystalReports.Engine.ReportDocument.GetClassName&#39;. [F:\DI\di\Proyecto\PokeDexManager\Help\Working\BuildTopics.proj]
BuildAssembler : warning : ResolveReferenceLinksComponent: [Methods.T:PokeDexManager.InfMultTabla] Unknown reference link target &#39;T:CrystalDecisions.CrystalReports.Engine.ReportDocument&#39;. [F:\DI\di\Proyecto\PokeDexManager\Help\Working\BuildTopics.proj]
BuildAssembler : warning : ResolveReferenceLinksComponent: [Methods.T:PokeDexManager.InfMultTabla] Unknown reference link target &#39;M:CrystalDecisions.CrystalReports.Engine.ReportDocument.GetComponentName&#39;. [F:\DI\di\Proyecto\PokeDexManager\Help\Working\BuildTopics.proj]
BuildAssembler : warning : ResolveReferenceLinksComponent: [Methods.T:PokeDexManager.InfMultTabla] Unknown reference link target &#39;T:CrystalDecisions.CrystalReports.Engine.ReportDocument&#39;. [F:\DI\di\Proyecto\PokeDexManager\Help\Working\BuildTopics.proj]
BuildAssembler : warning : ResolveReferenceLinksComponent: [Methods.T:PokeDexManager.InfMultTabla] Unknown reference link target &#39;M:CrystalDecisions.CrystalReports.Engine.ReportDocument.GetConverter&#39;. [F:\DI\di\Proyecto\PokeDexManager\Help\Working\BuildTopics.proj]
BuildAssembler : warning : ResolveReferenceLinksComponent: [Methods.T:PokeDexManager.InfMultTabla] Unknown reference link target &#39;T:CrystalDecisions.CrystalReports.Engine.ReportDocument&#39;. [F:\DI\di\Proyecto\PokeDexManager\Help\Working\BuildTopics.proj]
BuildAssembler : warning : ResolveReferenceLinksComponent: [Methods.T:PokeDexManager.InfMultTabla] Unknown reference link target &#39;M:CrystalDecisions.CrystalReports.Engine.ReportDocument.GetDefaultEvent&#39;. [F:\DI\di\Proyecto\PokeDexManager\Help\Working\BuildTopics.proj]
BuildAssembler : warning : ResolveReferenceLinksComponent: [Methods.T:PokeDexManager.InfMultTabla] Unknown reference link target &#39;T:CrystalDecisions.CrystalReports.Engine.ReportDocument&#39;. [F:\DI\di\Proyecto\PokeDexManager\Help\Working\BuildTopics.proj]
BuildAssembler : warning : ResolveReferenceLinksComponent: [Methods.T:PokeDexManager.InfMultTabla] Unknown reference link target &#39;M:CrystalDecisions.CrystalReports.Engine.ReportDocument.GetDefaultProperty&#39;. [F:\DI\di\Proyecto\PokeDexManager\Help\Working\BuildTopics.proj]
BuildAssembler : warning : ResolveReferenceLinksComponent: [Methods.T:PokeDexManager.InfMultTabla] Unknown reference link target &#39;T:CrystalDecisions.CrystalReports.Engine.ReportDocument&#39;. [F:\DI\di\Proyecto\PokeDexManager\Help\Working\BuildTopics.proj]
BuildAssembler : warning : ResolveReferenceLinksComponent: [Methods.T:PokeDexManager.InfMultTabla] Unknown reference link target &#39;M:CrystalDecisions.CrystalReports.Engine.ReportDocument.GetEditor(System.Type)&#39;. [F:\DI\di\Proyecto\PokeDexManager\Help\Working\BuildTopics.proj]
BuildAssembler : warning : ResolveReferenceLinksComponent: [Methods.T:PokeDexManager.InfMultTabla] Unknown reference link target &#39;T:CrystalDecisions.CrystalReports.Engine.ReportDocument&#39;. [F:\DI\di\Proyecto\PokeDexManager\Help\Working\BuildTopics.proj]
BuildAssembler : warning : ResolveReferenceLinksComponent: [Methods.T:PokeDexManager.InfMultTabla] Unknown reference link target &#39;M:CrystalDecisions.CrystalReports.Engine.ReportDocument.GetEvents&#39;. [F:\DI\di\Proyecto\PokeDexManager\Help\Working\BuildTopics.proj]
BuildAssembler : warning : ResolveReferenceLinksComponent: [Methods.T:PokeDexManager.InfMultTabla] Unknown reference link target &#39;T:CrystalDecisions.CrystalReports.Engine.ReportDocument&#39;. [F:\DI\di\Proyecto\PokeDexManager\Help\Working\BuildTopics.proj]
BuildAssembler : warning : ResolveReferenceLinksComponent: [Methods.T:PokeDexManager.InfMultTabla] Unknown reference link target &#39;M:CrystalDecisions.CrystalReports.Engine.ReportDocument.GetEvents(System.Attribute[])&#39;. [F:\DI\di\Proyecto\PokeDexManager\Help\Working\BuildTopics.proj]
BuildAssembler : warning : ResolveReferenceLinksComponent: [Methods.T:PokeDexManager.InfMultTabla] Unknown reference link target &#39;T:CrystalDecisions.CrystalReports.Engine.ReportDocument&#39;. [F:\DI\di\Proyecto\PokeDexManager\Help\Working\BuildTopics.proj]
BuildAssembler : warning : ResolveReferenceLinksComponent: [Methods.T:PokeDexManager.InfMultTabla] Unknown reference link target &#39;M:CrystalDecisions.CrystalReports.Engine.ReportDocument.GetProperties&#39;. [F:\DI\di\Proyecto\PokeDexManager\Help\Working\BuildTopics.proj]
BuildAssembler : warning : ResolveReferenceLinksComponent: [Methods.T:PokeDexManager.InfMultTabla] Unknown reference link target &#39;T:CrystalDecisions.CrystalReports.Engine.ReportDocument&#39;. [F:\DI\di\Proyecto\PokeDexManager\Help\Working\BuildTopics.proj]
BuildAssembler : warning : ResolveReferenceLinksComponent: [Methods.T:PokeDexManager.InfMultTabla] Unknown reference link target &#39;M:CrystalDecisions.CrystalReports.Engine.ReportDocument.GetProperties(System.Attribute[])&#39;. [F:\DI\di\Proyecto\PokeDexManager\Help\Working\BuildTopics.proj]
BuildAssembler : warning : ResolveReferenceLinksComponent: [Methods.T:PokeDexManager.InfMultTabla] Unknown reference link target &#39;T:CrystalDecisions.CrystalReports.Engine.ReportDocument&#39;. [F:\DI\di\Proyecto\PokeDexManager\Help\Working\BuildTopics.proj]
BuildAssembler : warning : ResolveReferenceLinksComponent: [Methods.T:PokeDexManager.InfMultTabla] Unknown reference link target &#39;M:CrystalDecisions.CrystalReports.Engine.ReportDocument.GetPropertyOwner(System.ComponentModel.PropertyDescriptor)&#39;. [F:\DI\di\Proyecto\PokeDexManager\Help\Working\BuildTopics.proj]
BuildAssembler : warning : ResolveReferenceLinksComponent: [Methods.T:PokeDexManager.InfMultTabla] Unknown reference link target &#39;T:CrystalDecisions.CrystalReports.Engine.ReportDocument&#39;. [F:\DI\di\Proyecto\PokeDexManager\Help\Working\BuildTopics.proj]
BuildAssembler : warning : ResolveReferenceLinksComponent: [Methods.T:PokeDexManager.InfMultTabla] Unknown reference link target &#39;M:CrystalDecisions.CrystalReports.Engine.ReportClass.Load&#39;. [F:\DI\di\Proyecto\PokeDexManager\Help\Working\BuildTopics.proj]
BuildAssembler : warning : ResolveReferenceLinksComponent: [Methods.T:PokeDexManager.InfMultTabla] Unknown reference link target &#39;T:CrystalDecisions.CrystalReports.Engine.ReportClass&#39;. [F:\DI\di\Proyecto\PokeDexManager\Help\Working\BuildTopics.proj]
BuildAssembler : warning : ResolveReferenceLinksComponent: [Methods.T:PokeDexManager.InfMultTabla] Unknown reference link target &#39;M:CrystalDecisions.CrystalReports.Engine.ReportDocument.Load(System.String)&#39;. [F:\DI\di\Proyecto\PokeDexManager\Help\Working\BuildTopics.proj]
BuildAssembler : warning : ResolveReferenceLinksComponent: [Methods.T:PokeDexManager.InfMultTabla] Unknown reference link target &#39;T:CrystalDecisions.CrystalReports.Engine.ReportDocument&#39;. [F:\DI\di\Proyecto\PokeDexManager\Help\Working\BuildTopics.proj]
BuildAssembler : warning : ResolveReferenceLinksComponent: [Methods.T:PokeDexManager.InfMultTabla] Unknown reference link target &#39;M:CrystalDecisions.CrystalReports.Engine.ReportDocument.Load(System.String,CrystalDecisions.Shared.OpenReportMethod)&#39;. [F:\DI\di\Proyecto\PokeDexManager\Help\Working\BuildTopics.proj]
BuildAssembler : warning : ResolveReferenceLinksComponent: [Methods.T:PokeDexManager.InfMultTabla] Unknown reference link target &#39;T:CrystalDecisions.CrystalReports.Engine.ReportDocument&#39;. [F:\DI\di\Proyecto\PokeDexManager\Help\Working\BuildTopics.proj]
BuildAssembler : warning : ResolveReferenceLinksComponent: [Methods.T:PokeDexManager.InfMultTabla] Unknown reference link target &#39;M:CrystalDecisions.CrystalReports.Engine.ReportDocument.Load(System.String,System.String)&#39;. [F:\DI\di\Proyecto\PokeDexManager\Help\Working\BuildTopics.proj]
BuildAssembler : warning : ResolveReferenceLinksComponent: [Methods.T:PokeDexManager.InfMultTabla] Unknown reference link target &#39;T:CrystalDecisions.CrystalReports.Engine.ReportDocument&#39;. [F:\DI\di\Proyecto\PokeDexManager\Help\Working\BuildTopics.proj]
BuildAssembler : warning : ResolveReferenceLinksComponent: [Methods.T:PokeDexManager.InfMultTabla] Unknown reference link target &#39;M:CrystalDecisions.CrystalReports.Engine.ReportClass.Load(System.String,CrystalDecisions.Shared.OpenReportMethod,System.Int16)&#39;. [F:\DI\di\Proyecto\PokeDexManager\Help\Working\BuildTopics.proj]
BuildAssembler : warning : ResolveReferenceLinksComponent: [Methods.T:PokeDexManager.InfMultTabla] Unknown reference link target &#39;T:CrystalDecisions.CrystalReports.Engine.ReportClass&#39;. [F:\DI\di\Proyecto\PokeDexManager\Help\Working\BuildTopics.proj]
BuildAssembler : warning : ResolveReferenceLinksComponent: [Methods.T:PokeDexManager.InfMultTabla] Unknown reference link target &#39;M:CrystalDecisions.CrystalReports.Engine.ReportDocument.OpenSubreport(System.String)&#39;. [F:\DI\di\Proyecto\PokeDexManager\Help\Working\BuildTopics.proj]
BuildAssembler : warning : ResolveReferenceLinksComponent: [Methods.T:PokeDexManager.InfMultTabla] Unknown reference link target &#39;T:CrystalDecisions.CrystalReports.Engine.ReportDocument&#39;. [F:\DI\di\Proyecto\PokeDexManager\Help\Working\BuildTopics.proj]
BuildAssembler : warning : ResolveReferenceLinksComponent: [Methods.T:PokeDexManager.InfMultTabla] Unknown reference link target &#39;M:CrystalDecisions.CrystalReports.Engine.ReportDocument.PrintToPrinter(System.Drawing.Printing.PrinterSettings,System.Drawing.Printing.PageSettings,System.Boolean)&#39;. [F:\DI\di\Proyecto\PokeDexManager\Help\Working\BuildTopics.proj]
BuildAssembler : warning : ResolveReferenceLinksComponent: [Methods.T:PokeDexManager.InfMultTabla] Unknown reference link target &#39;T:CrystalDecisions.CrystalReports.Engine.ReportDocument&#39;. [F:\DI\di\Proyecto\PokeDexManager\Help\Working\BuildTopics.proj]
BuildAssembler : warning : ResolveReferenceLinksComponent: [Methods.T:PokeDexManager.InfMultTabla] Unknown reference link target &#39;M:CrystalDecisions.CrystalReports.Engine.ReportDocument.PrintToPrinter(System.Int32,System.Boolean,System.Int32,System.Int32)&#39;. [F:\DI\di\Proyecto\PokeDexManager\Help\Working\BuildTopics.proj]
BuildAssembler : warning : ResolveReferenceLinksComponent: [Methods.T:PokeDexManager.InfMultTabla] Unknown reference link target &#39;T:CrystalDecisions.CrystalReports.Engine.ReportDocument&#39;. [F:\DI\di\Proyecto\PokeDexManager\Help\Working\BuildTopics.proj]
BuildAssembler : warning : ResolveReferenceLinksComponent: [Methods.T:PokeDexManager.InfMultTabla] Unknown reference link target &#39;M:CrystalDecisions.CrystalReports.Engine.ReportDocument.PrintToPrinter(System.Drawing.Printing.PrinterSettings,System.Drawing.Printing.PageSettings,System.Boolean,CrystalDecisions.Shared.PrintLayoutSettings)&#39;. [F:\DI\di\Proyecto\PokeDexManager\Help\Working\BuildTopics.proj]
BuildAssembler : warning : ResolveReferenceLinksComponent: [Methods.T:PokeDexManager.InfMultTabla] Unknown reference link target &#39;T:CrystalDecisions.CrystalReports.Engine.ReportDocument&#39;. [F:\DI\di\Proyecto\PokeDexManager\Help\Working\BuildTopics.proj]
BuildAssembler : warning : ResolveReferenceLinksComponent: [Methods.T:PokeDexManager.InfMultTabla] Unknown reference link target &#39;M:CrystalDecisions.CrystalReports.Engine.ReportDocument.ReadRecords&#39;. [F:\DI\di\Proyecto\PokeDexManager\Help\Working\BuildTopics.proj]
BuildAssembler : warning : ResolveReferenceLinksComponent: [Methods.T:PokeDexManager.InfMultTabla] Unknown reference link target &#39;T:CrystalDecisions.CrystalReports.Engine.ReportDocument&#39;. [F:\DI\di\Proyecto\PokeDexManager\Help\Working\BuildTopics.proj]
BuildAssembler : warning : ResolveReferenceLinksComponent: [Methods.T:PokeDexManager.InfMultTabla] Unknown reference link target &#39;M:CrystalDecisions.CrystalReports.Engine.ReportDocument.Refresh&#39;. [F:\DI\di\Proyecto\PokeDexManager\Help\Working\BuildTopics.proj]
BuildAssembler : warning : ResolveReferenceLinksComponent: [Methods.T:PokeDexManager.InfMultTabla] Unknown reference link target &#39;T:CrystalDecisions.CrystalReports.Engine.ReportDocument&#39;. [F:\DI\di\Proyecto\PokeDexManager\Help\Working\BuildTopics.proj]
BuildAssembler : warning : ResolveReferenceLinksComponent: [Methods.T:PokeDexManager.InfMultTabla] Unknown reference link target &#39;M:CrystalDecisions.CrystalReports.Engine.ReportDocument.SaveAs(System.String)&#39;. [F:\DI\di\Proyecto\PokeDexManager\Help\Working\BuildTopics.proj]
BuildAssembler : warning : ResolveReferenceLinksComponent: [Methods.T:PokeDexManager.InfMultTabla] Unknown reference link target &#39;T:CrystalDecisions.CrystalReports.Engine.ReportDocument&#39;. [F:\DI\di\Proyecto\PokeDexManager\Help\Working\BuildTopics.proj]
BuildAssembler : warning : ResolveReferenceLinksComponent: [Methods.T:PokeDexManager.InfMultTabla] Unknown reference link target &#39;M:CrystalDecisions.CrystalReports.Engine.ReportDocument.SaveAs(System.String,System.Boolean)&#39;. [F:\DI\di\Proyecto\PokeDexManager\Help\Working\BuildTopics.proj]
BuildAssembler : warning : ResolveReferenceLinksComponent: [Methods.T:PokeDexManager.InfMultTabla] Unknown reference link target &#39;T:CrystalDecisions.CrystalReports.Engine.ReportDocument&#39;. [F:\DI\di\Proyecto\PokeDexManager\Help\Working\BuildTopics.proj]
BuildAssembler : warning : ResolveReferenceLinksComponent: [Methods.T:PokeDexManager.InfMultTabla] Unknown reference link target &#39;M:CrystalDecisions.CrystalReports.Engine.ReportDocument.SetCssClass(CrystalDecisions.Shared.ObjectScope,System.String)&#39;. [F:\DI\di\Proyecto\PokeDexManager\Help\Working\BuildTopics.proj]
BuildAssembler : warning : ResolveReferenceLinksComponent: [Methods.T:PokeDexManager.InfMultTabla] Unknown reference link target &#39;T:CrystalDecisions.CrystalReports.Engine.ReportDocument&#39;. [F:\DI\di\Proyecto\PokeDexManager\Help\Working\BuildTopics.proj]
BuildAssembler : warning : ResolveReferenceLinksComponent: [Methods.T:PokeDexManager.InfMultTabla] Unknown reference link target &#39;M:CrystalDecisions.CrystalReports.Engine.ReportDocument.SetDatabaseLogon(System.String,System.String)&#39;. [F:\DI\di\Proyecto\PokeDexManager\Help\Working\BuildTopics.proj]
BuildAssembler : warning : ResolveReferenceLinksComponent: [Methods.T:PokeDexManager.InfMultTabla] Unknown reference link target &#39;T:CrystalDecisions.CrystalReports.Engine.ReportDocument&#39;. [F:\DI\di\Proyecto\PokeDexManager\Help\Working\BuildTopics.proj]
BuildAssembler : warning : ResolveReferenceLinksComponent: [Methods.T:PokeDexManager.InfMultTabla] Unknown reference link target &#39;M:CrystalDecisions.CrystalReports.Engine.ReportDocument.SetDatabaseLogon(System.String,System.String,System.String,System.String)&#39;. [F:\DI\di\Proyecto\PokeDexManager\Help\Working\BuildTopics.proj]
BuildAssembler : warning : ResolveReferenceLinksComponent: [Methods.T:PokeDexManager.InfMultTabla] Unknown reference link target &#39;T:CrystalDecisions.CrystalReports.Engine.ReportDocument&#39;. [F:\DI\di\Proyecto\PokeDexManager\Help\Working\BuildTopics.proj]
BuildAssembler : warning : ResolveReferenceLinksComponent: [Methods.T:PokeDexManager.InfMultTabla] Unknown reference link target &#39;M:CrystalDecisions.CrystalReports.Engine.ReportDocument.SetDatabaseLogon(System.String,System.String,System.String,System.String,System.Boolean)&#39;. [F:\DI\di\Proyecto\PokeDexManager\Help\Working\BuildTopics.proj]
BuildAssembler : warning : ResolveReferenceLinksComponent: [Methods.T:PokeDexManager.InfMultTabla] Unknown reference link target &#39;T:CrystalDecisions.CrystalReports.Engine.ReportDocument&#39;. [F:\DI\di\Proyecto\PokeDexManager\Help\Working\BuildTopics.proj]
BuildAssembler : warning : ResolveReferenceLinksComponent: [Methods.T:PokeDexManager.InfMultTabla] Unknown reference link target &#39;M:CrystalDecisions.CrystalReports.Engine.ReportDocument.SetDataSource(System.Data.DataSet)&#39;. [F:\DI\di\Proyecto\PokeDexManager\Help\Working\BuildTopics.proj]
BuildAssembler : warning : ResolveReferenceLinksComponent: [Methods.T:PokeDexManager.InfMultTabla] Unknown reference link target &#39;T:CrystalDecisions.CrystalReports.Engine.ReportDocument&#39;. [F:\DI\di\Proyecto\PokeDexManager\Help\Working\BuildTopics.proj]
BuildAssembler : warning : ResolveReferenceLinksComponent: [Methods.T:PokeDexManager.InfMultTabla] Unknown reference link target &#39;M:CrystalDecisions.CrystalReports.Engine.ReportDocument.SetDataSource(System.Data.DataTable)&#39;. [F:\DI\di\Proyecto\PokeDexManager\Help\Working\BuildTopics.proj]
BuildAssembler : warning : ResolveReferenceLinksComponent: [Methods.T:PokeDexManager.InfMultTabla] Unknown reference link target &#39;T:CrystalDecisions.CrystalReports.Engine.ReportDocument&#39;. [F:\DI\di\Proyecto\PokeDexManager\Help\Working\BuildTopics.proj]
BuildAssembler : warning : ResolveReferenceLinksComponent: [Methods.T:PokeDexManager.InfMultTabla] Unknown reference link target &#39;M:CrystalDecisions.CrystalReports.Engine.ReportDocument.SetDataSource(System.Data.IDataReader)&#39;. [F:\DI\di\Proyecto\PokeDexManager\Help\Working\BuildTopics.proj]
BuildAssembler : warning : ResolveReferenceLinksComponent: [Methods.T:PokeDexManager.InfMultTabla] Unknown reference link target &#39;T:CrystalDecisions.CrystalReports.Engine.ReportDocument&#39;. [F:\DI\di\Proyecto\PokeDexManager\Help\Working\BuildTopics.proj]
BuildAssembler : warning : ResolveReferenceLinksComponent: [Methods.T:PokeDexManager.InfMultTabla] Unknown reference link target &#39;M:CrystalDecisions.CrystalReports.Engine.ReportDocument.SetDataSource(System.Collections.IEnumerable)&#39;. [F:\DI\di\Proyecto\PokeDexManager\Help\Working\BuildTopics.proj]
BuildAssembler : warning : ResolveReferenceLinksComponent: [Methods.T:PokeDexManager.InfMultTabla] Unknown reference link target &#39;T:CrystalDecisions.CrystalReports.Engine.ReportDocument&#39;. [F:\DI\di\Proyecto\PokeDexManager\Help\Working\BuildTopics.proj]
BuildAssembler : warning : ResolveReferenceLinksComponent: [Methods.T:PokeDexManager.InfMultTabla] Unknown reference link target &#39;M:CrystalDecisions.CrystalReports.Engine.ReportDocument.SetParameterValue(System.Int32,System.Object)&#39;. [F:\DI\di\Proyecto\PokeDexManager\Help\Working\BuildTopics.proj]
BuildAssembler : warning : ResolveReferenceLinksComponent: [Methods.T:PokeDexManager.InfMultTabla] Unknown reference link target &#39;T:CrystalDecisions.CrystalReports.Engine.ReportDocument&#39;. [F:\DI\di\Proyecto\PokeDexManager\Help\Working\BuildTopics.proj]
BuildAssembler : warning : ResolveReferenceLinksComponent: [Methods.T:PokeDexManager.InfMultTabla] Unknown reference link target &#39;M:CrystalDecisions.CrystalReports.Engine.ReportDocument.SetParameterValue(System.String,System.Object)&#39;. [F:\DI\di\Proyecto\PokeDexManager\Help\Working\BuildTopics.proj]
BuildAssembler : warning : ResolveReferenceLinksComponent: [Methods.T:PokeDexManager.InfMultTabla] Unknown reference link target &#39;T:CrystalDecisions.CrystalReports.Engine.ReportDocument&#39;. [F:\DI\di\Proyecto\PokeDexManager\Help\Working\BuildTopics.proj]
BuildAssembler : warning : ResolveReferenceLinksComponent: [Methods.T:PokeDexManager.InfMultTabla] Unknown reference link target &#39;M:CrystalDecisions.CrystalReports.Engine.ReportDocument.SetParameterValue(System.String,System.Object,System.String)&#39;. [F:\DI\di\Proyecto\PokeDexManager\Help\Working\BuildTopics.proj]
BuildAssembler : warning : ResolveReferenceLinksComponent: [Methods.T:PokeDexManager.InfMultTabla] Unknown reference link target &#39;T:CrystalDecisions.CrystalReports.Engine.ReportDocument&#39;. [F:\DI\di\Proyecto\PokeDexManager\Help\Working\BuildTopics.proj]
BuildAssembler : warning : ResolveReferenceLinksComponent: [Methods.T:PokeDexManager.InfMultTabla] Unknown reference link target &#39;M:CrystalDecisions.CrystalReports.Engine.ReportDocument.SetSQLCommandTable(CrystalDecisions.Shared.ConnectionInfo,System.String,System.String)&#39;. [F:\DI\di\Proyecto\PokeDexManager\Help\Working\BuildTopics.proj]
BuildAssembler : warning : ResolveReferenceLinksComponent: [Methods.T:PokeDexManager.InfMultTabla] Unknown reference link target &#39;T:CrystalDecisions.CrystalReports.Engine.ReportDocument&#39;. [F:\DI\di\Proyecto\PokeDexManager\Help\Working\BuildTopics.proj]
BuildAssembler : warning : ResolveReferenceLinksComponent: [Methods.T:PokeDexManager.InfMultTabla] Unknown reference link target &#39;M:CrystalDecisions.CrystalReports.Engine.ReportDocument.VerifyDatabase&#39;. [F:\DI\di\Proyecto\PokeDexManager\Help\Working\BuildTopics.proj]
BuildAssembler : warning : ResolveReferenceLinksComponent: [Methods.T:PokeDexManager.InfMultTabla] Unknown reference link target &#39;T:CrystalDecisions.CrystalReports.Engine.ReportDocument&#39;. [F:\DI\di\Proyecto\PokeDexManager\Help\Working\BuildTopics.proj]
BuildAssembler : warning : ResolveReferenceLinksComponent: [Properties.T:PokeDexManager.InfMultTabla] Unknown reference link target &#39;P:CrystalDecisions.CrystalReports.Engine.ReportDocument.Database&#39;. [F:\DI\di\Proyecto\PokeDexManager\Help\Working\BuildTopics.proj]
BuildAssembler : warning : ResolveReferenceLinksComponent: [Properties.T:PokeDexManager.InfMultTabla] Unknown reference link target &#39;T:CrystalDecisions.CrystalReports.Engine.ReportDocument&#39;. [F:\DI\di\Proyecto\PokeDexManager\Help\Working\BuildTopics.proj]
BuildAssembler : warning : ResolveReferenceLinksComponent: [Properties.T:PokeDexManager.InfMultTabla] Unknown reference link target &#39;P:CrystalDecisions.CrystalReports.Engine.ReportDocument.DataDefinition&#39;. [F:\DI\di\Proyecto\PokeDexManager\Help\Working\BuildTopics.proj]
BuildAssembler : warning : ResolveReferenceLinksComponent: [Properties.T:PokeDexManager.InfMultTabla] Unknown reference link target &#39;T:CrystalDecisions.CrystalReports.Engine.ReportDocument&#39;. [F:\DI\di\Proyecto\PokeDexManager\Help\Working\BuildTopics.proj]
BuildAssembler : warning : ResolveReferenceLinksComponent: [Properties.T:PokeDexManager.InfMultTabla] Unknown reference link target &#39;P:CrystalDecisions.CrystalReports.Engine.ReportDocument.DataSourceConnections&#39;. [F:\DI\di\Proyecto\PokeDexManager\Help\Working\BuildTopics.proj]
BuildAssembler : warning : ResolveReferenceLinksComponent: [Properties.T:PokeDexManager.InfMultTabla] Unknown reference link target &#39;T:CrystalDecisions.CrystalReports.Engine.ReportDocument&#39;. [F:\DI\di\Proyecto\PokeDexManager\Help\Working\BuildTopics.proj]
BuildAssembler : warning : ResolveReferenceLinksComponent: [Properties.T:PokeDexManager.InfMultTabla] Unknown reference link target &#39;P:CrystalDecisions.CrystalReports.Engine.ReportDocument.DefaultXmlExportSelection&#39;. [F:\DI\di\Proyecto\PokeDexManager\Help\Working\BuildTopics.proj]
BuildAssembler : warning : ResolveReferenceLinksComponent: [Properties.T:PokeDexManager.InfMultTabla] Unknown reference link target &#39;T:CrystalDecisions.CrystalReports.Engine.ReportDocument&#39;. [F:\DI\di\Proyecto\PokeDexManager\Help\Working\BuildTopics.proj]
BuildAssembler : warning : ResolveReferenceLinksComponent: [Properties.T:PokeDexManager.InfMultTabla] Unknown reference link target &#39;P:CrystalDecisions.CrystalReports.Engine.ReportDocument.FileName&#39;. [F:\DI\di\Proyecto\PokeDexManager\Help\Working\BuildTopics.proj]
BuildAssembler : warning : ResolveReferenceLinksComponent: [Properties.T:PokeDexManager.InfMultTabla] Unknown reference link target &#39;T:CrystalDecisions.CrystalReports.Engine.ReportDocument&#39;. [F:\DI\di\Proyecto\PokeDexManager\Help\Working\BuildTopics.proj]
BuildAssembler : warning : ResolveReferenceLinksComponent: [Properties.T:PokeDexManager.InfMultTabla] Unknown reference link target &#39;P:CrystalDecisions.CrystalReports.Engine.ReportClass.FullResourceName&#39;. [F:\DI\di\Proyecto\PokeDexManager\Help\Working\BuildTopics.proj]
BuildAssembler : warning : ResolveReferenceLinksComponent: [Properties.T:PokeDexManager.InfMultTabla] Unknown reference link target &#39;P:CrystalDecisions.CrystalReports.Engine.ReportDocument.HasRecords&#39;. [F:\DI\di\Proyecto\PokeDexManager\Help\Working\BuildTopics.proj]
BuildAssembler : warning : ResolveReferenceLinksComponent: [Properties.T:PokeDexManager.InfMultTabla] Unknown reference link target &#39;T:CrystalDecisions.CrystalReports.Engine.ReportDocument&#39;. [F:\DI\di\Proyecto\PokeDexManager\Help\Working\BuildTopics.proj]
BuildAssembler : warning : ResolveReferenceLinksComponent: [Properties.T:PokeDexManager.InfMultTabla] Unknown reference link target &#39;P:CrystalDecisions.CrystalReports.Engine.ReportDocument.HasSavedData&#39;. [F:\DI\di\Proyecto\PokeDexManager\Help\Working\BuildTopics.proj]
BuildAssembler : warning : ResolveReferenceLinksComponent: [Properties.T:PokeDexManager.InfMultTabla] Unknown reference link target &#39;T:CrystalDecisions.CrystalReports.Engine.ReportDocument&#39;. [F:\DI\di\Proyecto\PokeDexManager\Help\Working\BuildTopics.proj]
BuildAssembler : warning : ResolveReferenceLinksComponent: [Properties.T:PokeDexManager.InfMultTabla] Unknown reference link target &#39;P:CrystalDecisions.CrystalReports.Engine.ReportDocument.HistoryInfos&#39;. [F:\DI\di\Proyecto\PokeDexManager\Help\Working\BuildTopics.proj]
BuildAssembler : warning : ResolveReferenceLinksComponent: [Properties.T:PokeDexManager.InfMultTabla] Unknown reference link target &#39;T:CrystalDecisions.CrystalReports.Engine.ReportDocument&#39;. [F:\DI\di\Proyecto\PokeDexManager\Help\Working\BuildTopics.proj]
BuildAssembler : warning : ResolveReferenceLinksComponent: [Properties.T:PokeDexManager.InfMultTabla] Unknown reference link target &#39;P:CrystalDecisions.CrystalReports.Engine.ReportDocument.IsLoaded&#39;. [F:\DI\di\Proyecto\PokeDexManager\Help\Working\BuildTopics.proj]
BuildAssembler : warning : ResolveReferenceLinksComponent: [Properties.T:PokeDexManager.InfMultTabla] Unknown reference link target &#39;T:CrystalDecisions.CrystalReports.Engine.ReportDocument&#39;. [F:\DI\di\Proyecto\PokeDexManager\Help\Working\BuildTopics.proj]
BuildAssembler : warning : ResolveReferenceLinksComponent: [Properties.T:PokeDexManager.InfMultTabla] Unknown reference link target &#39;P:CrystalDecisions.CrystalReports.Engine.ReportDocument.IsRPTR&#39;. [F:\DI\di\Proyecto\PokeDexManager\Help\Working\BuildTopics.proj]
BuildAssembler : warning : ResolveReferenceLinksComponent: [Properties.T:PokeDexManager.InfMultTabla] Unknown reference link target &#39;T:CrystalDecisions.CrystalReports.Engine.ReportDocument&#39;. [F:\DI\di\Proyecto\PokeDexManager\Help\Working\BuildTopics.proj]
BuildAssembler : warning : ResolveReferenceLinksComponent: [Properties.T:PokeDexManager.InfMultTabla] Unknown reference link target &#39;P:CrystalDecisions.CrystalReports.Engine.ReportDocument.IsSubreport&#39;. [F:\DI\di\Proyecto\PokeDexManager\Help\Working\BuildTopics.proj]
BuildAssembler : warning : ResolveReferenceLinksComponent: [Properties.T:PokeDexManager.InfMultTabla] Unknown reference link target &#39;T:CrystalDecisions.CrystalReports.Engine.ReportDocument&#39;. [F:\DI\di\Proyecto\PokeDexManager\Help\Working\BuildTopics.proj]
BuildAssembler : warning : ResolveReferenceLinksComponent: [Properties.T:PokeDexManager.InfMultTabla] Unknown reference link target &#39;P:CrystalDecisions.CrystalReports.Engine.ReportDocument.Name&#39;. [F:\DI\di\Proyecto\PokeDexManager\Help\Working\BuildTopics.proj]
BuildAssembler : warning : ResolveReferenceLinksComponent: [Properties.T:PokeDexManager.InfMultTabla] Unknown reference link target &#39;T:CrystalDecisions.CrystalReports.Engine.ReportDocument&#39;. [F:\DI\di\Proyecto\PokeDexManager\Help\Working\BuildTopics.proj]
BuildAssembler : warning : ResolveReferenceLinksComponent: [Properties.T:PokeDexManager.InfMultTabla] Unknown reference link target &#39;P:CrystalDecisions.CrystalReports.Engine.ReportClass.NewGenerator&#39;. [F:\DI\di\Proyecto\PokeDexManager\Help\Working\BuildTopics.proj]
BuildAssembler : warning : ResolveReferenceLinksComponent: [Properties.T:PokeDexManager.InfMultTabla] Unknown reference link target &#39;P:CrystalDecisions.CrystalReports.Engine.ReportDocument.ParameterFields&#39;. [F:\DI\di\Proyecto\PokeDexManager\Help\Working\BuildTopics.proj]
BuildAssembler : warning : ResolveReferenceLinksComponent: [Properties.T:PokeDexManager.InfMultTabla] Unknown reference link target &#39;T:CrystalDecisions.CrystalReports.Engine.ReportDocument&#39;. [F:\DI\di\Proyecto\PokeDexManager\Help\Working\BuildTopics.proj]
BuildAssembler : warning : ResolveReferenceLinksComponent: [Properties.T:PokeDexManager.InfMultTabla] Unknown reference link target &#39;P:CrystalDecisions.CrystalReports.Engine.ReportDocument.PrintOptions&#39;. [F:\DI\di\Proyecto\PokeDexManager\Help\Working\BuildTopics.proj]
BuildAssembler : warning : ResolveReferenceLinksComponent: [Properties.T:PokeDexManager.InfMultTabla] Unknown reference link target &#39;T:CrystalDecisions.CrystalReports.Engine.ReportDocument&#39;. [F:\DI\di\Proyecto\PokeDexManager\Help\Working\BuildTopics.proj]
BuildAssembler : warning : ResolveReferenceLinksComponent: [Properties.T:PokeDexManager.InfMultTabla] Unknown reference link target &#39;P:CrystalDecisions.CrystalReports.Engine.ReportDocument.RecordSelectionFormula&#39;. [F:\DI\di\Proyecto\PokeDexManager\Help\Working\BuildTopics.proj]
BuildAssembler : warning : ResolveReferenceLinksComponent: [Properties.T:PokeDexManager.InfMultTabla] Unknown reference link target &#39;T:CrystalDecisions.CrystalReports.Engine.ReportDocument&#39;. [F:\DI\di\Proyecto\PokeDexManager\Help\Working\BuildTopics.proj]
BuildAssembler : warning : ResolveReferenceLinksComponent: [Properties.T:PokeDexManager.InfMultTabla] Unknown reference link target &#39;P:CrystalDecisions.CrystalReports.Engine.ReportDocument.ReportAppServer&#39;. [F:\DI\di\Proyecto\PokeDexManager\Help\Working\BuildTopics.proj]
BuildAssembler : warning : ResolveReferenceLinksComponent: [Properties.T:PokeDexManager.InfMultTabla] Unknown reference link target &#39;T:CrystalDecisions.CrystalReports.Engine.ReportDocument&#39;. [F:\DI\di\Proyecto\PokeDexManager\Help\Working\BuildTopics.proj]
BuildAssembler : warning : ResolveReferenceLinksComponent: [Properties.T:PokeDexManager.InfMultTabla] Unknown reference link target &#39;P:CrystalDecisions.CrystalReports.Engine.ReportDocument.ReportClientDocument&#39;. [F:\DI\di\Proyecto\PokeDexManager\Help\Working\BuildTopics.proj]
BuildAssembler : warning : ResolveReferenceLinksComponent: [Properties.T:PokeDexManager.InfMultTabla] Unknown reference link target &#39;T:CrystalDecisions.CrystalReports.Engine.ReportDocument&#39;. [F:\DI\di\Proyecto\PokeDexManager\Help\Working\BuildTopics.proj]
BuildAssembler : warning : ResolveReferenceLinksComponent: [Properties.T:PokeDexManager.InfMultTabla] Unknown reference link target &#39;P:CrystalDecisions.CrystalReports.Engine.ReportDocument.ReportDefinition&#39;. [F:\DI\di\Proyecto\PokeDexManager\Help\Working\BuildTopics.proj]
BuildAssembler : warning : ResolveReferenceLinksComponent: [Properties.T:PokeDexManager.InfMultTabla] Unknown reference link target &#39;T:CrystalDecisions.CrystalReports.Engine.ReportDocument&#39;. [F:\DI\di\Proyecto\PokeDexManager\Help\Working\BuildTopics.proj]
BuildAssembler : warning : ResolveReferenceLinksComponent: [Properties.T:PokeDexManager.InfMultTabla] Unknown reference link target &#39;P:CrystalDecisions.CrystalReports.Engine.ReportDocument.ReportOptions&#39;. [F:\DI\di\Proyecto\PokeDexManager\Help\Working\BuildTopics.proj]
BuildAssembler : warning : ResolveReferenceLinksComponent: [Properties.T:PokeDexManager.InfMultTabla] Unknown reference link target &#39;T:CrystalDecisions.CrystalReports.Engine.ReportDocument&#39;. [F:\DI\di\Proyecto\PokeDexManager\Help\Working\BuildTopics.proj]
BuildAssembler : warning : ResolveReferenceLinksComponent: [Properties.T:PokeDexManager.InfMultTabla] Unknown reference link target &#39;P:CrystalDecisions.CrystalReports.Engine.ReportDocument.ReportRequestStatus&#39;. [F:\DI\di\Proyecto\PokeDexManager\Help\Working\BuildTopics.proj]
BuildAssembler : warning : ResolveReferenceLinksComponent: [Properties.T:PokeDexManager.InfMultTabla] Unknown reference link target &#39;T:CrystalDecisions.CrystalReports.Engine.ReportDocument&#39;. [F:\DI\di\Proyecto\PokeDexManager\Help\Working\BuildTopics.proj]
BuildAssembler : warning : ResolveReferenceLinksComponent: [Properties.T:PokeDexManager.InfMultTabla] Unknown reference link target &#39;P:CrystalDecisions.CrystalReports.Engine.ReportClass.ResourceName&#39;. [F:\DI\di\Proyecto\PokeDexManager\Help\Working\BuildTopics.proj]
BuildAssembler : warning : ResolveReferenceLinksComponent: [Properties.T:PokeDexManager.InfMultTabla] Unknown reference link target &#39;P:CrystalDecisions.CrystalReports.Engine.ReportDocument.Rows&#39;. [F:\DI\di\Proyecto\PokeDexManager\Help\Working\BuildTopics.proj]
BuildAssembler : warning : ResolveReferenceLinksComponent: [Properties.T:PokeDexManager.InfMultTabla] Unknown reference link target &#39;T:CrystalDecisions.CrystalReports.Engine.ReportDocument&#39;. [F:\DI\di\Proyecto\PokeDexManager\Help\Working\BuildTopics.proj]
BuildAssembler : warning : ResolveReferenceLinksComponent: [Properties.T:PokeDexManager.InfMultTabla] Unknown reference link target &#39;P:CrystalDecisions.CrystalReports.Engine.ReportDocument.SavedXmlExportFormats&#39;. [F:\DI\di\Proyecto\PokeDexManager\Help\Working\BuildTopics.proj]
BuildAssembler : warning : ResolveReferenceLinksComponent: [Properties.T:PokeDexManager.InfMultTabla] Unknown reference link target &#39;T:CrystalDecisions.CrystalReports.Engine.ReportDocument&#39;. [F:\DI\di\Proyecto\PokeDexManager\Help\Working\BuildTopics.proj]
BuildAssembler : warning : ResolveReferenceLinksComponent: [Properties.T:PokeDexManager.InfMultTabla] Unknown reference link target &#39;P:CrystalDecisions.CrystalReports.Engine.ReportDocument.Subreports&#39;. [F:\DI\di\Proyecto\PokeDexManager\Help\Working\BuildTopics.proj]
BuildAssembler : warning : ResolveReferenceLinksComponent: [Properties.T:PokeDexManager.InfMultTabla] Unknown reference link target &#39;T:CrystalDecisions.CrystalReports.Engine.ReportDocument&#39;. [F:\DI\di\Proyecto\PokeDexManager\Help\Working\BuildTopics.proj]
BuildAssembler : warning : ResolveReferenceLinksComponent: [Properties.T:PokeDexManager.InfMultTabla] Unknown reference link target &#39;P:CrystalDecisions.CrystalReports.Engine.ReportDocument.SummaryInfo&#39;. [F:\DI\di\Proyecto\PokeDexManager\Help\Working\BuildTopics.proj]
BuildAssembler : warning : ResolveReferenceLinksComponent: [Properties.T:PokeDexManager.InfMultTabla] Unknown reference link target &#39;T:CrystalDecisions.CrystalReports.Engine.ReportDocument&#39;. [F:\DI\di\Proyecto\PokeDexManager\Help\Working\BuildTopics.proj]
BuildAssembler : warning : ResolveReferenceLinksComponent: [Properties.T:PokeDexManager.InfMultTabla] Unknown reference link target &#39;P:CrystalDecisions.CrystalReports.Engine.ReportClass.TempFilename&#39;. [F:\DI\di\Proyecto\PokeDexManager\Help\Working\BuildTopics.proj]
BuildAssembler : warning : ResolveReferenceLinksComponent: [Properties.T:PokeDexManager.InfMultTabla] Unknown reference link target &#39;T:CrystalDecisions.CrystalReports.Engine.ReportClass&#39;. [F:\DI\di\Proyecto\PokeDexManager\Help\Working\BuildTopics.proj]
BuildAssembler : warning : ResolveReferenceLinksComponent: [Events.T:PokeDexManager.InfMultTabla] Unknown reference link target &#39;E:CrystalDecisions.CrystalReports.Engine.ReportDocument.AfterFormatPage&#39;. [F:\DI\di\Proyecto\PokeDexManager\Help\Working\BuildTopics.proj]
BuildAssembler : warning : ResolveReferenceLinksComponent: [Events.T:PokeDexManager.InfMultTabla] Unknown reference link target &#39;T:CrystalDecisions.CrystalReports.Engine.ReportDocument&#39;. [F:\DI\di\Proyecto\PokeDexManager\Help\Working\BuildTopics.proj]
BuildAssembler : warning : ResolveReferenceLinksComponent: [Events.T:PokeDexManager.InfMultTabla] Unknown reference link target &#39;E:CrystalDecisions.CrystalReports.Engine.ReportDocument.BeforeFormatPage&#39;. [F:\DI\di\Proyecto\PokeDexManager\Help\Working\BuildTopics.proj]
BuildAssembler : warning : ResolveReferenceLinksComponent: [Events.T:PokeDexManager.InfMultTabla] Unknown reference link target &#39;T:CrystalDecisions.CrystalReports.Engine.ReportDocument&#39;. [F:\DI\di\Proyecto\PokeDexManager\Help\Working\BuildTopics.proj]
BuildAssembler : warning : ResolveReferenceLinksComponent: [Events.T:PokeDexManager.InfMultTabla] Unknown reference link target &#39;E:CrystalDecisions.CrystalReports.Engine.ReportDocument.FieldMapping&#39;. [F:\DI\di\Proyecto\PokeDexManager\Help\Working\BuildTopics.proj]
BuildAssembler : warning : ResolveReferenceLinksComponent: [Events.T:PokeDexManager.InfMultTabla] Unknown reference link target &#39;T:CrystalDecisions.CrystalReports.Engine.ReportDocument&#39;. [F:\DI\di\Proyecto\PokeDexManager\Help\Working\BuildTopics.proj]
BuildAssembler : warning : ResolveReferenceLinksComponent: [Events.T:PokeDexManager.InfMultTabla] Unknown reference link target &#39;E:CrystalDecisions.CrystalReports.Engine.ReportDocument.FormatSection&#39;. [F:\DI\di\Proyecto\PokeDexManager\Help\Working\BuildTopics.proj]
BuildAssembler : warning : ResolveReferenceLinksComponent: [Events.T:PokeDexManager.InfMultTabla] Unknown reference link target &#39;T:CrystalDecisions.CrystalReports.Engine.ReportDocument&#39;. [F:\DI\di\Proyecto\PokeDexManager\Help\Working\BuildTopics.proj]
BuildAssembler : warning : ResolveReferenceLinksComponent: [Events.T:PokeDexManager.InfMultTabla] Unknown reference link target &#39;E:CrystalDecisions.CrystalReports.Engine.ReportDocument.InitReport&#39;. [F:\DI\di\Proyecto\PokeDexManager\Help\Working\BuildTopics.proj]
BuildAssembler : warning : ResolveReferenceLinksComponent: [Events.T:PokeDexManager.InfMultTabla] Unknown reference link target &#39;T:CrystalDecisions.CrystalReports.Engine.ReportDocument&#39;. [F:\DI\di\Proyecto\PokeDexManager\Help\Working\BuildTopics.proj]
BuildAssembler : warning : ResolveReferenceLinksComponent: [Events.T:PokeDexManager.InfMultTabla] Unknown reference link target &#39;E:CrystalDecisions.CrystalReports.Engine.ReportDocument.NoData&#39;. [F:\DI\di\Proyecto\PokeDexManager\Help\Working\BuildTopics.proj]
BuildAssembler : warning : ResolveReferenceLinksComponent: [Events.T:PokeDexManager.InfMultTabla] Unknown reference link target &#39;T:CrystalDecisions.CrystalReports.Engine.ReportDocument&#39;. [F:\DI\di\Proyecto\PokeDexManager\Help\Working\BuildTopics.proj]
BuildAssembler : warning : ResolveReferenceLinksComponent: [Events.T:PokeDexManager.InfMultTabla] Unknown reference link target &#39;E:CrystalDecisions.CrystalReports.Engine.ReportDocument.RefreshReport&#39;. [F:\DI\di\Proyecto\PokeDexManager\Help\Working\BuildTopics.proj]
BuildAssembler : warning : ResolveReferenceLinksComponent: [Events.T:PokeDexManager.InfMultTabla] Unknown reference link target &#39;T:CrystalDecisions.CrystalReports.Engine.ReportDocument&#39;. [F:\DI\di\Proyecto\PokeDexManager\Help\Working\BuildTopics.proj]
BuildAssembler : warning : ResolveReferenceLinksComponent: [Fields.T:PokeDexManager.InfMultTabla] Unknown reference link target &#39;F:CrystalDecisions.CrystalReports.Engine.ReportDocument.m_entRptDoc&#39;. [F:\DI\di\Proyecto\PokeDexManager\Help\Working\BuildTopics.proj]
BuildAssembler : warning : ResolveReferenceLinksComponent: [Fields.T:PokeDexManager.InfMultTabla] Unknown reference link target &#39;T:CrystalDecisions.CrystalReports.Engine.ReportDocument&#39;. [F:\DI\di\Proyecto\PokeDexManager\Help\Working\BuildTopics.proj]
BuildAssembler : warning : ResolveReferenceLinksComponent: [Fields.T:PokeDexManager.InfMultTabla] Unknown reference link target &#39;F:CrystalDecisions.CrystalReports.Engine.ReportDocument.m_formatEngine&#39;. [F:\DI\di\Proyecto\PokeDexManager\Help\Working\BuildTopics.proj]
BuildAssembler : warning : ResolveReferenceLinksComponent: [Fields.T:PokeDexManager.InfMultTabla] Unknown reference link target &#39;T:CrystalDecisions.CrystalReports.Engine.ReportDocument&#39;. [F:\DI\di\Proyecto\PokeDexManager\Help\Working\BuildTopics.proj]
BuildAssembler : warning : ResolveReferenceLinksComponent: [Fields.T:PokeDexManager.InfMultTabla] Unknown reference link target &#39;F:CrystalDecisions.CrystalReports.Engine.ReportDocument.m_iUseCount&#39;. [F:\DI\di\Proyecto\PokeDexManager\Help\Working\BuildTopics.proj]
BuildAssembler : warning : ResolveReferenceLinksComponent: [Fields.T:PokeDexManager.InfMultTabla] Unknown reference link target &#39;T:CrystalDecisions.CrystalReports.Engine.ReportDocument&#39;. [F:\DI\di\Proyecto\PokeDexManager\Help\Working\BuildTopics.proj]
BuildAssembler : warning : ResolveReferenceLinksComponent: [Fields.T:PokeDexManager.InfMultTabla] Unknown reference link target &#39;F:CrystalDecisions.CrystalReports.Engine.ReportClass.m_sTempFilename&#39;. [F:\DI\di\Proyecto\PokeDexManager\Help\Working\BuildTopics.proj]
BuildAssembler : warning : ResolveReferenceLinksComponent: [Fields.T:PokeDexManager.InfMultTabla] Unknown reference link target &#39;T:CrystalDecisions.CrystalReports.Engine.ReportClass&#39;. [F:\DI\di\Proyecto\PokeDexManager\Help\Working\BuildTopics.proj]
BuildAssembler : warning : ShowMissingComponent: [P:PokeDexManager.InfMultTabla.FullResourceName] Missing &lt;summary&gt; documentation [F:\DI\di\Proyecto\PokeDexManager\Help\Working\BuildTopics.proj]
BuildAssembler : warning : ShowMissingComponent: [P:PokeDexManager.InfMultTabla.GroupFooterSection1] Missing &lt;summary&gt; documentation [F:\DI\di\Proyecto\PokeDexManager\Help\Working\BuildTopics.proj]
BuildAssembler : warning : ResolveReferenceLinksComponent: [P:PokeDexManager.InfMultTabla.GroupFooterSection1] Unknown reference link target &#39;T:CrystalDecisions.CrystalReports.Engine.Section&#39;. [F:\DI\di\Proyecto\PokeDexManager\Help\Working\BuildTopics.proj]
BuildAssembler : warning : ShowMissingComponent: [P:PokeDexManager.InfMultTabla.GroupHeaderSection1] Missing &lt;summary&gt; documentation [F:\DI\di\Proyecto\PokeDexManager\Help\Working\BuildTopics.proj]
BuildAssembler : warning : ResolveReferenceLinksComponent: [P:PokeDexManager.InfMultTabla.GroupHeaderSection1] Unknown reference link target &#39;T:CrystalDecisions.CrystalReports.Engine.Section&#39;. [F:\DI\di\Proyecto\PokeDexManager\Help\Working\BuildTopics.proj]
BuildAssembler : warning : ShowMissingComponent: [P:PokeDexManager.InfMultTabla.NewGenerator] Missing &lt;summary&gt; documentation [F:\DI\di\Proyecto\PokeDexManager\Help\Working\BuildTopics.proj]
BuildAssembler : warning : ShowMissingComponent: [P:PokeDexManager.InfMultTabla.ResourceName] Missing &lt;summary&gt; documentation [F:\DI\di\Proyecto\PokeDexManager\Help\Working\BuildTopics.proj]
BuildAssembler : warning : ShowMissingComponent: [P:PokeDexManager.InfMultTabla.Section1] Missing &lt;summary&gt; documentation [F:\DI\di\Proyecto\PokeDexManager\Help\Working\BuildTopics.proj]
BuildAssembler : warning : ResolveReferenceLinksComponent: [P:PokeDexManager.InfMultTabla.Section1] Unknown reference link target &#39;T:CrystalDecisions.CrystalReports.Engine.Section&#39;. [F:\DI\di\Proyecto\PokeDexManager\Help\Working\BuildTopics.proj]
BuildAssembler : warning : ShowMissingComponent: [P:PokeDexManager.InfMultTabla.Section2] Missing &lt;summary&gt; documentation [F:\DI\di\Proyecto\PokeDexManager\Help\Working\BuildTopics.proj]
BuildAssembler : warning : ResolveReferenceLinksComponent: [P:PokeDexManager.InfMultTabla.Section2] Unknown reference link target &#39;T:CrystalDecisions.CrystalReports.Engine.Section&#39;. [F:\DI\di\Proyecto\PokeDexManager\Help\Working\BuildTopics.proj]
BuildAssembler : warning : ShowMissingComponent: [P:PokeDexManager.InfMultTabla.Section3] Missing &lt;summary&gt; documentation [F:\DI\di\Proyecto\PokeDexManager\Help\Working\BuildTopics.proj]
BuildAssembler : warning : ResolveReferenceLinksComponent: [P:PokeDexManager.InfMultTabla.Section3] Unknown reference link target &#39;T:CrystalDecisions.CrystalReports.Engine.Section&#39;. [F:\DI\di\Proyecto\PokeDexManager\Help\Working\BuildTopics.proj]
BuildAssembler : warning : ShowMissingComponent: [P:PokeDexManager.InfMultTabla.Section4] Missing &lt;summary&gt; documentation [F:\DI\di\Proyecto\PokeDexManager\Help\Working\BuildTopics.proj]
BuildAssembler : warning : ResolveReferenceLinksComponent: [P:PokeDexManager.InfMultTabla.Section4] Unknown reference link target &#39;T:CrystalDecisions.CrystalReports.Engine.Section&#39;. [F:\DI\di\Proyecto\PokeDexManager\Help\Working\BuildTopics.proj]
BuildAssembler : warning : ShowMissingComponent: [P:PokeDexManager.InfMultTabla.Section5] Missing &lt;summary&gt; documentation [F:\DI\di\Proyecto\PokeDexManager\Help\Working\BuildTopics.proj]
BuildAssembler : warning : ResolveReferenceLinksComponent: [P:PokeDexManager.InfMultTabla.Section5] Unknown reference link target &#39;T:CrystalDecisions.CrystalReports.Engine.Section&#39;. [F:\DI\di\Proyecto\PokeDexManager\Help\Working\BuildTopics.proj]
BuildAssembler : warning : ShowMissingComponent: [T:PokeDexManager.InfParam] Missing &lt;summary&gt; documentation [F:\DI\di\Proyecto\PokeDexManager\Help\Working\BuildTopics.proj]
BuildAssembler : warning : ResolveReferenceLinksComponent: [T:PokeDexManager.InfParam] Unknown reference link target &#39;T:CrystalDecisions.CrystalReports.Engine.ReportDocument&#39;. [F:\DI\di\Proyecto\PokeDexManager\Help\Working\BuildTopics.proj]
BuildAssembler : warning : ResolveReferenceLinksComponent: [T:PokeDexManager.InfParam] Unknown reference link target &#39;T:CrystalDecisions.CrystalReports.Engine.ReportClass&#39;. [F:\DI\di\Proyecto\PokeDexManager\Help\Working\BuildTopics.proj]
BuildAssembler : warning : ResolveReferenceLinksComponent: [T:PokeDexManager.InfParam] Unknown reference link target &#39;P:CrystalDecisions.CrystalReports.Engine.ReportDocument.Database&#39;. [F:\DI\di\Proyecto\PokeDexManager\Help\Working\BuildTopics.proj]
BuildAssembler : warning : ResolveReferenceLinksComponent: [T:PokeDexManager.InfParam] Unknown reference link target &#39;T:CrystalDecisions.CrystalReports.Engine.ReportDocument&#39;. [F:\DI\di\Proyecto\PokeDexManager\Help\Working\BuildTopics.proj]
BuildAssembler : warning : ResolveReferenceLinksComponent: [T:PokeDexManager.InfParam] Unknown reference link target &#39;P:CrystalDecisions.CrystalReports.Engine.ReportDocument.DataDefinition&#39;. [F:\DI\di\Proyecto\PokeDexManager\Help\Working\BuildTopics.proj]
BuildAssembler : warning : ResolveReferenceLinksComponent: [T:PokeDexManager.InfParam] Unknown reference link target &#39;T:CrystalDecisions.CrystalReports.Engine.ReportDocument&#39;. [F:\DI\di\Proyecto\PokeDexManager\Help\Working\BuildTopics.proj]
BuildAssembler : warning : ResolveReferenceLinksComponent: [T:PokeDexManager.InfParam] Unknown reference link target &#39;P:CrystalDecisions.CrystalReports.Engine.ReportDocument.DataSourceConnections&#39;. [F:\DI\di\Proyecto\PokeDexManager\Help\Working\BuildTopics.proj]
BuildAssembler : warning : ResolveReferenceLinksComponent: [T:PokeDexManager.InfParam] Unknown reference link target &#39;T:CrystalDecisions.CrystalReports.Engine.ReportDocument&#39;. [F:\DI\di\Proyecto\PokeDexManager\Help\Working\BuildTopics.proj]
BuildAssembler : warning : ResolveReferenceLinksComponent: [T:PokeDexManager.InfParam] Unknown reference link target &#39;P:CrystalDecisions.CrystalReports.Engine.ReportDocument.DefaultXmlExportSelection&#39;. [F:\DI\di\Proyecto\PokeDexManager\Help\Working\BuildTopics.proj]
BuildAssembler : warning : ResolveReferenceLinksComponent: [T:PokeDexManager.InfParam] Unknown reference link target &#39;T:CrystalDecisions.CrystalReports.Engine.ReportDocument&#39;. [F:\DI\di\Proyecto\PokeDexManager\Help\Working\BuildTopics.proj]
BuildAssembler : warning : ResolveReferenceLinksComponent: [T:PokeDexManager.InfParam] Unknown reference link target &#39;P:CrystalDecisions.CrystalReports.Engine.ReportDocument.FileName&#39;. [F:\DI\di\Proyecto\PokeDexManager\Help\Working\BuildTopics.proj]
BuildAssembler : warning : ResolveReferenceLinksComponent: [T:PokeDexManager.InfParam] Unknown reference link target &#39;T:CrystalDecisions.CrystalReports.Engine.ReportDocument&#39;. [F:\DI\di\Proyecto\PokeDexManager\Help\Working\BuildTopics.proj]
BuildAssembler : warning : ResolveReferenceLinksComponent: [T:PokeDexManager.InfParam] Unknown reference link target &#39;P:CrystalDecisions.CrystalReports.Engine.ReportClass.FullResourceName&#39;. [F:\DI\di\Proyecto\PokeDexManager\Help\Working\BuildTopics.proj]
BuildAssembler : warning : ResolveReferenceLinksComponent: [T:PokeDexManager.InfParam] Unknown reference link target &#39;P:CrystalDecisions.CrystalReports.Engine.ReportDocument.HasRecords&#39;. [F:\DI\di\Proyecto\PokeDexManager\Help\Working\BuildTopics.proj]
BuildAssembler : warning : ResolveReferenceLinksComponent: [T:PokeDexManager.InfParam] Unknown reference link target &#39;T:CrystalDecisions.CrystalReports.Engine.ReportDocument&#39;. [F:\DI\di\Proyecto\PokeDexManager\Help\Working\BuildTopics.proj]
BuildAssembler : warning : ResolveReferenceLinksComponent: [T:PokeDexManager.InfParam] Unknown reference link target &#39;P:CrystalDecisions.CrystalReports.Engine.ReportDocument.HasSavedData&#39;. [F:\DI\di\Proyecto\PokeDexManager\Help\Working\BuildTopics.proj]
BuildAssembler : warning : ResolveReferenceLinksComponent: [T:PokeDexManager.InfParam] Unknown reference link target &#39;T:CrystalDecisions.CrystalReports.Engine.ReportDocument&#39;. [F:\DI\di\Proyecto\PokeDexManager\Help\Working\BuildTopics.proj]
BuildAssembler : warning : ResolveReferenceLinksComponent: [T:PokeDexManager.InfParam] Unknown reference link target &#39;P:CrystalDecisions.CrystalReports.Engine.ReportDocument.HistoryInfos&#39;. [F:\DI\di\Proyecto\PokeDexManager\Help\Working\BuildTopics.proj]
BuildAssembler : warning : ResolveReferenceLinksComponent: [T:PokeDexManager.InfParam] Unknown reference link target &#39;T:CrystalDecisions.CrystalReports.Engine.ReportDocument&#39;. [F:\DI\di\Proyecto\PokeDexManager\Help\Working\BuildTopics.proj]
BuildAssembler : warning : ResolveReferenceLinksComponent: [T:PokeDexManager.InfParam] Unknown reference link target &#39;P:CrystalDecisions.CrystalReports.Engine.ReportDocument.IsLoaded&#39;. [F:\DI\di\Proyecto\PokeDexManager\Help\Working\BuildTopics.proj]
BuildAssembler : warning : ResolveReferenceLinksComponent: [T:PokeDexManager.InfParam] Unknown reference link target &#39;T:CrystalDecisions.CrystalReports.Engine.ReportDocument&#39;. [F:\DI\di\Proyecto\PokeDexManager\Help\Working\BuildTopics.proj]
BuildAssembler : warning : ResolveReferenceLinksComponent: [T:PokeDexManager.InfParam] Unknown reference link target &#39;P:CrystalDecisions.CrystalReports.Engine.ReportDocument.IsRPTR&#39;. [F:\DI\di\Proyecto\PokeDexManager\Help\Working\BuildTopics.proj]
BuildAssembler : warning : ResolveReferenceLinksComponent: [T:PokeDexManager.InfParam] Unknown reference link target &#39;T:CrystalDecisions.CrystalReports.Engine.ReportDocument&#39;. [F:\DI\di\Proyecto\PokeDexManager\Help\Working\BuildTopics.proj]
BuildAssembler : warning : ResolveReferenceLinksComponent: [T:PokeDexManager.InfParam] Unknown reference link target &#39;P:CrystalDecisions.CrystalReports.Engine.ReportDocument.IsSubreport&#39;. [F:\DI\di\Proyecto\PokeDexManager\Help\Working\BuildTopics.proj]
BuildAssembler : warning : ResolveReferenceLinksComponent: [T:PokeDexManager.InfParam] Unknown reference link target &#39;T:CrystalDecisions.CrystalReports.Engine.ReportDocument&#39;. [F:\DI\di\Proyecto\PokeDexManager\Help\Working\BuildTopics.proj]
BuildAssembler : warning : ResolveReferenceLinksComponent: [T:PokeDexManager.InfParam] Unknown reference link target &#39;P:CrystalDecisions.CrystalReports.Engine.ReportDocument.Name&#39;. [F:\DI\di\Proyecto\PokeDexManager\Help\Working\BuildTopics.proj]
BuildAssembler : warning : ResolveReferenceLinksComponent: [T:PokeDexManager.InfParam] Unknown reference link target &#39;T:CrystalDecisions.CrystalReports.Engine.ReportDocument&#39;. [F:\DI\di\Proyecto\PokeDexManager\Help\Working\BuildTopics.proj]
BuildAssembler : warning : ResolveReferenceLinksComponent: [T:PokeDexManager.InfParam] Unknown reference link target &#39;P:CrystalDecisions.CrystalReports.Engine.ReportClass.NewGenerator&#39;. [F:\DI\di\Proyecto\PokeDexManager\Help\Working\BuildTopics.proj]
BuildAssembler : warning : ResolveReferenceLinksComponent: [T:PokeDexManager.InfParam] Unknown reference link target &#39;P:CrystalDecisions.CrystalReports.Engine.ReportDocument.ParameterFields&#39;. [F:\DI\di\Proyecto\PokeDexManager\Help\Working\BuildTopics.proj]
BuildAssembler : warning : ResolveReferenceLinksComponent: [T:PokeDexManager.InfParam] Unknown reference link target &#39;T:CrystalDecisions.CrystalReports.Engine.ReportDocument&#39;. [F:\DI\di\Proyecto\PokeDexManager\Help\Working\BuildTopics.proj]
BuildAssembler : warning : ResolveReferenceLinksComponent: [T:PokeDexManager.InfParam] Unknown reference link target &#39;P:CrystalDecisions.CrystalReports.Engine.ReportDocument.PrintOptions&#39;. [F:\DI\di\Proyecto\PokeDexManager\Help\Working\BuildTopics.proj]
BuildAssembler : warning : ResolveReferenceLinksComponent: [T:PokeDexManager.InfParam] Unknown reference link target &#39;T:CrystalDecisions.CrystalReports.Engine.ReportDocument&#39;. [F:\DI\di\Proyecto\PokeDexManager\Help\Working\BuildTopics.proj]
BuildAssembler : warning : ResolveReferenceLinksComponent: [T:PokeDexManager.InfParam] Unknown reference link target &#39;P:CrystalDecisions.CrystalReports.Engine.ReportDocument.RecordSelectionFormula&#39;. [F:\DI\di\Proyecto\PokeDexManager\Help\Working\BuildTopics.proj]
BuildAssembler : warning : ResolveReferenceLinksComponent: [T:PokeDexManager.InfParam] Unknown reference link target &#39;T:CrystalDecisions.CrystalReports.Engine.ReportDocument&#39;. [F:\DI\di\Proyecto\PokeDexManager\Help\Working\BuildTopics.proj]
BuildAssembler : warning : ResolveReferenceLinksComponent: [T:PokeDexManager.InfParam] Unknown reference link target &#39;P:CrystalDecisions.CrystalReports.Engine.ReportDocument.ReportAppServer&#39;. [F:\DI\di\Proyecto\PokeDexManager\Help\Working\BuildTopics.proj]
BuildAssembler : warning : ResolveReferenceLinksComponent: [T:PokeDexManager.InfParam] Unknown reference link target &#39;T:CrystalDecisions.CrystalReports.Engine.ReportDocument&#39;. [F:\DI\di\Proyecto\PokeDexManager\Help\Working\BuildTopics.proj]
BuildAssembler : warning : ResolveReferenceLinksComponent: [T:PokeDexManager.InfParam] Unknown reference link target &#39;P:CrystalDecisions.CrystalReports.Engine.ReportDocument.ReportClientDocument&#39;. [F:\DI\di\Proyecto\PokeDexManager\Help\Working\BuildTopics.proj]
BuildAssembler : warning : ResolveReferenceLinksComponent: [T:PokeDexManager.InfParam] Unknown reference link target &#39;T:CrystalDecisions.CrystalReports.Engine.ReportDocument&#39;. [F:\DI\di\Proyecto\PokeDexManager\Help\Working\BuildTopics.proj]
BuildAssembler : warning : ResolveReferenceLinksComponent: [T:PokeDexManager.InfParam] Unknown reference link target &#39;P:CrystalDecisions.CrystalReports.Engine.ReportDocument.ReportDefinition&#39;. [F:\DI\di\Proyecto\PokeDexManager\Help\Working\BuildTopics.proj]
BuildAssembler : warning : ResolveReferenceLinksComponent: [T:PokeDexManager.InfParam] Unknown reference link target &#39;T:CrystalDecisions.CrystalReports.Engine.ReportDocument&#39;. [F:\DI\di\Proyecto\PokeDexManager\Help\Working\BuildTopics.proj]
BuildAssembler : warning : ResolveReferenceLinksComponent: [T:PokeDexManager.InfParam] Unknown reference link target &#39;P:CrystalDecisions.CrystalReports.Engine.ReportDocument.ReportOptions&#39;. [F:\DI\di\Proyecto\PokeDexManager\Help\Working\BuildTopics.proj]
BuildAssembler : warning : ResolveReferenceLinksComponent: [T:PokeDexManager.InfParam] Unknown reference link target &#39;T:CrystalDecisions.CrystalReports.Engine.ReportDocument&#39;. [F:\DI\di\Proyecto\PokeDexManager\Help\Working\BuildTopics.proj]
BuildAssembler : warning : ResolveReferenceLinksComponent: [T:PokeDexManager.InfParam] Unknown reference link target &#39;P:CrystalDecisions.CrystalReports.Engine.ReportDocument.ReportRequestStatus&#39;. [F:\DI\di\Proyecto\PokeDexManager\Help\Working\BuildTopics.proj]
BuildAssembler : warning : ResolveReferenceLinksComponent: [T:PokeDexManager.InfParam] Unknown reference link target &#39;T:CrystalDecisions.CrystalReports.Engine.ReportDocument&#39;. [F:\DI\di\Proyecto\PokeDexManager\Help\Working\BuildTopics.proj]
BuildAssembler : warning : ResolveReferenceLinksComponent: [T:PokeDexManager.InfParam] Unknown reference link target &#39;P:CrystalDecisions.CrystalReports.Engine.ReportClass.ResourceName&#39;. [F:\DI\di\Proyecto\PokeDexManager\Help\Working\BuildTopics.proj]
BuildAssembler : warning : ResolveReferenceLinksComponent: [T:PokeDexManager.InfParam] Unknown reference link target &#39;P:CrystalDecisions.CrystalReports.Engine.ReportDocument.Rows&#39;. [F:\DI\di\Proyecto\PokeDexManager\Help\Working\BuildTopics.proj]
BuildAssembler : warning : ResolveReferenceLinksComponent: [T:PokeDexManager.InfParam] Unknown reference link target &#39;T:CrystalDecisions.CrystalReports.Engine.ReportDocument&#39;. [F:\DI\di\Proyecto\PokeDexManager\Help\Working\BuildTopics.proj]
BuildAssembler : warning : ResolveReferenceLinksComponent: [T:PokeDexManager.InfParam] Unknown reference link target &#39;P:CrystalDecisions.CrystalReports.Engine.ReportDocument.SavedXmlExportFormats&#39;. [F:\DI\di\Proyecto\PokeDexManager\Help\Working\BuildTopics.proj]
BuildAssembler : warning : ResolveReferenceLinksComponent: [T:PokeDexManager.InfParam] Unknown reference link target &#39;T:CrystalDecisions.CrystalReports.Engine.ReportDocument&#39;. [F:\DI\di\Proyecto\PokeDexManager\Help\Working\BuildTopics.proj]
BuildAssembler : warning : ResolveReferenceLinksComponent: [T:PokeDexManager.InfParam] Unknown reference link target &#39;P:CrystalDecisions.CrystalReports.Engine.ReportDocument.Subreports&#39;. [F:\DI\di\Proyecto\PokeDexManager\Help\Working\BuildTopics.proj]
BuildAssembler : warning : ResolveReferenceLinksComponent: [T:PokeDexManager.InfParam] Unknown reference link target &#39;T:CrystalDecisions.CrystalReports.Engine.ReportDocument&#39;. [F:\DI\di\Proyecto\PokeDexManager\Help\Working\BuildTopics.proj]
BuildAssembler : warning : ResolveReferenceLinksComponent: [T:PokeDexManager.InfParam] Unknown reference link target &#39;P:CrystalDecisions.CrystalReports.Engine.ReportDocument.SummaryInfo&#39;. [F:\DI\di\Proyecto\PokeDexManager\Help\Working\BuildTopics.proj]
BuildAssembler : warning : ResolveReferenceLinksComponent: [T:PokeDexManager.InfParam] Unknown reference link target &#39;T:CrystalDecisions.CrystalReports.Engine.ReportDocument&#39;. [F:\DI\di\Proyecto\PokeDexManager\Help\Working\BuildTopics.proj]
BuildAssembler : warning : ResolveReferenceLinksComponent: [T:PokeDexManager.InfParam] Unknown reference link target &#39;P:CrystalDecisions.CrystalReports.Engine.ReportClass.TempFilename&#39;. [F:\DI\di\Proyecto\PokeDexManager\Help\Working\BuildTopics.proj]
BuildAssembler : warning : ResolveReferenceLinksComponent: [T:PokeDexManager.InfParam] Unknown reference link target &#39;T:CrystalDecisions.CrystalReports.Engine.ReportClass&#39;. [F:\DI\di\Proyecto\PokeDexManager\Help\Working\BuildTopics.proj]
BuildAssembler : warning : ResolveReferenceLinksComponent: [T:PokeDexManager.InfParam] Unknown reference link target &#39;M:CrystalDecisions.CrystalReports.Engine.ReportDocument.CheckLicenseStatus&#39;. [F:\DI\di\Proyecto\PokeDexManager\Help\Working\BuildTopics.proj]
BuildAssembler : warning : ResolveReferenceLinksComponent: [T:PokeDexManager.InfParam] Unknown reference link target &#39;T:CrystalDecisions.CrystalReports.Engine.ReportDocument&#39;. [F:\DI\di\Proyecto\PokeDexManager\Help\Working\BuildTopics.proj]
BuildAssembler : warning : ResolveReferenceLinksComponent: [T:PokeDexManager.InfParam] Unknown reference link target &#39;M:CrystalDecisions.CrystalReports.Engine.ReportDocument.Clone&#39;. [F:\DI\di\Proyecto\PokeDexManager\Help\Working\BuildTopics.proj]
BuildAssembler : warning : ResolveReferenceLinksComponent: [T:PokeDexManager.InfParam] Unknown reference link target &#39;T:CrystalDecisions.CrystalReports.Engine.ReportDocument&#39;. [F:\DI\di\Proyecto\PokeDexManager\Help\Working\BuildTopics.proj]
BuildAssembler : warning : ResolveReferenceLinksComponent: [T:PokeDexManager.InfParam] Unknown reference link target &#39;M:CrystalDecisions.CrystalReports.Engine.ReportDocument.Close&#39;. [F:\DI\di\Proyecto\PokeDexManager\Help\Working\BuildTopics.proj]
BuildAssembler : warning : ResolveReferenceLinksComponent: [T:PokeDexManager.InfParam] Unknown reference link target &#39;T:CrystalDecisions.CrystalReports.Engine.ReportDocument&#39;. [F:\DI\di\Proyecto\PokeDexManager\Help\Working\BuildTopics.proj]
BuildAssembler : warning : ResolveReferenceLinksComponent: [T:PokeDexManager.InfParam] Unknown reference link target &#39;M:CrystalDecisions.CrystalReports.Engine.ReportClass.Dispose(System.Boolean)&#39;. [F:\DI\di\Proyecto\PokeDexManager\Help\Working\BuildTopics.proj]
BuildAssembler : warning : ResolveReferenceLinksComponent: [T:PokeDexManager.InfParam] Unknown reference link target &#39;T:CrystalDecisions.CrystalReports.Engine.ReportClass&#39;. [F:\DI\di\Proyecto\PokeDexManager\Help\Working\BuildTopics.proj]
BuildAssembler : warning : ResolveReferenceLinksComponent: [T:PokeDexManager.InfParam] Unknown reference link target &#39;M:CrystalDecisions.CrystalReports.Engine.ReportDocument.EnableEvent(CrystalDecisions.CrystalReports.Engine.EventEnabledArgs)&#39;. [F:\DI\di\Proyecto\PokeDexManager\Help\Working\BuildTopics.proj]
BuildAssembler : warning : ResolveReferenceLinksComponent: [T:PokeDexManager.InfParam] Unknown reference link target &#39;T:CrystalDecisions.CrystalReports.Engine.ReportDocument&#39;. [F:\DI\di\Proyecto\PokeDexManager\Help\Working\BuildTopics.proj]
BuildAssembler : warning : ResolveReferenceLinksComponent: [T:PokeDexManager.InfParam] Unknown reference link target &#39;M:CrystalDecisions.CrystalReports.Engine.ReportDocument.Export(CrystalDecisions.Shared.ExportOptions)&#39;. [F:\DI\di\Proyecto\PokeDexManager\Help\Working\BuildTopics.proj]
BuildAssembler : warning : ResolveReferenceLinksComponent: [T:PokeDexManager.InfParam] Unknown reference link target &#39;T:CrystalDecisions.CrystalReports.Engine.ReportDocument&#39;. [F:\DI\di\Proyecto\PokeDexManager\Help\Working\BuildTopics.proj]
BuildAssembler : warning : ResolveReferenceLinksComponent: [T:PokeDexManager.InfParam] Unknown reference link target &#39;M:CrystalDecisions.CrystalReports.Engine.ReportDocument.ExportToDisk(CrystalDecisions.Shared.ExportFormatType,System.String)&#39;. [F:\DI\di\Proyecto\PokeDexManager\Help\Working\BuildTopics.proj]
BuildAssembler : warning : ResolveReferenceLinksComponent: [T:PokeDexManager.InfParam] Unknown reference link target &#39;T:CrystalDecisions.CrystalReports.Engine.ReportDocument&#39;. [F:\DI\di\Proyecto\PokeDexManager\Help\Working\BuildTopics.proj]
BuildAssembler : warning : ResolveReferenceLinksComponent: [T:PokeDexManager.InfParam] Unknown reference link target &#39;M:CrystalDecisions.CrystalReports.Engine.ReportDocument.ExportToHttpResponse(CrystalDecisions.Shared.ExportFormatType,System.Web.HttpResponse,System.Boolean,System.String)&#39;. [F:\DI\di\Proyecto\PokeDexManager\Help\Working\BuildTopics.proj]
BuildAssembler : warning : ResolveReferenceLinksComponent: [T:PokeDexManager.InfParam] Unknown reference link target &#39;T:CrystalDecisions.CrystalReports.Engine.ReportDocument&#39;. [F:\DI\di\Proyecto\PokeDexManager\Help\Working\BuildTopics.proj]
BuildAssembler : warning : ResolveReferenceLinksComponent: [T:PokeDexManager.InfParam] Unknown reference link target &#39;M:CrystalDecisions.CrystalReports.Engine.ReportDocument.ExportToHttpResponse(CrystalDecisions.Shared.ExportOptions,System.Web.HttpResponse,System.Boolean,System.String)&#39;. [F:\DI\di\Proyecto\PokeDexManager\Help\Working\BuildTopics.proj]
BuildAssembler : warning : ResolveReferenceLinksComponent: [T:PokeDexManager.InfParam] Unknown reference link target &#39;T:CrystalDecisions.CrystalReports.Engine.ReportDocument&#39;. [F:\DI\di\Proyecto\PokeDexManager\Help\Working\BuildTopics.proj]
BuildAssembler : warning : ResolveReferenceLinksComponent: [T:PokeDexManager.InfParam] Unknown reference link target &#39;M:CrystalDecisions.CrystalReports.Engine.ReportDocument.ExportToStream(CrystalDecisions.Shared.ExportFormatType)&#39;. [F:\DI\di\Proyecto\PokeDexManager\Help\Working\BuildTopics.proj]
BuildAssembler : warning : ResolveReferenceLinksComponent: [T:PokeDexManager.InfParam] Unknown reference link target &#39;T:CrystalDecisions.CrystalReports.Engine.ReportDocument&#39;. [F:\DI\di\Proyecto\PokeDexManager\Help\Working\BuildTopics.proj]
BuildAssembler : warning : ResolveReferenceLinksComponent: [T:PokeDexManager.InfParam] Unknown reference link target &#39;M:CrystalDecisions.CrystalReports.Engine.ReportClass.Finalize&#39;. [F:\DI\di\Proyecto\PokeDexManager\Help\Working\BuildTopics.proj]
BuildAssembler : warning : ResolveReferenceLinksComponent: [T:PokeDexManager.InfParam] Unknown reference link target &#39;T:CrystalDecisions.CrystalReports.Engine.ReportClass&#39;. [F:\DI\di\Proyecto\PokeDexManager\Help\Working\BuildTopics.proj]
BuildAssembler : warning : ResolveReferenceLinksComponent: [T:PokeDexManager.InfParam] Unknown reference link target &#39;M:CrystalDecisions.CrystalReports.Engine.ReportDocument.GetAttributes&#39;. [F:\DI\di\Proyecto\PokeDexManager\Help\Working\BuildTopics.proj]
BuildAssembler : warning : ResolveReferenceLinksComponent: [T:PokeDexManager.InfParam] Unknown reference link target &#39;T:CrystalDecisions.CrystalReports.Engine.ReportDocument&#39;. [F:\DI\di\Proyecto\PokeDexManager\Help\Working\BuildTopics.proj]
BuildAssembler : warning : ResolveReferenceLinksComponent: [T:PokeDexManager.InfParam] Unknown reference link target &#39;M:CrystalDecisions.CrystalReports.Engine.ReportDocument.GetClassName&#39;. [F:\DI\di\Proyecto\PokeDexManager\Help\Working\BuildTopics.proj]
BuildAssembler : warning : ResolveReferenceLinksComponent: [T:PokeDexManager.InfParam] Unknown reference link target &#39;T:CrystalDecisions.CrystalReports.Engine.ReportDocument&#39;. [F:\DI\di\Proyecto\PokeDexManager\Help\Working\BuildTopics.proj]
BuildAssembler : warning : ResolveReferenceLinksComponent: [T:PokeDexManager.InfParam] Unknown reference link target &#39;M:CrystalDecisions.CrystalReports.Engine.ReportDocument.GetComponentName&#39;. [F:\DI\di\Proyecto\PokeDexManager\Help\Working\BuildTopics.proj]
BuildAssembler : warning : ResolveReferenceLinksComponent: [T:PokeDexManager.InfParam] Unknown reference link target &#39;T:CrystalDecisions.CrystalReports.Engine.ReportDocument&#39;. [F:\DI\di\Proyecto\PokeDexManager\Help\Working\BuildTopics.proj]
BuildAssembler : warning : ResolveReferenceLinksComponent: [T:PokeDexManager.InfParam] Unknown reference link target &#39;M:CrystalDecisions.CrystalReports.Engine.ReportDocument.GetConverter&#39;. [F:\DI\di\Proyecto\PokeDexManager\Help\Working\BuildTopics.proj]
BuildAssembler : warning : ResolveReferenceLinksComponent: [T:PokeDexManager.InfParam] Unknown reference link target &#39;T:CrystalDecisions.CrystalReports.Engine.ReportDocument&#39;. [F:\DI\di\Proyecto\PokeDexManager\Help\Working\BuildTopics.proj]
BuildAssembler : warning : ResolveReferenceLinksComponent: [T:PokeDexManager.InfParam] Unknown reference link target &#39;M:CrystalDecisions.CrystalReports.Engine.ReportDocument.GetDefaultEvent&#39;. [F:\DI\di\Proyecto\PokeDexManager\Help\Working\BuildTopics.proj]
BuildAssembler : warning : ResolveReferenceLinksComponent: [T:PokeDexManager.InfParam] Unknown reference link target &#39;T:CrystalDecisions.CrystalReports.Engine.ReportDocument&#39;. [F:\DI\di\Proyecto\PokeDexManager\Help\Working\BuildTopics.proj]
BuildAssembler : warning : ResolveReferenceLinksComponent: [T:PokeDexManager.InfParam] Unknown reference link target &#39;M:CrystalDecisions.CrystalReports.Engine.ReportDocument.GetDefaultProperty&#39;. [F:\DI\di\Proyecto\PokeDexManager\Help\Working\BuildTopics.proj]
BuildAssembler : warning : ResolveReferenceLinksComponent: [T:PokeDexManager.InfParam] Unknown reference link target &#39;T:CrystalDecisions.CrystalReports.Engine.ReportDocument&#39;. [F:\DI\di\Proyecto\PokeDexManager\Help\Working\BuildTopics.proj]
BuildAssembler : warning : ResolveReferenceLinksComponent: [T:PokeDexManager.InfParam] Unknown reference link target &#39;M:CrystalDecisions.CrystalReports.Engine.ReportDocument.GetEditor(System.Type)&#39;. [F:\DI\di\Proyecto\PokeDexManager\Help\Working\BuildTopics.proj]
BuildAssembler : warning : ResolveReferenceLinksComponent: [T:PokeDexManager.InfParam] Unknown reference link target &#39;T:CrystalDecisions.CrystalReports.Engine.ReportDocument&#39;. [F:\DI\di\Proyecto\PokeDexManager\Help\Working\BuildTopics.proj]
BuildAssembler : warning : ResolveReferenceLinksComponent: [T:PokeDexManager.InfParam] Unknown reference link target &#39;M:CrystalDecisions.CrystalReports.Engine.ReportDocument.GetEvents&#39;. [F:\DI\di\Proyecto\PokeDexManager\Help\Working\BuildTopics.proj]
BuildAssembler : warning : ResolveReferenceLinksComponent: [T:PokeDexManager.InfParam] Unknown reference link target &#39;T:CrystalDecisions.CrystalReports.Engine.ReportDocument&#39;. [F:\DI\di\Proyecto\PokeDexManager\Help\Working\BuildTopics.proj]
BuildAssembler : warning : ResolveReferenceLinksComponent: [T:PokeDexManager.InfParam] Unknown reference link target &#39;M:CrystalDecisions.CrystalReports.Engine.ReportDocument.GetEvents(System.Attribute[])&#39;. [F:\DI\di\Proyecto\PokeDexManager\Help\Working\BuildTopics.proj]
BuildAssembler : warning : ResolveReferenceLinksComponent: [T:PokeDexManager.InfParam] Unknown reference link target &#39;T:CrystalDecisions.CrystalReports.Engine.ReportDocument&#39;. [F:\DI\di\Proyecto\PokeDexManager\Help\Working\BuildTopics.proj]
BuildAssembler : warning : ResolveReferenceLinksComponent: [T:PokeDexManager.InfParam] Unknown reference link target &#39;M:CrystalDecisions.CrystalReports.Engine.ReportDocument.GetProperties&#39;. [F:\DI\di\Proyecto\PokeDexManager\Help\Working\BuildTopics.proj]
BuildAssembler : warning : ResolveReferenceLinksComponent: [T:PokeDexManager.InfParam] Unknown reference link target &#39;T:CrystalDecisions.CrystalReports.Engine.ReportDocument&#39;. [F:\DI\di\Proyecto\PokeDexManager\Help\Working\BuildTopics.proj]
BuildAssembler : warning : ResolveReferenceLinksComponent: [T:PokeDexManager.InfParam] Unknown reference link target &#39;M:CrystalDecisions.CrystalReports.Engine.ReportDocument.GetProperties(System.Attribute[])&#39;. [F:\DI\di\Proyecto\PokeDexManager\Help\Working\BuildTopics.proj]
BuildAssembler : warning : ResolveReferenceLinksComponent: [T:PokeDexManager.InfParam] Unknown reference link target &#39;T:CrystalDecisions.CrystalReports.Engine.ReportDocument&#39;. [F:\DI\di\Proyecto\PokeDexManager\Help\Working\BuildTopics.proj]
BuildAssembler : warning : ResolveReferenceLinksComponent: [T:PokeDexManager.InfParam] Unknown reference link target &#39;M:CrystalDecisions.CrystalReports.Engine.ReportDocument.GetPropertyOwner(System.ComponentModel.PropertyDescriptor)&#39;. [F:\DI\di\Proyecto\PokeDexManager\Help\Working\BuildTopics.proj]
BuildAssembler : warning : ResolveReferenceLinksComponent: [T:PokeDexManager.InfParam] Unknown reference link target &#39;T:CrystalDecisions.CrystalReports.Engine.ReportDocument&#39;. [F:\DI\di\Proyecto\PokeDexManager\Help\Working\BuildTopics.proj]
BuildAssembler : warning : ResolveReferenceLinksComponent: [T:PokeDexManager.InfParam] Unknown reference link target &#39;M:CrystalDecisions.CrystalReports.Engine.ReportClass.Load&#39;. [F:\DI\di\Proyecto\PokeDexManager\Help\Working\BuildTopics.proj]
BuildAssembler : warning : ResolveReferenceLinksComponent: [T:PokeDexManager.InfParam] Unknown reference link target &#39;T:CrystalDecisions.CrystalReports.Engine.ReportClass&#39;. [F:\DI\di\Proyecto\PokeDexManager\Help\Working\BuildTopics.proj]
BuildAssembler : warning : ResolveReferenceLinksComponent: [T:PokeDexManager.InfParam] Unknown reference link target &#39;M:CrystalDecisions.CrystalReports.Engine.ReportDocument.Load(System.String)&#39;. [F:\DI\di\Proyecto\PokeDexManager\Help\Working\BuildTopics.proj]
BuildAssembler : warning : ResolveReferenceLinksComponent: [T:PokeDexManager.InfParam] Unknown reference link target &#39;T:CrystalDecisions.CrystalReports.Engine.ReportDocument&#39;. [F:\DI\di\Proyecto\PokeDexManager\Help\Working\BuildTopics.proj]
BuildAssembler : warning : ResolveReferenceLinksComponent: [T:PokeDexManager.InfParam] Unknown reference link target &#39;M:CrystalDecisions.CrystalReports.Engine.ReportDocument.Load(System.String,CrystalDecisions.Shared.OpenReportMethod)&#39;. [F:\DI\di\Proyecto\PokeDexManager\Help\Working\BuildTopics.proj]
BuildAssembler : warning : ResolveReferenceLinksComponent: [T:PokeDexManager.InfParam] Unknown reference link target &#39;T:CrystalDecisions.CrystalReports.Engine.ReportDocument&#39;. [F:\DI\di\Proyecto\PokeDexManager\Help\Working\BuildTopics.proj]
BuildAssembler : warning : ResolveReferenceLinksComponent: [T:PokeDexManager.InfParam] Unknown reference link target &#39;M:CrystalDecisions.CrystalReports.Engine.ReportDocument.Load(System.String,System.String)&#39;. [F:\DI\di\Proyecto\PokeDexManager\Help\Working\BuildTopics.proj]
BuildAssembler : warning : ResolveReferenceLinksComponent: [T:PokeDexManager.InfParam] Unknown reference link target &#39;T:CrystalDecisions.CrystalReports.Engine.ReportDocument&#39;. [F:\DI\di\Proyecto\PokeDexManager\Help\Working\BuildTopics.proj]
BuildAssembler : warning : ResolveReferenceLinksComponent: [T:PokeDexManager.InfParam] Unknown reference link target &#39;M:CrystalDecisions.CrystalReports.Engine.ReportClass.Load(System.String,CrystalDecisions.Shared.OpenReportMethod,System.Int16)&#39;. [F:\DI\di\Proyecto\PokeDexManager\Help\Working\BuildTopics.proj]
BuildAssembler : warning : ResolveReferenceLinksComponent: [T:PokeDexManager.InfParam] Unknown reference link target &#39;T:CrystalDecisions.CrystalReports.Engine.ReportClass&#39;. [F:\DI\di\Proyecto\PokeDexManager\Help\Working\BuildTopics.proj]
BuildAssembler : warning : ResolveReferenceLinksComponent: [T:PokeDexManager.InfParam] Unknown reference link target &#39;M:CrystalDecisions.CrystalReports.Engine.ReportDocument.OpenSubreport(System.String)&#39;. [F:\DI\di\Proyecto\PokeDexManager\Help\Working\BuildTopics.proj]
BuildAssembler : warning : ResolveReferenceLinksComponent: [T:PokeDexManager.InfParam] Unknown reference link target &#39;T:CrystalDecisions.CrystalReports.Engine.ReportDocument&#39;. [F:\DI\di\Proyecto\PokeDexManager\Help\Working\BuildTopics.proj]
BuildAssembler : warning : ResolveReferenceLinksComponent: [T:PokeDexManager.InfParam] Unknown reference link target &#39;M:CrystalDecisions.CrystalReports.Engine.ReportDocument.PrintToPrinter(System.Drawing.Printing.PrinterSettings,System.Drawing.Printing.PageSettings,System.Boolean)&#39;. [F:\DI\di\Proyecto\PokeDexManager\Help\Working\BuildTopics.proj]
BuildAssembler : warning : ResolveReferenceLinksComponent: [T:PokeDexManager.InfParam] Unknown reference link target &#39;T:CrystalDecisions.CrystalReports.Engine.ReportDocument&#39;. [F:\DI\di\Proyecto\PokeDexManager\Help\Working\BuildTopics.proj]
BuildAssembler : warning : ResolveReferenceLinksComponent: [T:PokeDexManager.InfParam] Unknown reference link target &#39;M:CrystalDecisions.CrystalReports.Engine.ReportDocument.PrintToPrinter(System.Int32,System.Boolean,System.Int32,System.Int32)&#39;. [F:\DI\di\Proyecto\PokeDexManager\Help\Working\BuildTopics.proj]
BuildAssembler : warning : ResolveReferenceLinksComponent: [T:PokeDexManager.InfParam] Unknown reference link target &#39;T:CrystalDecisions.CrystalReports.Engine.ReportDocument&#39;. [F:\DI\di\Proyecto\PokeDexManager\Help\Working\BuildTopics.proj]
BuildAssembler : warning : ResolveReferenceLinksComponent: [T:PokeDexManager.InfParam] Unknown reference link target &#39;M:CrystalDecisions.CrystalReports.Engine.ReportDocument.PrintToPrinter(System.Drawing.Printing.PrinterSettings,System.Drawing.Printing.PageSettings,System.Boolean,CrystalDecisions.Shared.PrintLayoutSettings)&#39;. [F:\DI\di\Proyecto\PokeDexManager\Help\Working\BuildTopics.proj]
BuildAssembler : warning : ResolveReferenceLinksComponent: [T:PokeDexManager.InfParam] Unknown reference link target &#39;T:CrystalDecisions.CrystalReports.Engine.ReportDocument&#39;. [F:\DI\di\Proyecto\PokeDexManager\Help\Working\BuildTopics.proj]
BuildAssembler : warning : ResolveReferenceLinksComponent: [T:PokeDexManager.InfParam] Unknown reference link target &#39;M:CrystalDecisions.CrystalReports.Engine.ReportDocument.ReadRecords&#39;. [F:\DI\di\Proyecto\PokeDexManager\Help\Working\BuildTopics.proj]
BuildAssembler : warning : ResolveReferenceLinksComponent: [T:PokeDexManager.InfParam] Unknown reference link target &#39;T:CrystalDecisions.CrystalReports.Engine.ReportDocument&#39;. [F:\DI\di\Proyecto\PokeDexManager\Help\Working\BuildTopics.proj]
BuildAssembler : warning : ResolveReferenceLinksComponent: [T:PokeDexManager.InfParam] Unknown reference link target &#39;M:CrystalDecisions.CrystalReports.Engine.ReportDocument.Refresh&#39;. [F:\DI\di\Proyecto\PokeDexManager\Help\Working\BuildTopics.proj]
BuildAssembler : warning : ResolveReferenceLinksComponent: [T:PokeDexManager.InfParam] Unknown reference link target &#39;T:CrystalDecisions.CrystalReports.Engine.ReportDocument&#39;. [F:\DI\di\Proyecto\PokeDexManager\Help\Working\BuildTopics.proj]
BuildAssembler : warning : ResolveReferenceLinksComponent: [T:PokeDexManager.InfParam] Unknown reference link target &#39;M:CrystalDecisions.CrystalReports.Engine.ReportDocument.SaveAs(System.String)&#39;. [F:\DI\di\Proyecto\PokeDexManager\Help\Working\BuildTopics.proj]
BuildAssembler : warning : ResolveReferenceLinksComponent: [T:PokeDexManager.InfParam] Unknown reference link target &#39;T:CrystalDecisions.CrystalReports.Engine.ReportDocument&#39;. [F:\DI\di\Proyecto\PokeDexManager\Help\Working\BuildTopics.proj]
BuildAssembler : warning : ResolveReferenceLinksComponent: [T:PokeDexManager.InfParam] Unknown reference link target &#39;M:CrystalDecisions.CrystalReports.Engine.ReportDocument.SaveAs(System.String,System.Boolean)&#39;. [F:\DI\di\Proyecto\PokeDexManager\Help\Working\BuildTopics.proj]
BuildAssembler : warning : ResolveReferenceLinksComponent: [T:PokeDexManager.InfParam] Unknown reference link target &#39;T:CrystalDecisions.CrystalReports.Engine.ReportDocument&#39;. [F:\DI\di\Proyecto\PokeDexManager\Help\Working\BuildTopics.proj]
BuildAssembler : warning : ResolveReferenceLinksComponent: [T:PokeDexManager.InfParam] Unknown reference link target &#39;M:CrystalDecisions.CrystalReports.Engine.ReportDocument.SetCssClass(CrystalDecisions.Shared.ObjectScope,System.String)&#39;. [F:\DI\di\Proyecto\PokeDexManager\Help\Working\BuildTopics.proj]
BuildAssembler : warning : ResolveReferenceLinksComponent: [T:PokeDexManager.InfParam] Unknown reference link target &#39;T:CrystalDecisions.CrystalReports.Engine.ReportDocument&#39;. [F:\DI\di\Proyecto\PokeDexManager\Help\Working\BuildTopics.proj]
BuildAssembler : warning : ResolveReferenceLinksComponent: [T:PokeDexManager.InfParam] Unknown reference link target &#39;M:CrystalDecisions.CrystalReports.Engine.ReportDocument.SetDatabaseLogon(System.String,System.String)&#39;. [F:\DI\di\Proyecto\PokeDexManager\Help\Working\BuildTopics.proj]
BuildAssembler : warning : ResolveReferenceLinksComponent: [T:PokeDexManager.InfParam] Unknown reference link target &#39;T:CrystalDecisions.CrystalReports.Engine.ReportDocument&#39;. [F:\DI\di\Proyecto\PokeDexManager\Help\Working\BuildTopics.proj]
BuildAssembler : warning : ResolveReferenceLinksComponent: [T:PokeDexManager.InfParam] Unknown reference link target &#39;M:CrystalDecisions.CrystalReports.Engine.ReportDocument.SetDatabaseLogon(System.String,System.String,System.String,System.String)&#39;. [F:\DI\di\Proyecto\PokeDexManager\Help\Working\BuildTopics.proj]
BuildAssembler : warning : ResolveReferenceLinksComponent: [T:PokeDexManager.InfParam] Unknown reference link target &#39;T:CrystalDecisions.CrystalReports.Engine.ReportDocument&#39;. [F:\DI\di\Proyecto\PokeDexManager\Help\Working\BuildTopics.proj]
BuildAssembler : warning : ResolveReferenceLinksComponent: [T:PokeDexManager.InfParam] Unknown reference link target &#39;M:CrystalDecisions.CrystalReports.Engine.ReportDocument.SetDatabaseLogon(System.String,System.String,System.String,System.String,System.Boolean)&#39;. [F:\DI\di\Proyecto\PokeDexManager\Help\Working\BuildTopics.proj]
BuildAssembler : warning : ResolveReferenceLinksComponent: [T:PokeDexManager.InfParam] Unknown reference link target &#39;T:CrystalDecisions.CrystalReports.Engine.ReportDocument&#39;. [F:\DI\di\Proyecto\PokeDexManager\Help\Working\BuildTopics.proj]
BuildAssembler : warning : ResolveReferenceLinksComponent: [T:PokeDexManager.InfParam] Unknown reference link target &#39;M:CrystalDecisions.CrystalReports.Engine.ReportDocument.SetDataSource(System.Data.DataSet)&#39;. [F:\DI\di\Proyecto\PokeDexManager\Help\Working\BuildTopics.proj]
BuildAssembler : warning : ResolveReferenceLinksComponent: [T:PokeDexManager.InfParam] Unknown reference link target &#39;T:CrystalDecisions.CrystalReports.Engine.ReportDocument&#39;. [F:\DI\di\Proyecto\PokeDexManager\Help\Working\BuildTopics.proj]
BuildAssembler : warning : ResolveReferenceLinksComponent: [T:PokeDexManager.InfParam] Unknown reference link target &#39;M:CrystalDecisions.CrystalReports.Engine.ReportDocument.SetDataSource(System.Data.DataTable)&#39;. [F:\DI\di\Proyecto\PokeDexManager\Help\Working\BuildTopics.proj]
BuildAssembler : warning : ResolveReferenceLinksComponent: [T:PokeDexManager.InfParam] Unknown reference link target &#39;T:CrystalDecisions.CrystalReports.Engine.ReportDocument&#39;. [F:\DI\di\Proyecto\PokeDexManager\Help\Working\BuildTopics.proj]
BuildAssembler : warning : ResolveReferenceLinksComponent: [T:PokeDexManager.InfParam] Unknown reference link target &#39;M:CrystalDecisions.CrystalReports.Engine.ReportDocument.SetDataSource(System.Data.IDataReader)&#39;. [F:\DI\di\Proyecto\PokeDexManager\Help\Working\BuildTopics.proj]
BuildAssembler : warning : ResolveReferenceLinksComponent: [T:PokeDexManager.InfParam] Unknown reference link target &#39;T:CrystalDecisions.CrystalReports.Engine.ReportDocument&#39;. [F:\DI\di\Proyecto\PokeDexManager\Help\Working\BuildTopics.proj]
BuildAssembler : warning : ResolveReferenceLinksComponent: [T:PokeDexManager.InfParam] Unknown reference link target &#39;M:CrystalDecisions.CrystalReports.Engine.ReportDocument.SetDataSource(System.Collections.IEnumerable)&#39;. [F:\DI\di\Proyecto\PokeDexManager\Help\Working\BuildTopics.proj]
BuildAssembler : warning : ResolveReferenceLinksComponent: [T:PokeDexManager.InfParam] Unknown reference link target &#39;T:CrystalDecisions.CrystalReports.Engine.ReportDocument&#39;. [F:\DI\di\Proyecto\PokeDexManager\Help\Working\BuildTopics.proj]
BuildAssembler : warning : ResolveReferenceLinksComponent: [T:PokeDexManager.InfParam] Unknown reference link target &#39;M:CrystalDecisions.CrystalReports.Engine.ReportDocument.SetParameterValue(System.Int32,System.Object)&#39;. [F:\DI\di\Proyecto\PokeDexManager\Help\Working\BuildTopics.proj]
BuildAssembler : warning : ResolveReferenceLinksComponent: [T:PokeDexManager.InfParam] Unknown reference link target &#39;T:CrystalDecisions.CrystalReports.Engine.ReportDocument&#39;. [F:\DI\di\Proyecto\PokeDexManager\Help\Working\BuildTopics.proj]
BuildAssembler : warning : ResolveReferenceLinksComponent: [T:PokeDexManager.InfParam] Unknown reference link target &#39;M:CrystalDecisions.CrystalReports.Engine.ReportDocument.SetParameterValue(System.String,System.Object)&#39;. [F:\DI\di\Proyecto\PokeDexManager\Help\Working\BuildTopics.proj]
BuildAssembler : warning : ResolveReferenceLinksComponent: [T:PokeDexManager.InfParam] Unknown reference link target &#39;T:CrystalDecisions.CrystalReports.Engine.ReportDocument&#39;. [F:\DI\di\Proyecto\PokeDexManager\Help\Working\BuildTopics.proj]
BuildAssembler : warning : ResolveReferenceLinksComponent: [T:PokeDexManager.InfParam] Unknown reference link target &#39;M:CrystalDecisions.CrystalReports.Engine.ReportDocument.SetParameterValue(System.String,System.Object,System.String)&#39;. [F:\DI\di\Proyecto\PokeDexManager\Help\Working\BuildTopics.proj]
BuildAssembler : warning : ResolveReferenceLinksComponent: [T:PokeDexManager.InfParam] Unknown reference link target &#39;T:CrystalDecisions.CrystalReports.Engine.ReportDocument&#39;. [F:\DI\di\Proyecto\PokeDexManager\Help\Working\BuildTopics.proj]
BuildAssembler : warning : ResolveReferenceLinksComponent: [T:PokeDexManager.InfParam] Unknown reference link target &#39;M:CrystalDecisions.CrystalReports.Engine.ReportDocument.SetSQLCommandTable(CrystalDecisions.Shared.ConnectionInfo,System.String,System.String)&#39;. [F:\DI\di\Proyecto\PokeDexManager\Help\Working\BuildTopics.proj]
BuildAssembler : warning : ResolveReferenceLinksComponent: [T:PokeDexManager.InfParam] Unknown reference link target &#39;T:CrystalDecisions.CrystalReports.Engine.ReportDocument&#39;. [F:\DI\di\Proyecto\PokeDexManager\Help\Working\BuildTopics.proj]
BuildAssembler : warning : ResolveReferenceLinksComponent: [T:PokeDexManager.InfParam] Unknown reference link target &#39;M:CrystalDecisions.CrystalReports.Engine.ReportDocument.VerifyDatabase&#39;. [F:\DI\di\Proyecto\PokeDexManager\Help\Working\BuildTopics.proj]
BuildAssembler : warning : ResolveReferenceLinksComponent: [T:PokeDexManager.InfParam] Unknown reference link target &#39;T:CrystalDecisions.CrystalReports.Engine.ReportDocument&#39;. [F:\DI\di\Proyecto\PokeDexManager\Help\Working\BuildTopics.proj]
BuildAssembler : warning : ResolveReferenceLinksComponent: [T:PokeDexManager.InfParam] Unknown reference link target &#39;E:CrystalDecisions.CrystalReports.Engine.ReportDocument.AfterFormatPage&#39;. [F:\DI\di\Proyecto\PokeDexManager\Help\Working\BuildTopics.proj]
BuildAssembler : warning : ResolveReferenceLinksComponent: [T:PokeDexManager.InfParam] Unknown reference link target &#39;T:CrystalDecisions.CrystalReports.Engine.ReportDocument&#39;. [F:\DI\di\Proyecto\PokeDexManager\Help\Working\BuildTopics.proj]
BuildAssembler : warning : ResolveReferenceLinksComponent: [T:PokeDexManager.InfParam] Unknown reference link target &#39;E:CrystalDecisions.CrystalReports.Engine.ReportDocument.BeforeFormatPage&#39;. [F:\DI\di\Proyecto\PokeDexManager\Help\Working\BuildTopics.proj]
BuildAssembler : warning : ResolveReferenceLinksComponent: [T:PokeDexManager.InfParam] Unknown reference link target &#39;T:CrystalDecisions.CrystalReports.Engine.ReportDocument&#39;. [F:\DI\di\Proyecto\PokeDexManager\Help\Working\BuildTopics.proj]
BuildAssembler : warning : ResolveReferenceLinksComponent: [T:PokeDexManager.InfParam] Unknown reference link target &#39;E:CrystalDecisions.CrystalReports.Engine.ReportDocument.FieldMapping&#39;. [F:\DI\di\Proyecto\PokeDexManager\Help\Working\BuildTopics.proj]
BuildAssembler : warning : ResolveReferenceLinksComponent: [T:PokeDexManager.InfParam] Unknown reference link target &#39;T:CrystalDecisions.CrystalReports.Engine.ReportDocument&#39;. [F:\DI\di\Proyecto\PokeDexManager\Help\Working\BuildTopics.proj]
BuildAssembler : warning : ResolveReferenceLinksComponent: [T:PokeDexManager.InfParam] Unknown reference link target &#39;E:CrystalDecisions.CrystalReports.Engine.ReportDocument.FormatSection&#39;. [F:\DI\di\Proyecto\PokeDexManager\Help\Working\BuildTopics.proj]
BuildAssembler : warning : ResolveReferenceLinksComponent: [T:PokeDexManager.InfParam] Unknown reference link target &#39;T:CrystalDecisions.CrystalReports.Engine.ReportDocument&#39;. [F:\DI\di\Proyecto\PokeDexManager\Help\Working\BuildTopics.proj]
BuildAssembler : warning : ResolveReferenceLinksComponent: [T:PokeDexManager.InfParam] Unknown reference link target &#39;E:CrystalDecisions.CrystalReports.Engine.ReportDocument.InitReport&#39;. [F:\DI\di\Proyecto\PokeDexManager\Help\Working\BuildTopics.proj]
BuildAssembler : warning : ResolveReferenceLinksComponent: [T:PokeDexManager.InfParam] Unknown reference link target &#39;T:CrystalDecisions.CrystalReports.Engine.ReportDocument&#39;. [F:\DI\di\Proyecto\PokeDexManager\Help\Working\BuildTopics.proj]
BuildAssembler : warning : ResolveReferenceLinksComponent: [T:PokeDexManager.InfParam] Unknown reference link target &#39;E:CrystalDecisions.CrystalReports.Engine.ReportDocument.NoData&#39;. [F:\DI\di\Proyecto\PokeDexManager\Help\Working\BuildTopics.proj]
BuildAssembler : warning : ResolveReferenceLinksComponent: [T:PokeDexManager.InfParam] Unknown reference link target &#39;T:CrystalDecisions.CrystalReports.Engine.ReportDocument&#39;. [F:\DI\di\Proyecto\PokeDexManager\Help\Working\BuildTopics.proj]
BuildAssembler : warning : ResolveReferenceLinksComponent: [T:PokeDexManager.InfParam] Unknown reference link target &#39;E:CrystalDecisions.CrystalReports.Engine.ReportDocument.RefreshReport&#39;. [F:\DI\di\Proyecto\PokeDexManager\Help\Working\BuildTopics.proj]
BuildAssembler : warning : ResolveReferenceLinksComponent: [T:PokeDexManager.InfParam] Unknown reference link target &#39;T:CrystalDecisions.CrystalReports.Engine.ReportDocument&#39;. [F:\DI\di\Proyecto\PokeDexManager\Help\Working\BuildTopics.proj]
BuildAssembler : warning : ResolveReferenceLinksComponent: [T:PokeDexManager.InfParam] Unknown reference link target &#39;F:CrystalDecisions.CrystalReports.Engine.ReportDocument.m_entRptDoc&#39;. [F:\DI\di\Proyecto\PokeDexManager\Help\Working\BuildTopics.proj]
BuildAssembler : warning : ResolveReferenceLinksComponent: [T:PokeDexManager.InfParam] Unknown reference link target &#39;T:CrystalDecisions.CrystalReports.Engine.ReportDocument&#39;. [F:\DI\di\Proyecto\PokeDexManager\Help\Working\BuildTopics.proj]
BuildAssembler : warning : ResolveReferenceLinksComponent: [T:PokeDexManager.InfParam] Unknown reference link target &#39;F:CrystalDecisions.CrystalReports.Engine.ReportDocument.m_formatEngine&#39;. [F:\DI\di\Proyecto\PokeDexManager\Help\Working\BuildTopics.proj]
BuildAssembler : warning : ResolveReferenceLinksComponent: [T:PokeDexManager.InfParam] Unknown reference link target &#39;T:CrystalDecisions.CrystalReports.Engine.ReportDocument&#39;. [F:\DI\di\Proyecto\PokeDexManager\Help\Working\BuildTopics.proj]
BuildAssembler : warning : ResolveReferenceLinksComponent: [T:PokeDexManager.InfParam] Unknown reference link target &#39;F:CrystalDecisions.CrystalReports.Engine.ReportDocument.m_iUseCount&#39;. [F:\DI\di\Proyecto\PokeDexManager\Help\Working\BuildTopics.proj]
BuildAssembler : warning : ResolveReferenceLinksComponent: [T:PokeDexManager.InfParam] Unknown reference link target &#39;T:CrystalDecisions.CrystalReports.Engine.ReportDocument&#39;. [F:\DI\di\Proyecto\PokeDexManager\Help\Working\BuildTopics.proj]
BuildAssembler : warning : ResolveReferenceLinksComponent: [T:PokeDexManager.InfParam] Unknown reference link target &#39;F:CrystalDecisions.CrystalReports.Engine.ReportClass.m_sTempFilename&#39;. [F:\DI\di\Proyecto\PokeDexManager\Help\Working\BuildTopics.proj]
BuildAssembler : warning : ResolveReferenceLinksComponent: [T:PokeDexManager.InfParam] Unknown reference link target &#39;T:CrystalDecisions.CrystalReports.Engine.ReportClass&#39;. [F:\DI\di\Proyecto\PokeDexManager\Help\Working\BuildTopics.proj]
BuildAssembler : warning : ResolveReferenceLinksComponent: [Methods.T:PokeDexManager.InfParam] Unknown reference link target &#39;M:CrystalDecisions.CrystalReports.Engine.ReportDocument.CheckLicenseStatus&#39;. [F:\DI\di\Proyecto\PokeDexManager\Help\Working\BuildTopics.proj]
BuildAssembler : warning : ResolveReferenceLinksComponent: [Methods.T:PokeDexManager.InfParam] Unknown reference link target &#39;T:CrystalDecisions.CrystalReports.Engine.ReportDocument&#39;. [F:\DI\di\Proyecto\PokeDexManager\Help\Working\BuildTopics.proj]
BuildAssembler : warning : ResolveReferenceLinksComponent: [Methods.T:PokeDexManager.InfParam] Unknown reference link target &#39;M:CrystalDecisions.CrystalReports.Engine.ReportDocument.Clone&#39;. [F:\DI\di\Proyecto\PokeDexManager\Help\Working\BuildTopics.proj]
BuildAssembler : warning : ResolveReferenceLinksComponent: [Methods.T:PokeDexManager.InfParam] Unknown reference link target &#39;T:CrystalDecisions.CrystalReports.Engine.ReportDocument&#39;. [F:\DI\di\Proyecto\PokeDexManager\Help\Working\BuildTopics.proj]
BuildAssembler : warning : ResolveReferenceLinksComponent: [Methods.T:PokeDexManager.InfParam] Unknown reference link target &#39;M:CrystalDecisions.CrystalReports.Engine.ReportDocument.Close&#39;. [F:\DI\di\Proyecto\PokeDexManager\Help\Working\BuildTopics.proj]
BuildAssembler : warning : ResolveReferenceLinksComponent: [Methods.T:PokeDexManager.InfParam] Unknown reference link target &#39;T:CrystalDecisions.CrystalReports.Engine.ReportDocument&#39;. [F:\DI\di\Proyecto\PokeDexManager\Help\Working\BuildTopics.proj]
BuildAssembler : warning : ResolveReferenceLinksComponent: [Methods.T:PokeDexManager.InfParam] Unknown reference link target &#39;M:CrystalDecisions.CrystalReports.Engine.ReportClass.Dispose(System.Boolean)&#39;. [F:\DI\di\Proyecto\PokeDexManager\Help\Working\BuildTopics.proj]
BuildAssembler : warning : ResolveReferenceLinksComponent: [Methods.T:PokeDexManager.InfParam] Unknown reference link target &#39;T:CrystalDecisions.CrystalReports.Engine.ReportClass&#39;. [F:\DI\di\Proyecto\PokeDexManager\Help\Working\BuildTopics.proj]
BuildAssembler : warning : ResolveReferenceLinksComponent: [Methods.T:PokeDexManager.InfParam] Unknown reference link target &#39;M:CrystalDecisions.CrystalReports.Engine.ReportDocument.EnableEvent(CrystalDecisions.CrystalReports.Engine.EventEnabledArgs)&#39;. [F:\DI\di\Proyecto\PokeDexManager\Help\Working\BuildTopics.proj]
BuildAssembler : warning : ResolveReferenceLinksComponent: [Methods.T:PokeDexManager.InfParam] Unknown reference link target &#39;T:CrystalDecisions.CrystalReports.Engine.ReportDocument&#39;. [F:\DI\di\Proyecto\PokeDexManager\Help\Working\BuildTopics.proj]
BuildAssembler : warning : ResolveReferenceLinksComponent: [Methods.T:PokeDexManager.InfParam] Unknown reference link target &#39;M:CrystalDecisions.CrystalReports.Engine.ReportDocument.Export(CrystalDecisions.Shared.ExportOptions)&#39;. [F:\DI\di\Proyecto\PokeDexManager\Help\Working\BuildTopics.proj]
BuildAssembler : warning : ResolveReferenceLinksComponent: [Methods.T:PokeDexManager.InfParam] Unknown reference link target &#39;T:CrystalDecisions.CrystalReports.Engine.ReportDocument&#39;. [F:\DI\di\Proyecto\PokeDexManager\Help\Working\BuildTopics.proj]
BuildAssembler : warning : ResolveReferenceLinksComponent: [Methods.T:PokeDexManager.InfParam] Unknown reference link target &#39;M:CrystalDecisions.CrystalReports.Engine.ReportDocument.ExportToDisk(CrystalDecisions.Shared.ExportFormatType,System.String)&#39;. [F:\DI\di\Proyecto\PokeDexManager\Help\Working\BuildTopics.proj]
BuildAssembler : warning : ResolveReferenceLinksComponent: [Methods.T:PokeDexManager.InfParam] Unknown reference link target &#39;T:CrystalDecisions.CrystalReports.Engine.ReportDocument&#39;. [F:\DI\di\Proyecto\PokeDexManager\Help\Working\BuildTopics.proj]
BuildAssembler : warning : ResolveReferenceLinksComponent: [Methods.T:PokeDexManager.InfParam] Unknown reference link target &#39;M:CrystalDecisions.CrystalReports.Engine.ReportDocument.ExportToHttpResponse(CrystalDecisions.Shared.ExportFormatType,System.Web.HttpResponse,System.Boolean,System.String)&#39;. [F:\DI\di\Proyecto\PokeDexManager\Help\Working\BuildTopics.proj]
BuildAssembler : warning : ResolveReferenceLinksComponent: [Methods.T:PokeDexManager.InfParam] Unknown reference link target &#39;T:CrystalDecisions.CrystalReports.Engine.ReportDocument&#39;. [F:\DI\di\Proyecto\PokeDexManager\Help\Working\BuildTopics.proj]
BuildAssembler : warning : ResolveReferenceLinksComponent: [Methods.T:PokeDexManager.InfParam] Unknown reference link target &#39;M:CrystalDecisions.CrystalReports.Engine.ReportDocument.ExportToHttpResponse(CrystalDecisions.Shared.ExportOptions,System.Web.HttpResponse,System.Boolean,System.String)&#39;. [F:\DI\di\Proyecto\PokeDexManager\Help\Working\BuildTopics.proj]
BuildAssembler : warning : ResolveReferenceLinksComponent: [Methods.T:PokeDexManager.InfParam] Unknown reference link target &#39;T:CrystalDecisions.CrystalReports.Engine.ReportDocument&#39;. [F:\DI\di\Proyecto\PokeDexManager\Help\Working\BuildTopics.proj]
BuildAssembler : warning : ResolveReferenceLinksComponent: [Methods.T:PokeDexManager.InfParam] Unknown reference link target &#39;M:CrystalDecisions.CrystalReports.Engine.ReportDocument.ExportToStream(CrystalDecisions.Shared.ExportFormatType)&#39;. [F:\DI\di\Proyecto\PokeDexManager\Help\Working\BuildTopics.proj]
BuildAssembler : warning : ResolveReferenceLinksComponent: [Methods.T:PokeDexManager.InfParam] Unknown reference link target &#39;T:CrystalDecisions.CrystalReports.Engine.ReportDocument&#39;. [F:\DI\di\Proyecto\PokeDexManager\Help\Working\BuildTopics.proj]
BuildAssembler : warning : ResolveReferenceLinksComponent: [Methods.T:PokeDexManager.InfParam] Unknown reference link target &#39;M:CrystalDecisions.CrystalReports.Engine.ReportClass.Finalize&#39;. [F:\DI\di\Proyecto\PokeDexManager\Help\Working\BuildTopics.proj]
BuildAssembler : warning : ResolveReferenceLinksComponent: [Methods.T:PokeDexManager.InfParam] Unknown reference link target &#39;T:CrystalDecisions.CrystalReports.Engine.ReportClass&#39;. [F:\DI\di\Proyecto\PokeDexManager\Help\Working\BuildTopics.proj]
BuildAssembler : warning : ResolveReferenceLinksComponent: [Methods.T:PokeDexManager.InfParam] Unknown reference link target &#39;M:CrystalDecisions.CrystalReports.Engine.ReportDocument.GetAttributes&#39;. [F:\DI\di\Proyecto\PokeDexManager\Help\Working\BuildTopics.proj]
BuildAssembler : warning : ResolveReferenceLinksComponent: [Methods.T:PokeDexManager.InfParam] Unknown reference link target &#39;T:CrystalDecisions.CrystalReports.Engine.ReportDocument&#39;. [F:\DI\di\Proyecto\PokeDexManager\Help\Working\BuildTopics.proj]
BuildAssembler : warning : ResolveReferenceLinksComponent: [Methods.T:PokeDexManager.InfParam] Unknown reference link target &#39;M:CrystalDecisions.CrystalReports.Engine.ReportDocument.GetClassName&#39;. [F:\DI\di\Proyecto\PokeDexManager\Help\Working\BuildTopics.proj]
BuildAssembler : warning : ResolveReferenceLinksComponent: [Methods.T:PokeDexManager.InfParam] Unknown reference link target &#39;T:CrystalDecisions.CrystalReports.Engine.ReportDocument&#39;. [F:\DI\di\Proyecto\PokeDexManager\Help\Working\BuildTopics.proj]
BuildAssembler : warning : ResolveReferenceLinksComponent: [Methods.T:PokeDexManager.InfParam] Unknown reference link target &#39;M:CrystalDecisions.CrystalReports.Engine.ReportDocument.GetComponentName&#39;. [F:\DI\di\Proyecto\PokeDexManager\Help\Working\BuildTopics.proj]
BuildAssembler : warning : ResolveReferenceLinksComponent: [Methods.T:PokeDexManager.InfParam] Unknown reference link target &#39;T:CrystalDecisions.CrystalReports.Engine.ReportDocument&#39;. [F:\DI\di\Proyecto\PokeDexManager\Help\Working\BuildTopics.proj]
BuildAssembler : warning : ResolveReferenceLinksComponent: [Methods.T:PokeDexManager.InfParam] Unknown reference link target &#39;M:CrystalDecisions.CrystalReports.Engine.ReportDocument.GetConverter&#39;. [F:\DI\di\Proyecto\PokeDexManager\Help\Working\BuildTopics.proj]
BuildAssembler : warning : ResolveReferenceLinksComponent: [Methods.T:PokeDexManager.InfParam] Unknown reference link target &#39;T:CrystalDecisions.CrystalReports.Engine.ReportDocument&#39;. [F:\DI\di\Proyecto\PokeDexManager\Help\Working\BuildTopics.proj]
BuildAssembler : warning : ResolveReferenceLinksComponent: [Methods.T:PokeDexManager.InfParam] Unknown reference link target &#39;M:CrystalDecisions.CrystalReports.Engine.ReportDocument.GetDefaultEvent&#39;. [F:\DI\di\Proyecto\PokeDexManager\Help\Working\BuildTopics.proj]
BuildAssembler : warning : ResolveReferenceLinksComponent: [Methods.T:PokeDexManager.InfParam] Unknown reference link target &#39;T:CrystalDecisions.CrystalReports.Engine.ReportDocument&#39;. [F:\DI\di\Proyecto\PokeDexManager\Help\Working\BuildTopics.proj]
BuildAssembler : warning : ResolveReferenceLinksComponent: [Methods.T:PokeDexManager.InfParam] Unknown reference link target &#39;M:CrystalDecisions.CrystalReports.Engine.ReportDocument.GetDefaultProperty&#39;. [F:\DI\di\Proyecto\PokeDexManager\Help\Working\BuildTopics.proj]
BuildAssembler : warning : ResolveReferenceLinksComponent: [Methods.T:PokeDexManager.InfParam] Unknown reference link target &#39;T:CrystalDecisions.CrystalReports.Engine.ReportDocument&#39;. [F:\DI\di\Proyecto\PokeDexManager\Help\Working\BuildTopics.proj]
BuildAssembler : warning : ResolveReferenceLinksComponent: [Methods.T:PokeDexManager.InfParam] Unknown reference link target &#39;M:CrystalDecisions.CrystalReports.Engine.ReportDocument.GetEditor(System.Type)&#39;. [F:\DI\di\Proyecto\PokeDexManager\Help\Working\BuildTopics.proj]
BuildAssembler : warning : ResolveReferenceLinksComponent: [Methods.T:PokeDexManager.InfParam] Unknown reference link target &#39;T:CrystalDecisions.CrystalReports.Engine.ReportDocument&#39;. [F:\DI\di\Proyecto\PokeDexManager\Help\Working\BuildTopics.proj]
BuildAssembler : warning : ResolveReferenceLinksComponent: [Methods.T:PokeDexManager.InfParam] Unknown reference link target &#39;M:CrystalDecisions.CrystalReports.Engine.ReportDocument.GetEvents&#39;. [F:\DI\di\Proyecto\PokeDexManager\Help\Working\BuildTopics.proj]
BuildAssembler : warning : ResolveReferenceLinksComponent: [Methods.T:PokeDexManager.InfParam] Unknown reference link target &#39;T:CrystalDecisions.CrystalReports.Engine.ReportDocument&#39;. [F:\DI\di\Proyecto\PokeDexManager\Help\Working\BuildTopics.proj]
BuildAssembler : warning : ResolveReferenceLinksComponent: [Methods.T:PokeDexManager.InfParam] Unknown reference link target &#39;M:CrystalDecisions.CrystalReports.Engine.ReportDocument.GetEvents(System.Attribute[])&#39;. [F:\DI\di\Proyecto\PokeDexManager\Help\Working\BuildTopics.proj]
BuildAssembler : warning : ResolveReferenceLinksComponent: [Methods.T:PokeDexManager.InfParam] Unknown reference link target &#39;T:CrystalDecisions.CrystalReports.Engine.ReportDocument&#39;. [F:\DI\di\Proyecto\PokeDexManager\Help\Working\BuildTopics.proj]
BuildAssembler : warning : ResolveReferenceLinksComponent: [Methods.T:PokeDexManager.InfParam] Unknown reference link target &#39;M:CrystalDecisions.CrystalReports.Engine.ReportDocument.GetProperties&#39;. [F:\DI\di\Proyecto\PokeDexManager\Help\Working\BuildTopics.proj]
BuildAssembler : warning : ResolveReferenceLinksComponent: [Methods.T:PokeDexManager.InfParam] Unknown reference link target &#39;T:CrystalDecisions.CrystalReports.Engine.ReportDocument&#39;. [F:\DI\di\Proyecto\PokeDexManager\Help\Working\BuildTopics.proj]
BuildAssembler : warning : ResolveReferenceLinksComponent: [Methods.T:PokeDexManager.InfParam] Unknown reference link target &#39;M:CrystalDecisions.CrystalReports.Engine.ReportDocument.GetProperties(System.Attribute[])&#39;. [F:\DI\di\Proyecto\PokeDexManager\Help\Working\BuildTopics.proj]
BuildAssembler : warning : ResolveReferenceLinksComponent: [Methods.T:PokeDexManager.InfParam] Unknown reference link target &#39;T:CrystalDecisions.CrystalReports.Engine.ReportDocument&#39;. [F:\DI\di\Proyecto\PokeDexManager\Help\Working\BuildTopics.proj]
BuildAssembler : warning : ResolveReferenceLinksComponent: [Methods.T:PokeDexManager.InfParam] Unknown reference link target &#39;M:CrystalDecisions.CrystalReports.Engine.ReportDocument.GetPropertyOwner(System.ComponentModel.PropertyDescriptor)&#39;. [F:\DI\di\Proyecto\PokeDexManager\Help\Working\BuildTopics.proj]
BuildAssembler : warning : ResolveReferenceLinksComponent: [Methods.T:PokeDexManager.InfParam] Unknown reference link target &#39;T:CrystalDecisions.CrystalReports.Engine.ReportDocument&#39;. [F:\DI\di\Proyecto\PokeDexManager\Help\Working\BuildTopics.proj]
BuildAssembler : warning : ResolveReferenceLinksComponent: [Methods.T:PokeDexManager.InfParam] Unknown reference link target &#39;M:CrystalDecisions.CrystalReports.Engine.ReportClass.Load&#39;. [F:\DI\di\Proyecto\PokeDexManager\Help\Working\BuildTopics.proj]
BuildAssembler : warning : ResolveReferenceLinksComponent: [Methods.T:PokeDexManager.InfParam] Unknown reference link target &#39;T:CrystalDecisions.CrystalReports.Engine.ReportClass&#39;. [F:\DI\di\Proyecto\PokeDexManager\Help\Working\BuildTopics.proj]
BuildAssembler : warning : ResolveReferenceLinksComponent: [Methods.T:PokeDexManager.InfParam] Unknown reference link target &#39;M:CrystalDecisions.CrystalReports.Engine.ReportDocument.Load(System.String)&#39;. [F:\DI\di\Proyecto\PokeDexManager\Help\Working\BuildTopics.proj]
BuildAssembler : warning : ResolveReferenceLinksComponent: [Methods.T:PokeDexManager.InfParam] Unknown reference link target &#39;T:CrystalDecisions.CrystalReports.Engine.ReportDocument&#39;. [F:\DI\di\Proyecto\PokeDexManager\Help\Working\BuildTopics.proj]
BuildAssembler : warning : ResolveReferenceLinksComponent: [Methods.T:PokeDexManager.InfParam] Unknown reference link target &#39;M:CrystalDecisions.CrystalReports.Engine.ReportDocument.Load(System.String,CrystalDecisions.Shared.OpenReportMethod)&#39;. [F:\DI\di\Proyecto\PokeDexManager\Help\Working\BuildTopics.proj]
BuildAssembler : warning : ResolveReferenceLinksComponent: [Methods.T:PokeDexManager.InfParam] Unknown reference link target &#39;T:CrystalDecisions.CrystalReports.Engine.ReportDocument&#39;. [F:\DI\di\Proyecto\PokeDexManager\Help\Working\BuildTopics.proj]
BuildAssembler : warning : ResolveReferenceLinksComponent: [Methods.T:PokeDexManager.InfParam] Unknown reference link target &#39;M:CrystalDecisions.CrystalReports.Engine.ReportDocument.Load(System.String,System.String)&#39;. [F:\DI\di\Proyecto\PokeDexManager\Help\Working\BuildTopics.proj]
BuildAssembler : warning : ResolveReferenceLinksComponent: [Methods.T:PokeDexManager.InfParam] Unknown reference link target &#39;T:CrystalDecisions.CrystalReports.Engine.ReportDocument&#39;. [F:\DI\di\Proyecto\PokeDexManager\Help\Working\BuildTopics.proj]
BuildAssembler : warning : ResolveReferenceLinksComponent: [Methods.T:PokeDexManager.InfParam] Unknown reference link target &#39;M:CrystalDecisions.CrystalReports.Engine.ReportClass.Load(System.String,CrystalDecisions.Shared.OpenReportMethod,System.Int16)&#39;. [F:\DI\di\Proyecto\PokeDexManager\Help\Working\BuildTopics.proj]
BuildAssembler : warning : ResolveReferenceLinksComponent: [Methods.T:PokeDexManager.InfParam] Unknown reference link target &#39;T:CrystalDecisions.CrystalReports.Engine.ReportClass&#39;. [F:\DI\di\Proyecto\PokeDexManager\Help\Working\BuildTopics.proj]
BuildAssembler : warning : ResolveReferenceLinksComponent: [Methods.T:PokeDexManager.InfParam] Unknown reference link target &#39;M:CrystalDecisions.CrystalReports.Engine.ReportDocument.OpenSubreport(System.String)&#39;. [F:\DI\di\Proyecto\PokeDexManager\Help\Working\BuildTopics.proj]
BuildAssembler : warning : ResolveReferenceLinksComponent: [Methods.T:PokeDexManager.InfParam] Unknown reference link target &#39;T:CrystalDecisions.CrystalReports.Engine.ReportDocument&#39;. [F:\DI\di\Proyecto\PokeDexManager\Help\Working\BuildTopics.proj]
BuildAssembler : warning : ResolveReferenceLinksComponent: [Methods.T:PokeDexManager.InfParam] Unknown reference link target &#39;M:CrystalDecisions.CrystalReports.Engine.ReportDocument.PrintToPrinter(System.Drawing.Printing.PrinterSettings,System.Drawing.Printing.PageSettings,System.Boolean)&#39;. [F:\DI\di\Proyecto\PokeDexManager\Help\Working\BuildTopics.proj]
BuildAssembler : warning : ResolveReferenceLinksComponent: [Methods.T:PokeDexManager.InfParam] Unknown reference link target &#39;T:CrystalDecisions.CrystalReports.Engine.ReportDocument&#39;. [F:\DI\di\Proyecto\PokeDexManager\Help\Working\BuildTopics.proj]
BuildAssembler : warning : ResolveReferenceLinksComponent: [Methods.T:PokeDexManager.InfParam] Unknown reference link target &#39;M:CrystalDecisions.CrystalReports.Engine.ReportDocument.PrintToPrinter(System.Int32,System.Boolean,System.Int32,System.Int32)&#39;. [F:\DI\di\Proyecto\PokeDexManager\Help\Working\BuildTopics.proj]
BuildAssembler : warning : ResolveReferenceLinksComponent: [Methods.T:PokeDexManager.InfParam] Unknown reference link target &#39;T:CrystalDecisions.CrystalReports.Engine.ReportDocument&#39;. [F:\DI\di\Proyecto\PokeDexManager\Help\Working\BuildTopics.proj]
BuildAssembler : warning : ResolveReferenceLinksComponent: [Methods.T:PokeDexManager.InfParam] Unknown reference link target &#39;M:CrystalDecisions.CrystalReports.Engine.ReportDocument.PrintToPrinter(System.Drawing.Printing.PrinterSettings,System.Drawing.Printing.PageSettings,System.Boolean,CrystalDecisions.Shared.PrintLayoutSettings)&#39;. [F:\DI\di\Proyecto\PokeDexManager\Help\Working\BuildTopics.proj]
BuildAssembler : warning : ResolveReferenceLinksComponent: [Methods.T:PokeDexManager.InfParam] Unknown reference link target &#39;T:CrystalDecisions.CrystalReports.Engine.ReportDocument&#39;. [F:\DI\di\Proyecto\PokeDexManager\Help\Working\BuildTopics.proj]
BuildAssembler : warning : ResolveReferenceLinksComponent: [Methods.T:PokeDexManager.InfParam] Unknown reference link target &#39;M:CrystalDecisions.CrystalReports.Engine.ReportDocument.ReadRecords&#39;. [F:\DI\di\Proyecto\PokeDexManager\Help\Working\BuildTopics.proj]
BuildAssembler : warning : ResolveReferenceLinksComponent: [Methods.T:PokeDexManager.InfParam] Unknown reference link target &#39;T:CrystalDecisions.CrystalReports.Engine.ReportDocument&#39;. [F:\DI\di\Proyecto\PokeDexManager\Help\Working\BuildTopics.proj]
BuildAssembler : warning : ResolveReferenceLinksComponent: [Methods.T:PokeDexManager.InfParam] Unknown reference link target &#39;M:CrystalDecisions.CrystalReports.Engine.ReportDocument.Refresh&#39;. [F:\DI\di\Proyecto\PokeDexManager\Help\Working\BuildTopics.proj]
BuildAssembler : warning : ResolveReferenceLinksComponent: [Methods.T:PokeDexManager.InfParam] Unknown reference link target &#39;T:CrystalDecisions.CrystalReports.Engine.ReportDocument&#39;. [F:\DI\di\Proyecto\PokeDexManager\Help\Working\BuildTopics.proj]
BuildAssembler : warning : ResolveReferenceLinksComponent: [Methods.T:PokeDexManager.InfParam] Unknown reference link target &#39;M:CrystalDecisions.CrystalReports.Engine.ReportDocument.SaveAs(System.String)&#39;. [F:\DI\di\Proyecto\PokeDexManager\Help\Working\BuildTopics.proj]
BuildAssembler : warning : ResolveReferenceLinksComponent: [Methods.T:PokeDexManager.InfParam] Unknown reference link target &#39;T:CrystalDecisions.CrystalReports.Engine.ReportDocument&#39;. [F:\DI\di\Proyecto\PokeDexManager\Help\Working\BuildTopics.proj]
BuildAssembler : warning : ResolveReferenceLinksComponent: [Methods.T:PokeDexManager.InfParam] Unknown reference link target &#39;M:CrystalDecisions.CrystalReports.Engine.ReportDocument.SaveAs(System.String,System.Boolean)&#39;. [F:\DI\di\Proyecto\PokeDexManager\Help\Working\BuildTopics.proj]
BuildAssembler : warning : ResolveReferenceLinksComponent: [Methods.T:PokeDexManager.InfParam] Unknown reference link target &#39;T:CrystalDecisions.CrystalReports.Engine.ReportDocument&#39;. [F:\DI\di\Proyecto\PokeDexManager\Help\Working\BuildTopics.proj]
BuildAssembler : warning : ResolveReferenceLinksComponent: [Methods.T:PokeDexManager.InfParam] Unknown reference link target &#39;M:CrystalDecisions.CrystalReports.Engine.ReportDocument.SetCssClass(CrystalDecisions.Shared.ObjectScope,System.String)&#39;. [F:\DI\di\Proyecto\PokeDexManager\Help\Working\BuildTopics.proj]
BuildAssembler : warning : ResolveReferenceLinksComponent: [Methods.T:PokeDexManager.InfParam] Unknown reference link target &#39;T:CrystalDecisions.CrystalReports.Engine.ReportDocument&#39;. [F:\DI\di\Proyecto\PokeDexManager\Help\Working\BuildTopics.proj]
BuildAssembler : warning : ResolveReferenceLinksComponent: [Methods.T:PokeDexManager.InfParam] Unknown reference link target &#39;M:CrystalDecisions.CrystalReports.Engine.ReportDocument.SetDatabaseLogon(System.String,System.String)&#39;. [F:\DI\di\Proyecto\PokeDexManager\Help\Working\BuildTopics.proj]
BuildAssembler : warning : ResolveReferenceLinksComponent: [Methods.T:PokeDexManager.InfParam] Unknown reference link target &#39;T:CrystalDecisions.CrystalReports.Engine.ReportDocument&#39;. [F:\DI\di\Proyecto\PokeDexManager\Help\Working\BuildTopics.proj]
BuildAssembler : warning : ResolveReferenceLinksComponent: [Methods.T:PokeDexManager.InfParam] Unknown reference link target &#39;M:CrystalDecisions.CrystalReports.Engine.ReportDocument.SetDatabaseLogon(System.String,System.String,System.String,System.String)&#39;. [F:\DI\di\Proyecto\PokeDexManager\Help\Working\BuildTopics.proj]
BuildAssembler : warning : ResolveReferenceLinksComponent: [Methods.T:PokeDexManager.InfParam] Unknown reference link target &#39;T:CrystalDecisions.CrystalReports.Engine.ReportDocument&#39;. [F:\DI\di\Proyecto\PokeDexManager\Help\Working\BuildTopics.proj]
BuildAssembler : warning : ResolveReferenceLinksComponent: [Methods.T:PokeDexManager.InfParam] Unknown reference link target &#39;M:CrystalDecisions.CrystalReports.Engine.ReportDocument.SetDatabaseLogon(System.String,System.String,System.String,System.String,System.Boolean)&#39;. [F:\DI\di\Proyecto\PokeDexManager\Help\Working\BuildTopics.proj]
BuildAssembler : warning : ResolveReferenceLinksComponent: [Methods.T:PokeDexManager.InfParam] Unknown reference link target &#39;T:CrystalDecisions.CrystalReports.Engine.ReportDocument&#39;. [F:\DI\di\Proyecto\PokeDexManager\Help\Working\BuildTopics.proj]
BuildAssembler : warning : ResolveReferenceLinksComponent: [Methods.T:PokeDexManager.InfParam] Unknown reference link target &#39;M:CrystalDecisions.CrystalReports.Engine.ReportDocument.SetDataSource(System.Data.DataSet)&#39;. [F:\DI\di\Proyecto\PokeDexManager\Help\Working\BuildTopics.proj]
BuildAssembler : warning : ResolveReferenceLinksComponent: [Methods.T:PokeDexManager.InfParam] Unknown reference link target &#39;T:CrystalDecisions.CrystalReports.Engine.ReportDocument&#39;. [F:\DI\di\Proyecto\PokeDexManager\Help\Working\BuildTopics.proj]
BuildAssembler : warning : ResolveReferenceLinksComponent: [Methods.T:PokeDexManager.InfParam] Unknown reference link target &#39;M:CrystalDecisions.CrystalReports.Engine.ReportDocument.SetDataSource(System.Data.DataTable)&#39;. [F:\DI\di\Proyecto\PokeDexManager\Help\Working\BuildTopics.proj]
BuildAssembler : warning : ResolveReferenceLinksComponent: [Methods.T:PokeDexManager.InfParam] Unknown reference link target &#39;T:CrystalDecisions.CrystalReports.Engine.ReportDocument&#39;. [F:\DI\di\Proyecto\PokeDexManager\Help\Working\BuildTopics.proj]
BuildAssembler : warning : ResolveReferenceLinksComponent: [Methods.T:PokeDexManager.InfParam] Unknown reference link target &#39;M:CrystalDecisions.CrystalReports.Engine.ReportDocument.SetDataSource(System.Data.IDataReader)&#39;. [F:\DI\di\Proyecto\PokeDexManager\Help\Working\BuildTopics.proj]
BuildAssembler : warning : ResolveReferenceLinksComponent: [Methods.T:PokeDexManager.InfParam] Unknown reference link target &#39;T:CrystalDecisions.CrystalReports.Engine.ReportDocument&#39;. [F:\DI\di\Proyecto\PokeDexManager\Help\Working\BuildTopics.proj]
BuildAssembler : warning : ResolveReferenceLinksComponent: [Methods.T:PokeDexManager.InfParam] Unknown reference link target &#39;M:CrystalDecisions.CrystalReports.Engine.ReportDocument.SetDataSource(System.Collections.IEnumerable)&#39;. [F:\DI\di\Proyecto\PokeDexManager\Help\Working\BuildTopics.proj]
BuildAssembler : warning : ResolveReferenceLinksComponent: [Methods.T:PokeDexManager.InfParam] Unknown reference link target &#39;T:CrystalDecisions.CrystalReports.Engine.ReportDocument&#39;. [F:\DI\di\Proyecto\PokeDexManager\Help\Working\BuildTopics.proj]
BuildAssembler : warning : ResolveReferenceLinksComponent: [Methods.T:PokeDexManager.InfParam] Unknown reference link target &#39;M:CrystalDecisions.CrystalReports.Engine.ReportDocument.SetParameterValue(System.Int32,System.Object)&#39;. [F:\DI\di\Proyecto\PokeDexManager\Help\Working\BuildTopics.proj]
BuildAssembler : warning : ResolveReferenceLinksComponent: [Methods.T:PokeDexManager.InfParam] Unknown reference link target &#39;T:CrystalDecisions.CrystalReports.Engine.ReportDocument&#39;. [F:\DI\di\Proyecto\PokeDexManager\Help\Working\BuildTopics.proj]
BuildAssembler : warning : ResolveReferenceLinksComponent: [Methods.T:PokeDexManager.InfParam] Unknown reference link target &#39;M:CrystalDecisions.CrystalReports.Engine.ReportDocument.SetParameterValue(System.String,System.Object)&#39;. [F:\DI\di\Proyecto\PokeDexManager\Help\Working\BuildTopics.proj]
BuildAssembler : warning : ResolveReferenceLinksComponent: [Methods.T:PokeDexManager.InfParam] Unknown reference link target &#39;T:CrystalDecisions.CrystalReports.Engine.ReportDocument&#39;. [F:\DI\di\Proyecto\PokeDexManager\Help\Working\BuildTopics.proj]
BuildAssembler : warning : ResolveReferenceLinksComponent: [Methods.T:PokeDexManager.InfParam] Unknown reference link target &#39;M:CrystalDecisions.CrystalReports.Engine.ReportDocument.SetParameterValue(System.String,System.Object,System.String)&#39;. [F:\DI\di\Proyecto\PokeDexManager\Help\Working\BuildTopics.proj]
BuildAssembler : warning : ResolveReferenceLinksComponent: [Methods.T:PokeDexManager.InfParam] Unknown reference link target &#39;T:CrystalDecisions.CrystalReports.Engine.ReportDocument&#39;. [F:\DI\di\Proyecto\PokeDexManager\Help\Working\BuildTopics.proj]
BuildAssembler : warning : ResolveReferenceLinksComponent: [Methods.T:PokeDexManager.InfParam] Unknown reference link target &#39;M:CrystalDecisions.CrystalReports.Engine.ReportDocument.SetSQLCommandTable(CrystalDecisions.Shared.ConnectionInfo,System.String,System.String)&#39;. [F:\DI\di\Proyecto\PokeDexManager\Help\Working\BuildTopics.proj]
BuildAssembler : warning : ResolveReferenceLinksComponent: [Methods.T:PokeDexManager.InfParam] Unknown reference link target &#39;T:CrystalDecisions.CrystalReports.Engine.ReportDocument&#39;. [F:\DI\di\Proyecto\PokeDexManager\Help\Working\BuildTopics.proj]
BuildAssembler : warning : ResolveReferenceLinksComponent: [Methods.T:PokeDexManager.InfParam] Unknown reference link target &#39;M:CrystalDecisions.CrystalReports.Engine.ReportDocument.VerifyDatabase&#39;. [F:\DI\di\Proyecto\PokeDexManager\Help\Working\BuildTopics.proj]
BuildAssembler : warning : ResolveReferenceLinksComponent: [Methods.T:PokeDexManager.InfParam] Unknown reference link target &#39;T:CrystalDecisions.CrystalReports.Engine.ReportDocument&#39;. [F:\DI\di\Proyecto\PokeDexManager\Help\Working\BuildTopics.proj]
BuildAssembler : warning : ResolveReferenceLinksComponent: [Properties.T:PokeDexManager.InfParam] Unknown reference link target &#39;P:CrystalDecisions.CrystalReports.Engine.ReportDocument.Database&#39;. [F:\DI\di\Proyecto\PokeDexManager\Help\Working\BuildTopics.proj]
BuildAssembler : warning : ResolveReferenceLinksComponent: [Properties.T:PokeDexManager.InfParam] Unknown reference link target &#39;T:CrystalDecisions.CrystalReports.Engine.ReportDocument&#39;. [F:\DI\di\Proyecto\PokeDexManager\Help\Working\BuildTopics.proj]
BuildAssembler : warning : ResolveReferenceLinksComponent: [Properties.T:PokeDexManager.InfParam] Unknown reference link target &#39;P:CrystalDecisions.CrystalReports.Engine.ReportDocument.DataDefinition&#39;. [F:\DI\di\Proyecto\PokeDexManager\Help\Working\BuildTopics.proj]
BuildAssembler : warning : ResolveReferenceLinksComponent: [Properties.T:PokeDexManager.InfParam] Unknown reference link target &#39;T:CrystalDecisions.CrystalReports.Engine.ReportDocument&#39;. [F:\DI\di\Proyecto\PokeDexManager\Help\Working\BuildTopics.proj]
BuildAssembler : warning : ResolveReferenceLinksComponent: [Properties.T:PokeDexManager.InfParam] Unknown reference link target &#39;P:CrystalDecisions.CrystalReports.Engine.ReportDocument.DataSourceConnections&#39;. [F:\DI\di\Proyecto\PokeDexManager\Help\Working\BuildTopics.proj]
BuildAssembler : warning : ResolveReferenceLinksComponent: [Properties.T:PokeDexManager.InfParam] Unknown reference link target &#39;T:CrystalDecisions.CrystalReports.Engine.ReportDocument&#39;. [F:\DI\di\Proyecto\PokeDexManager\Help\Working\BuildTopics.proj]
BuildAssembler : warning : ResolveReferenceLinksComponent: [Properties.T:PokeDexManager.InfParam] Unknown reference link target &#39;P:CrystalDecisions.CrystalReports.Engine.ReportDocument.DefaultXmlExportSelection&#39;. [F:\DI\di\Proyecto\PokeDexManager\Help\Working\BuildTopics.proj]
BuildAssembler : warning : ResolveReferenceLinksComponent: [Properties.T:PokeDexManager.InfParam] Unknown reference link target &#39;T:CrystalDecisions.CrystalReports.Engine.ReportDocument&#39;. [F:\DI\di\Proyecto\PokeDexManager\Help\Working\BuildTopics.proj]
BuildAssembler : warning : ResolveReferenceLinksComponent: [Properties.T:PokeDexManager.InfParam] Unknown reference link target &#39;P:CrystalDecisions.CrystalReports.Engine.ReportDocument.FileName&#39;. [F:\DI\di\Proyecto\PokeDexManager\Help\Working\BuildTopics.proj]
BuildAssembler : warning : ResolveReferenceLinksComponent: [Properties.T:PokeDexManager.InfParam] Unknown reference link target &#39;T:CrystalDecisions.CrystalReports.Engine.ReportDocument&#39;. [F:\DI\di\Proyecto\PokeDexManager\Help\Working\BuildTopics.proj]
BuildAssembler : warning : ResolveReferenceLinksComponent: [Properties.T:PokeDexManager.InfParam] Unknown reference link target &#39;P:CrystalDecisions.CrystalReports.Engine.ReportClass.FullResourceName&#39;. [F:\DI\di\Proyecto\PokeDexManager\Help\Working\BuildTopics.proj]
BuildAssembler : warning : ResolveReferenceLinksComponent: [Properties.T:PokeDexManager.InfParam] Unknown reference link target &#39;P:CrystalDecisions.CrystalReports.Engine.ReportDocument.HasRecords&#39;. [F:\DI\di\Proyecto\PokeDexManager\Help\Working\BuildTopics.proj]
BuildAssembler : warning : ResolveReferenceLinksComponent: [Properties.T:PokeDexManager.InfParam] Unknown reference link target &#39;T:CrystalDecisions.CrystalReports.Engine.ReportDocument&#39;. [F:\DI\di\Proyecto\PokeDexManager\Help\Working\BuildTopics.proj]
BuildAssembler : warning : ResolveReferenceLinksComponent: [Properties.T:PokeDexManager.InfParam] Unknown reference link target &#39;P:CrystalDecisions.CrystalReports.Engine.ReportDocument.HasSavedData&#39;. [F:\DI\di\Proyecto\PokeDexManager\Help\Working\BuildTopics.proj]
BuildAssembler : warning : ResolveReferenceLinksComponent: [Properties.T:PokeDexManager.InfParam] Unknown reference link target &#39;T:CrystalDecisions.CrystalReports.Engine.ReportDocument&#39;. [F:\DI\di\Proyecto\PokeDexManager\Help\Working\BuildTopics.proj]
BuildAssembler : warning : ResolveReferenceLinksComponent: [Properties.T:PokeDexManager.InfParam] Unknown reference link target &#39;P:CrystalDecisions.CrystalReports.Engine.ReportDocument.HistoryInfos&#39;. [F:\DI\di\Proyecto\PokeDexManager\Help\Working\BuildTopics.proj]
BuildAssembler : warning : ResolveReferenceLinksComponent: [Properties.T:PokeDexManager.InfParam] Unknown reference link target &#39;T:CrystalDecisions.CrystalReports.Engine.ReportDocument&#39;. [F:\DI\di\Proyecto\PokeDexManager\Help\Working\BuildTopics.proj]
BuildAssembler : warning : ResolveReferenceLinksComponent: [Properties.T:PokeDexManager.InfParam] Unknown reference link target &#39;P:CrystalDecisions.CrystalReports.Engine.ReportDocument.IsLoaded&#39;. [F:\DI\di\Proyecto\PokeDexManager\Help\Working\BuildTopics.proj]
BuildAssembler : warning : ResolveReferenceLinksComponent: [Properties.T:PokeDexManager.InfParam] Unknown reference link target &#39;T:CrystalDecisions.CrystalReports.Engine.ReportDocument&#39;. [F:\DI\di\Proyecto\PokeDexManager\Help\Working\BuildTopics.proj]
BuildAssembler : warning : ResolveReferenceLinksComponent: [Properties.T:PokeDexManager.InfParam] Unknown reference link target &#39;P:CrystalDecisions.CrystalReports.Engine.ReportDocument.IsRPTR&#39;. [F:\DI\di\Proyecto\PokeDexManager\Help\Working\BuildTopics.proj]
BuildAssembler : warning : ResolveReferenceLinksComponent: [Properties.T:PokeDexManager.InfParam] Unknown reference link target &#39;T:CrystalDecisions.CrystalReports.Engine.ReportDocument&#39;. [F:\DI\di\Proyecto\PokeDexManager\Help\Working\BuildTopics.proj]
BuildAssembler : warning : ResolveReferenceLinksComponent: [Properties.T:PokeDexManager.InfParam] Unknown reference link target &#39;P:CrystalDecisions.CrystalReports.Engine.ReportDocument.IsSubreport&#39;. [F:\DI\di\Proyecto\PokeDexManager\Help\Working\BuildTopics.proj]
BuildAssembler : warning : ResolveReferenceLinksComponent: [Properties.T:PokeDexManager.InfParam] Unknown reference link target &#39;T:CrystalDecisions.CrystalReports.Engine.ReportDocument&#39;. [F:\DI\di\Proyecto\PokeDexManager\Help\Working\BuildTopics.proj]
BuildAssembler : warning : ResolveReferenceLinksComponent: [Properties.T:PokeDexManager.InfParam] Unknown reference link target &#39;P:CrystalDecisions.CrystalReports.Engine.ReportDocument.Name&#39;. [F:\DI\di\Proyecto\PokeDexManager\Help\Working\BuildTopics.proj]
BuildAssembler : warning : ResolveReferenceLinksComponent: [Properties.T:PokeDexManager.InfParam] Unknown reference link target &#39;T:CrystalDecisions.CrystalReports.Engine.ReportDocument&#39;. [F:\DI\di\Proyecto\PokeDexManager\Help\Working\BuildTopics.proj]
BuildAssembler : warning : ResolveReferenceLinksComponent: [Properties.T:PokeDexManager.InfParam] Unknown reference link target &#39;P:CrystalDecisions.CrystalReports.Engine.ReportClass.NewGenerator&#39;. [F:\DI\di\Proyecto\PokeDexManager\Help\Working\BuildTopics.proj]
BuildAssembler : warning : ResolveReferenceLinksComponent: [Properties.T:PokeDexManager.InfParam] Unknown reference link target &#39;P:CrystalDecisions.CrystalReports.Engine.ReportDocument.ParameterFields&#39;. [F:\DI\di\Proyecto\PokeDexManager\Help\Working\BuildTopics.proj]
BuildAssembler : warning : ResolveReferenceLinksComponent: [Properties.T:PokeDexManager.InfParam] Unknown reference link target &#39;T:CrystalDecisions.CrystalReports.Engine.ReportDocument&#39;. [F:\DI\di\Proyecto\PokeDexManager\Help\Working\BuildTopics.proj]
BuildAssembler : warning : ResolveReferenceLinksComponent: [Properties.T:PokeDexManager.InfParam] Unknown reference link target &#39;P:CrystalDecisions.CrystalReports.Engine.ReportDocument.PrintOptions&#39;. [F:\DI\di\Proyecto\PokeDexManager\Help\Working\BuildTopics.proj]
BuildAssembler : warning : ResolveReferenceLinksComponent: [Properties.T:PokeDexManager.InfParam] Unknown reference link target &#39;T:CrystalDecisions.CrystalReports.Engine.ReportDocument&#39;. [F:\DI\di\Proyecto\PokeDexManager\Help\Working\BuildTopics.proj]
BuildAssembler : warning : ResolveReferenceLinksComponent: [Properties.T:PokeDexManager.InfParam] Unknown reference link target &#39;P:CrystalDecisions.CrystalReports.Engine.ReportDocument.RecordSelectionFormula&#39;. [F:\DI\di\Proyecto\PokeDexManager\Help\Working\BuildTopics.proj]
BuildAssembler : warning : ResolveReferenceLinksComponent: [Properties.T:PokeDexManager.InfParam] Unknown reference link target &#39;T:CrystalDecisions.CrystalReports.Engine.ReportDocument&#39;. [F:\DI\di\Proyecto\PokeDexManager\Help\Working\BuildTopics.proj]
BuildAssembler : warning : ResolveReferenceLinksComponent: [Properties.T:PokeDexManager.InfParam] Unknown reference link target &#39;P:CrystalDecisions.CrystalReports.Engine.ReportDocument.ReportAppServer&#39;. [F:\DI\di\Proyecto\PokeDexManager\Help\Working\BuildTopics.proj]
BuildAssembler : warning : ResolveReferenceLinksComponent: [Properties.T:PokeDexManager.InfParam] Unknown reference link target &#39;T:CrystalDecisions.CrystalReports.Engine.ReportDocument&#39;. [F:\DI\di\Proyecto\PokeDexManager\Help\Working\BuildTopics.proj]
BuildAssembler : warning : ResolveReferenceLinksComponent: [Properties.T:PokeDexManager.InfParam] Unknown reference link target &#39;P:CrystalDecisions.CrystalReports.Engine.ReportDocument.ReportClientDocument&#39;. [F:\DI\di\Proyecto\PokeDexManager\Help\Working\BuildTopics.proj]
BuildAssembler : warning : ResolveReferenceLinksComponent: [Properties.T:PokeDexManager.InfParam] Unknown reference link target &#39;T:CrystalDecisions.CrystalReports.Engine.ReportDocument&#39;. [F:\DI\di\Proyecto\PokeDexManager\Help\Working\BuildTopics.proj]
BuildAssembler : warning : ResolveReferenceLinksComponent: [Properties.T:PokeDexManager.InfParam] Unknown reference link target &#39;P:CrystalDecisions.CrystalReports.Engine.ReportDocument.ReportDefinition&#39;. [F:\DI\di\Proyecto\PokeDexManager\Help\Working\BuildTopics.proj]
BuildAssembler : warning : ResolveReferenceLinksComponent: [Properties.T:PokeDexManager.InfParam] Unknown reference link target &#39;T:CrystalDecisions.CrystalReports.Engine.ReportDocument&#39;. [F:\DI\di\Proyecto\PokeDexManager\Help\Working\BuildTopics.proj]
BuildAssembler : warning : ResolveReferenceLinksComponent: [Properties.T:PokeDexManager.InfParam] Unknown reference link target &#39;P:CrystalDecisions.CrystalReports.Engine.ReportDocument.ReportOptions&#39;. [F:\DI\di\Proyecto\PokeDexManager\Help\Working\BuildTopics.proj]
BuildAssembler : warning : ResolveReferenceLinksComponent: [Properties.T:PokeDexManager.InfParam] Unknown reference link target &#39;T:CrystalDecisions.CrystalReports.Engine.ReportDocument&#39;. [F:\DI\di\Proyecto\PokeDexManager\Help\Working\BuildTopics.proj]
BuildAssembler : warning : ResolveReferenceLinksComponent: [Properties.T:PokeDexManager.InfParam] Unknown reference link target &#39;P:CrystalDecisions.CrystalReports.Engine.ReportDocument.ReportRequestStatus&#39;. [F:\DI\di\Proyecto\PokeDexManager\Help\Working\BuildTopics.proj]
BuildAssembler : warning : ResolveReferenceLinksComponent: [Properties.T:PokeDexManager.InfParam] Unknown reference link target &#39;T:CrystalDecisions.CrystalReports.Engine.ReportDocument&#39;. [F:\DI\di\Proyecto\PokeDexManager\Help\Working\BuildTopics.proj]
BuildAssembler : warning : ResolveReferenceLinksComponent: [Properties.T:PokeDexManager.InfParam] Unknown reference link target &#39;P:CrystalDecisions.CrystalReports.Engine.ReportClass.ResourceName&#39;. [F:\DI\di\Proyecto\PokeDexManager\Help\Working\BuildTopics.proj]
BuildAssembler : warning : ResolveReferenceLinksComponent: [Properties.T:PokeDexManager.InfParam] Unknown reference link target &#39;P:CrystalDecisions.CrystalReports.Engine.ReportDocument.Rows&#39;. [F:\DI\di\Proyecto\PokeDexManager\Help\Working\BuildTopics.proj]
BuildAssembler : warning : ResolveReferenceLinksComponent: [Properties.T:PokeDexManager.InfParam] Unknown reference link target &#39;T:CrystalDecisions.CrystalReports.Engine.ReportDocument&#39;. [F:\DI\di\Proyecto\PokeDexManager\Help\Working\BuildTopics.proj]
BuildAssembler : warning : ResolveReferenceLinksComponent: [Properties.T:PokeDexManager.InfParam] Unknown reference link target &#39;P:CrystalDecisions.CrystalReports.Engine.ReportDocument.SavedXmlExportFormats&#39;. [F:\DI\di\Proyecto\PokeDexManager\Help\Working\BuildTopics.proj]
BuildAssembler : warning : ResolveReferenceLinksComponent: [Properties.T:PokeDexManager.InfParam] Unknown reference link target &#39;T:CrystalDecisions.CrystalReports.Engine.ReportDocument&#39;. [F:\DI\di\Proyecto\PokeDexManager\Help\Working\BuildTopics.proj]
BuildAssembler : warning : ResolveReferenceLinksComponent: [Properties.T:PokeDexManager.InfParam] Unknown reference link target &#39;P:CrystalDecisions.CrystalReports.Engine.ReportDocument.Subreports&#39;. [F:\DI\di\Proyecto\PokeDexManager\Help\Working\BuildTopics.proj]
BuildAssembler : warning : ResolveReferenceLinksComponent: [Properties.T:PokeDexManager.InfParam] Unknown reference link target &#39;T:CrystalDecisions.CrystalReports.Engine.ReportDocument&#39;. [F:\DI\di\Proyecto\PokeDexManager\Help\Working\BuildTopics.proj]
BuildAssembler : warning : ResolveReferenceLinksComponent: [Properties.T:PokeDexManager.InfParam] Unknown reference link target &#39;P:CrystalDecisions.CrystalReports.Engine.ReportDocument.SummaryInfo&#39;. [F:\DI\di\Proyecto\PokeDexManager\Help\Working\BuildTopics.proj]
BuildAssembler : warning : ResolveReferenceLinksComponent: [Properties.T:PokeDexManager.InfParam] Unknown reference link target &#39;T:CrystalDecisions.CrystalReports.Engine.ReportDocument&#39;. [F:\DI\di\Proyecto\PokeDexManager\Help\Working\BuildTopics.proj]
BuildAssembler : warning : ResolveReferenceLinksComponent: [Properties.T:PokeDexManager.InfParam] Unknown reference link target &#39;P:CrystalDecisions.CrystalReports.Engine.ReportClass.TempFilename&#39;. [F:\DI\di\Proyecto\PokeDexManager\Help\Working\BuildTopics.proj]
BuildAssembler : warning : ResolveReferenceLinksComponent: [Properties.T:PokeDexManager.InfParam] Unknown reference link target &#39;T:CrystalDecisions.CrystalReports.Engine.ReportClass&#39;. [F:\DI\di\Proyecto\PokeDexManager\Help\Working\BuildTopics.proj]
BuildAssembler : warning : ResolveReferenceLinksComponent: [Events.T:PokeDexManager.InfParam] Unknown reference link target &#39;E:CrystalDecisions.CrystalReports.Engine.ReportDocument.AfterFormatPage&#39;. [F:\DI\di\Proyecto\PokeDexManager\Help\Working\BuildTopics.proj]
BuildAssembler : warning : ResolveReferenceLinksComponent: [Events.T:PokeDexManager.InfParam] Unknown reference link target &#39;T:CrystalDecisions.CrystalReports.Engine.ReportDocument&#39;. [F:\DI\di\Proyecto\PokeDexManager\Help\Working\BuildTopics.proj]
BuildAssembler : warning : ResolveReferenceLinksComponent: [Events.T:PokeDexManager.InfParam] Unknown reference link target &#39;E:CrystalDecisions.CrystalReports.Engine.ReportDocument.BeforeFormatPage&#39;. [F:\DI\di\Proyecto\PokeDexManager\Help\Working\BuildTopics.proj]
BuildAssembler : warning : ResolveReferenceLinksComponent: [Events.T:PokeDexManager.InfParam] Unknown reference link target &#39;T:CrystalDecisions.CrystalReports.Engine.ReportDocument&#39;. [F:\DI\di\Proyecto\PokeDexManager\Help\Working\BuildTopics.proj]
BuildAssembler : warning : ResolveReferenceLinksComponent: [Events.T:PokeDexManager.InfParam] Unknown reference link target &#39;E:CrystalDecisions.CrystalReports.Engine.ReportDocument.FieldMapping&#39;. [F:\DI\di\Proyecto\PokeDexManager\Help\Working\BuildTopics.proj]
BuildAssembler : warning : ResolveReferenceLinksComponent: [Events.T:PokeDexManager.InfParam] Unknown reference link target &#39;T:CrystalDecisions.CrystalReports.Engine.ReportDocument&#39;. [F:\DI\di\Proyecto\PokeDexManager\Help\Working\BuildTopics.proj]
BuildAssembler : warning : ResolveReferenceLinksComponent: [Events.T:PokeDexManager.InfParam] Unknown reference link target &#39;E:CrystalDecisions.CrystalReports.Engine.ReportDocument.FormatSection&#39;. [F:\DI\di\Proyecto\PokeDexManager\Help\Working\BuildTopics.proj]
BuildAssembler : warning : ResolveReferenceLinksComponent: [Events.T:PokeDexManager.InfParam] Unknown reference link target &#39;T:CrystalDecisions.CrystalReports.Engine.ReportDocument&#39;. [F:\DI\di\Proyecto\PokeDexManager\Help\Working\BuildTopics.proj]
BuildAssembler : warning : ResolveReferenceLinksComponent: [Events.T:PokeDexManager.InfParam] Unknown reference link target &#39;E:CrystalDecisions.CrystalReports.Engine.ReportDocument.InitReport&#39;. [F:\DI\di\Proyecto\PokeDexManager\Help\Working\BuildTopics.proj]
BuildAssembler : warning : ResolveReferenceLinksComponent: [Events.T:PokeDexManager.InfParam] Unknown reference link target &#39;T:CrystalDecisions.CrystalReports.Engine.ReportDocument&#39;. [F:\DI\di\Proyecto\PokeDexManager\Help\Working\BuildTopics.proj]
BuildAssembler : warning : ResolveReferenceLinksComponent: [Events.T:PokeDexManager.InfParam] Unknown reference link target &#39;E:CrystalDecisions.CrystalReports.Engine.ReportDocument.NoData&#39;. [F:\DI\di\Proyecto\PokeDexManager\Help\Working\BuildTopics.proj]
BuildAssembler : warning : ResolveReferenceLinksComponent: [Events.T:PokeDexManager.InfParam] Unknown reference link target &#39;T:CrystalDecisions.CrystalReports.Engine.ReportDocument&#39;. [F:\DI\di\Proyecto\PokeDexManager\Help\Working\BuildTopics.proj]
BuildAssembler : warning : ResolveReferenceLinksComponent: [Events.T:PokeDexManager.InfParam] Unknown reference link target &#39;E:CrystalDecisions.CrystalReports.Engine.ReportDocument.RefreshReport&#39;. [F:\DI\di\Proyecto\PokeDexManager\Help\Working\BuildTopics.proj]
BuildAssembler : warning : ResolveReferenceLinksComponent: [Events.T:PokeDexManager.InfParam] Unknown reference link target &#39;T:CrystalDecisions.CrystalReports.Engine.ReportDocument&#39;. [F:\DI\di\Proyecto\PokeDexManager\Help\Working\BuildTopics.proj]
BuildAssembler : warning : ResolveReferenceLinksComponent: [Fields.T:PokeDexManager.InfParam] Unknown reference link target &#39;F:CrystalDecisions.CrystalReports.Engine.ReportDocument.m_entRptDoc&#39;. [F:\DI\di\Proyecto\PokeDexManager\Help\Working\BuildTopics.proj]
BuildAssembler : warning : ResolveReferenceLinksComponent: [Fields.T:PokeDexManager.InfParam] Unknown reference link target &#39;T:CrystalDecisions.CrystalReports.Engine.ReportDocument&#39;. [F:\DI\di\Proyecto\PokeDexManager\Help\Working\BuildTopics.proj]
BuildAssembler : warning : ResolveReferenceLinksComponent: [Fields.T:PokeDexManager.InfParam] Unknown reference link target &#39;F:CrystalDecisions.CrystalReports.Engine.ReportDocument.m_formatEngine&#39;. [F:\DI\di\Proyecto\PokeDexManager\Help\Working\BuildTopics.proj]
BuildAssembler : warning : ResolveReferenceLinksComponent: [Fields.T:PokeDexManager.InfParam] Unknown reference link target &#39;T:CrystalDecisions.CrystalReports.Engine.ReportDocument&#39;. [F:\DI\di\Proyecto\PokeDexManager\Help\Working\BuildTopics.proj]
BuildAssembler : warning : ResolveReferenceLinksComponent: [Fields.T:PokeDexManager.InfParam] Unknown reference link target &#39;F:CrystalDecisions.CrystalReports.Engine.ReportDocument.m_iUseCount&#39;. [F:\DI\di\Proyecto\PokeDexManager\Help\Working\BuildTopics.proj]
BuildAssembler : warning : ResolveReferenceLinksComponent: [Fields.T:PokeDexManager.InfParam] Unknown reference link target &#39;T:CrystalDecisions.CrystalReports.Engine.ReportDocument&#39;. [F:\DI\di\Proyecto\PokeDexManager\Help\Working\BuildTopics.proj]
BuildAssembler : warning : ResolveReferenceLinksComponent: [Fields.T:PokeDexManager.InfParam] Unknown reference link target &#39;F:CrystalDecisions.CrystalReports.Engine.ReportClass.m_sTempFilename&#39;. [F:\DI\di\Proyecto\PokeDexManager\Help\Working\BuildTopics.proj]
BuildAssembler : warning : ResolveReferenceLinksComponent: [Fields.T:PokeDexManager.InfParam] Unknown reference link target &#39;T:CrystalDecisions.CrystalReports.Engine.ReportClass&#39;. [F:\DI\di\Proyecto\PokeDexManager\Help\Working\BuildTopics.proj]
BuildAssembler : warning : ShowMissingComponent: [P:PokeDexManager.InfParam.FullResourceName] Missing &lt;summary&gt; documentation [F:\DI\di\Proyecto\PokeDexManager\Help\Working\BuildTopics.proj]
BuildAssembler : warning : ShowMissingComponent: [P:PokeDexManager.InfParam.GroupFooterSection1] Missing &lt;summary&gt; documentation [F:\DI\di\Proyecto\PokeDexManager\Help\Working\BuildTopics.proj]
BuildAssembler : warning : ResolveReferenceLinksComponent: [P:PokeDexManager.InfParam.GroupFooterSection1] Unknown reference link target &#39;T:CrystalDecisions.CrystalReports.Engine.Section&#39;. [F:\DI\di\Proyecto\PokeDexManager\Help\Working\BuildTopics.proj]
BuildAssembler : warning : ShowMissingComponent: [P:PokeDexManager.InfParam.GroupHeaderSection1] Missing &lt;summary&gt; documentation [F:\DI\di\Proyecto\PokeDexManager\Help\Working\BuildTopics.proj]
BuildAssembler : warning : ResolveReferenceLinksComponent: [P:PokeDexManager.InfParam.GroupHeaderSection1] Unknown reference link target &#39;T:CrystalDecisions.CrystalReports.Engine.Section&#39;. [F:\DI\di\Proyecto\PokeDexManager\Help\Working\BuildTopics.proj]
BuildAssembler : warning : ShowMissingComponent: [P:PokeDexManager.InfParam.NewGenerator] Missing &lt;summary&gt; documentation [F:\DI\di\Proyecto\PokeDexManager\Help\Working\BuildTopics.proj]
BuildAssembler : warning : ShowMissingComponent: [P:PokeDexManager.InfParam.Parameter_Tipo] Missing &lt;summary&gt; documentation [F:\DI\di\Proyecto\PokeDexManager\Help\Working\BuildTopics.proj]
BuildAssembler : warning : ResolveReferenceLinksComponent: [P:PokeDexManager.InfParam.Parameter_Tipo] Unknown reference link target &#39;T:CrystalDecisions.Shared.IParameterField&#39;. [F:\DI\di\Proyecto\PokeDexManager\Help\Working\BuildTopics.proj]
BuildAssembler : warning : ShowMissingComponent: [P:PokeDexManager.InfParam.ResourceName] Missing &lt;summary&gt; documentation [F:\DI\di\Proyecto\PokeDexManager\Help\Working\BuildTopics.proj]
BuildAssembler : warning : ShowMissingComponent: [P:PokeDexManager.InfParam.Section1] Missing &lt;summary&gt; documentation [F:\DI\di\Proyecto\PokeDexManager\Help\Working\BuildTopics.proj]
BuildAssembler : warning : ResolveReferenceLinksComponent: [P:PokeDexManager.InfParam.Section1] Unknown reference link target &#39;T:CrystalDecisions.CrystalReports.Engine.Section&#39;. [F:\DI\di\Proyecto\PokeDexManager\Help\Working\BuildTopics.proj]
BuildAssembler : warning : ShowMissingComponent: [P:PokeDexManager.InfParam.Section2] Missing &lt;summary&gt; documentation [F:\DI\di\Proyecto\PokeDexManager\Help\Working\BuildTopics.proj]
BuildAssembler : warning : ResolveReferenceLinksComponent: [P:PokeDexManager.InfParam.Section2] Unknown reference link target &#39;T:CrystalDecisions.CrystalReports.Engine.Section&#39;. [F:\DI\di\Proyecto\PokeDexManager\Help\Working\BuildTopics.proj]
BuildAssembler : warning : ShowMissingComponent: [P:PokeDexManager.InfParam.Section3] Missing &lt;summary&gt; documentation [F:\DI\di\Proyecto\PokeDexManager\Help\Working\BuildTopics.proj]
BuildAssembler : warning : ResolveReferenceLinksComponent: [P:PokeDexManager.InfParam.Section3] Unknown reference link target &#39;T:CrystalDecisions.CrystalReports.Engine.Section&#39;. [F:\DI\di\Proyecto\PokeDexManager\Help\Working\BuildTopics.proj]
BuildAssembler : warning : ShowMissingComponent: [P:PokeDexManager.InfParam.Section4] Missing &lt;summary&gt; documentation [F:\DI\di\Proyecto\PokeDexManager\Help\Working\BuildTopics.proj]
BuildAssembler : warning : ResolveReferenceLinksComponent: [P:PokeDexManager.InfParam.Section4] Unknown reference link target &#39;T:CrystalDecisions.CrystalReports.Engine.Section&#39;. [F:\DI\di\Proyecto\PokeDexManager\Help\Working\BuildTopics.proj]
BuildAssembler : warning : ShowMissingComponent: [P:PokeDexManager.InfParam.Section5] Missing &lt;summary&gt; documentation [F:\DI\di\Proyecto\PokeDexManager\Help\Working\BuildTopics.proj]
BuildAssembler : warning : ResolveReferenceLinksComponent: [P:PokeDexManager.InfParam.Section5] Unknown reference link target &#39;T:CrystalDecisions.CrystalReports.Engine.Section&#39;. [F:\DI\di\Proyecto\PokeDexManager\Help\Working\BuildTopics.proj]
BuildAssembler : warning : ShowMissingComponent: [T:PokeDexManager.NuevoPokemon] Missing &lt;summary&gt; documentation [F:\DI\di\Proyecto\PokeDexManager\Help\Working\BuildTopics.proj]
BuildAssembler : warning : ShowMissingComponent: [T:PokeDexManager.PokeDexManager] Missing &lt;summary&gt; documentation [F:\DI\di\Proyecto\PokeDexManager\Help\Working\BuildTopics.proj]
BuildAssembler : warning : ShowMissingComponent: [T:PokeDexManager.ProyectoPokemonDataSet] Missing &lt;summary&gt; documentation [F:\DI\di\Proyecto\PokeDexManager\Help\Working\BuildTopics.proj]
BuildAssembler : warning : ShowMissingComponent: [M:PokeDexManager.ProyectoPokemonDataSet.#ctor(System.Runtime.Serialization.SerializationInfo,System.Runtime.Serialization.StreamingContext)] Missing &lt;param name=&quot;info&quot;/&gt; documentation [F:\DI\di\Proyecto\PokeDexManager\Help\Working\BuildTopics.proj]
BuildAssembler : warning : ShowMissingComponent: [M:PokeDexManager.ProyectoPokemonDataSet.#ctor(System.Runtime.Serialization.SerializationInfo,System.Runtime.Serialization.StreamingContext)] Missing &lt;param name=&quot;context&quot;/&gt; documentation [F:\DI\di\Proyecto\PokeDexManager\Help\Working\BuildTopics.proj]
BuildAssembler : warning : ShowMissingComponent: [M:PokeDexManager.ProyectoPokemonDataSet.Clone] Missing &lt;summary&gt; documentation [F:\DI\di\Proyecto\PokeDexManager\Help\Working\BuildTopics.proj]
BuildAssembler : warning : ShowMissingComponent: [M:PokeDexManager.ProyectoPokemonDataSet.Clone] Missing &lt;returns&gt; documentation [F:\DI\di\Proyecto\PokeDexManager\Help\Working\BuildTopics.proj]
BuildAssembler : warning : ShowMissingComponent: [P:PokeDexManager.ProyectoPokemonDataSet.Combate] Missing &lt;summary&gt; documentation [F:\DI\di\Proyecto\PokeDexManager\Help\Working\BuildTopics.proj]
BuildAssembler : warning : ShowMissingComponent: [P:PokeDexManager.ProyectoPokemonDataSet.CombateHistorial] Missing &lt;summary&gt; documentation [F:\DI\di\Proyecto\PokeDexManager\Help\Working\BuildTopics.proj]
BuildAssembler : warning : ShowMissingComponent: [P:PokeDexManager.ProyectoPokemonDataSet.Especie] Missing &lt;summary&gt; documentation [F:\DI\di\Proyecto\PokeDexManager\Help\Working\BuildTopics.proj]
BuildAssembler : warning : ShowMissingComponent: [M:PokeDexManager.ProyectoPokemonDataSet.GetSchemaSerializable] Missing &lt;summary&gt; documentation [F:\DI\di\Proyecto\PokeDexManager\Help\Working\BuildTopics.proj]
BuildAssembler : warning : ShowMissingComponent: [M:PokeDexManager.ProyectoPokemonDataSet.GetSchemaSerializable] Missing &lt;returns&gt; documentation [F:\DI\di\Proyecto\PokeDexManager\Help\Working\BuildTopics.proj]
BuildAssembler : warning : ShowMissingComponent: [M:PokeDexManager.ProyectoPokemonDataSet.GetTypedDataSetSchema(System.Xml.Schema.XmlSchemaSet)] Missing &lt;summary&gt; documentation [F:\DI\di\Proyecto\PokeDexManager\Help\Working\BuildTopics.proj]
BuildAssembler : warning : ShowMissingComponent: [M:PokeDexManager.ProyectoPokemonDataSet.GetTypedDataSetSchema(System.Xml.Schema.XmlSchemaSet)] Missing &lt;returns&gt; documentation [F:\DI\di\Proyecto\PokeDexManager\Help\Working\BuildTopics.proj]
BuildAssembler : warning : ShowMissingComponent: [M:PokeDexManager.ProyectoPokemonDataSet.GetTypedDataSetSchema(System.Xml.Schema.XmlSchemaSet)] Missing &lt;param name=&quot;xs&quot;/&gt; documentation [F:\DI\di\Proyecto\PokeDexManager\Help\Working\BuildTopics.proj]
BuildAssembler : warning : ShowMissingComponent: [M:PokeDexManager.ProyectoPokemonDataSet.InitializeDerivedDataSet] Missing &lt;summary&gt; documentation [F:\DI\di\Proyecto\PokeDexManager\Help\Working\BuildTopics.proj]
BuildAssembler : warning : ShowMissingComponent: [P:PokeDexManager.ProyectoPokemonDataSet.Pokemon] Missing &lt;summary&gt; documentation [F:\DI\di\Proyecto\PokeDexManager\Help\Working\BuildTopics.proj]
BuildAssembler : warning : ShowMissingComponent: [P:PokeDexManager.ProyectoPokemonDataSet.PokemonCombate] Missing &lt;summary&gt; documentation [F:\DI\di\Proyecto\PokeDexManager\Help\Working\BuildTopics.proj]
BuildAssembler : warning : ShowMissingComponent: [P:PokeDexManager.ProyectoPokemonDataSet.PokemonDetalleDataTable] Missing &lt;summary&gt; documentation [F:\DI\di\Proyecto\PokeDexManager\Help\Working\BuildTopics.proj]
BuildAssembler : warning : ShowMissingComponent: [M:PokeDexManager.ProyectoPokemonDataSet.ReadXmlSerializable(System.Xml.XmlReader)] Missing &lt;summary&gt; documentation [F:\DI\di\Proyecto\PokeDexManager\Help\Working\BuildTopics.proj]
BuildAssembler : warning : ShowMissingComponent: [M:PokeDexManager.ProyectoPokemonDataSet.ReadXmlSerializable(System.Xml.XmlReader)] Missing &lt;param name=&quot;reader&quot;/&gt; documentation [F:\DI\di\Proyecto\PokeDexManager\Help\Working\BuildTopics.proj]
BuildAssembler : warning : ShowMissingComponent: [P:PokeDexManager.ProyectoPokemonDataSet.Relations] Missing &lt;summary&gt; documentation [F:\DI\di\Proyecto\PokeDexManager\Help\Working\BuildTopics.proj]
BuildAssembler : warning : ShowMissingComponent: [P:PokeDexManager.ProyectoPokemonDataSet.SchemaSerializationMode] Missing &lt;summary&gt; documentation [F:\DI\di\Proyecto\PokeDexManager\Help\Working\BuildTopics.proj]
BuildAssembler : warning : ShowMissingComponent: [M:PokeDexManager.ProyectoPokemonDataSet.ShouldSerializeRelations] Missing &lt;summary&gt; documentation [F:\DI\di\Proyecto\PokeDexManager\Help\Working\BuildTopics.proj]
BuildAssembler : warning : ShowMissingComponent: [M:PokeDexManager.ProyectoPokemonDataSet.ShouldSerializeRelations] Missing &lt;returns&gt; documentation [F:\DI\di\Proyecto\PokeDexManager\Help\Working\BuildTopics.proj]
BuildAssembler : warning : ShowMissingComponent: [M:PokeDexManager.ProyectoPokemonDataSet.ShouldSerializeTables] Missing &lt;summary&gt; documentation [F:\DI\di\Proyecto\PokeDexManager\Help\Working\BuildTopics.proj]
BuildAssembler : warning : ShowMissingComponent: [M:PokeDexManager.ProyectoPokemonDataSet.ShouldSerializeTables] Missing &lt;returns&gt; documentation [F:\DI\di\Proyecto\PokeDexManager\Help\Working\BuildTopics.proj]
BuildAssembler : warning : ShowMissingComponent: [P:PokeDexManager.ProyectoPokemonDataSet.SimplePokedex] Missing &lt;summary&gt; documentation [F:\DI\di\Proyecto\PokeDexManager\Help\Working\BuildTopics.proj]
BuildAssembler : warning : ShowMissingComponent: [P:PokeDexManager.ProyectoPokemonDataSet.Tables] Missing &lt;summary&gt; documentation [F:\DI\di\Proyecto\PokeDexManager\Help\Working\BuildTopics.proj]
BuildAssembler : warning : ShowMissingComponent: [P:PokeDexManager.ProyectoPokemonDataSet.Tipo] Missing &lt;summary&gt; documentation [F:\DI\di\Proyecto\PokeDexManager\Help\Working\BuildTopics.proj]
BuildAssembler : warning : ShowMissingComponent: [T:PokeDexManager.ProyectoPokemonDataSet.CombateDataTable] Missing &lt;summary&gt; documentation [F:\DI\di\Proyecto\PokeDexManager\Help\Working\BuildTopics.proj]
BuildAssembler : warning : ShowMissingComponent: [M:PokeDexManager.ProyectoPokemonDataSet.CombateDataTable.#ctor(System.Runtime.Serialization.SerializationInfo,System.Runtime.Serialization.StreamingContext)] Missing &lt;param name=&quot;info&quot;/&gt; documentation [F:\DI\di\Proyecto\PokeDexManager\Help\Working\BuildTopics.proj]
BuildAssembler : warning : ShowMissingComponent: [M:PokeDexManager.ProyectoPokemonDataSet.CombateDataTable.#ctor(System.Runtime.Serialization.SerializationInfo,System.Runtime.Serialization.StreamingContext)] Missing &lt;param name=&quot;context&quot;/&gt; documentation [F:\DI\di\Proyecto\PokeDexManager\Help\Working\BuildTopics.proj]
BuildAssembler : warning : ShowMissingComponent: [M:PokeDexManager.ProyectoPokemonDataSet.CombateDataTable.AddCombateRow(PokeDexManager.ProyectoPokemonDataSet.CombateRow)] Missing &lt;summary&gt; documentation [F:\DI\di\Proyecto\PokeDexManager\Help\Working\BuildTopics.proj]
BuildAssembler : warning : ShowMissingComponent: [M:PokeDexManager.ProyectoPokemonDataSet.CombateDataTable.AddCombateRow(PokeDexManager.ProyectoPokemonDataSet.CombateRow)] Missing &lt;param name=&quot;row&quot;/&gt; documentation [F:\DI\di\Proyecto\PokeDexManager\Help\Working\BuildTopics.proj]
BuildAssembler : warning : ShowMissingComponent: [M:PokeDexManager.ProyectoPokemonDataSet.CombateDataTable.AddCombateRow(PokeDexManager.ProyectoPokemonDataSet.PokemonRow,PokeDexManager.ProyectoPokemonDataSet.PokemonRow,System.Int32,System.Int32,PokeDexManager.ProyectoPokemonDataSet.PokemonRow,System.Int32,System.DateTime)] Missing &lt;summary&gt; documentation [F:\DI\di\Proyecto\PokeDexManager\Help\Working\BuildTopics.proj]
BuildAssembler : warning : ShowMissingComponent: [M:PokeDexManager.ProyectoPokemonDataSet.CombateDataTable.AddCombateRow(PokeDexManager.ProyectoPokemonDataSet.PokemonRow,PokeDexManager.ProyectoPokemonDataSet.PokemonRow,System.Int32,System.Int32,PokeDexManager.ProyectoPokemonDataSet.PokemonRow,System.Int32,System.DateTime)] Missing &lt;returns&gt; documentation [F:\DI\di\Proyecto\PokeDexManager\Help\Working\BuildTopics.proj]
BuildAssembler : warning : ShowMissingComponent: [M:PokeDexManager.ProyectoPokemonDataSet.CombateDataTable.AddCombateRow(PokeDexManager.ProyectoPokemonDataSet.PokemonRow,PokeDexManager.ProyectoPokemonDataSet.PokemonRow,System.Int32,System.Int32,PokeDexManager.ProyectoPokemonDataSet.PokemonRow,System.Int32,System.DateTime)] Missing &lt;param name=&quot;parentPokemonRowByFK_Combate_Pokemon1&quot;/&gt; documentation [F:\DI\di\Proyecto\PokeDexManager\Help\Working\BuildTopics.proj]
BuildAssembler : warning : ShowMissingComponent: [M:PokeDexManager.ProyectoPokemonDataSet.CombateDataTable.AddCombateRow(PokeDexManager.ProyectoPokemonDataSet.PokemonRow,PokeDexManager.ProyectoPokemonDataSet.PokemonRow,System.Int32,System.Int32,PokeDexManager.ProyectoPokemonDataSet.PokemonRow,System.Int32,System.DateTime)] Missing &lt;param name=&quot;parentPokemonRowByFK_Combate_Pokemon2&quot;/&gt; documentation [F:\DI\di\Proyecto\PokeDexManager\Help\Working\BuildTopics.proj]
BuildAssembler : warning : ShowMissingComponent: [M:PokeDexManager.ProyectoPokemonDataSet.CombateDataTable.AddCombateRow(PokeDexManager.ProyectoPokemonDataSet.PokemonRow,PokeDexManager.ProyectoPokemonDataSet.PokemonRow,System.Int32,System.Int32,PokeDexManager.ProyectoPokemonDataSet.PokemonRow,System.Int32,System.DateTime)] Missing &lt;param name=&quot;Da&#164;oPokemon1&quot;/&gt; documentation [F:\DI\di\Proyecto\PokeDexManager\Help\Working\BuildTopics.proj]
BuildAssembler : warning : ShowMissingComponent: [M:PokeDexManager.ProyectoPokemonDataSet.CombateDataTable.AddCombateRow(PokeDexManager.ProyectoPokemonDataSet.PokemonRow,PokeDexManager.ProyectoPokemonDataSet.PokemonRow,System.Int32,System.Int32,PokeDexManager.ProyectoPokemonDataSet.PokemonRow,System.Int32,System.DateTime)] Missing &lt;param name=&quot;Da&#164;oPokemon2&quot;/&gt; documentation [F:\DI\di\Proyecto\PokeDexManager\Help\Working\BuildTopics.proj]
BuildAssembler : warning : ShowMissingComponent: [M:PokeDexManager.ProyectoPokemonDataSet.CombateDataTable.AddCombateRow(PokeDexManager.ProyectoPokemonDataSet.PokemonRow,PokeDexManager.ProyectoPokemonDataSet.PokemonRow,System.Int32,System.Int32,PokeDexManager.ProyectoPokemonDataSet.PokemonRow,System.Int32,System.DateTime)] Missing &lt;param name=&quot;parentPokemonRowByFK_Combate_Ganador&quot;/&gt; documentation [F:\DI\di\Proyecto\PokeDexManager\Help\Working\BuildTopics.proj]
BuildAssembler : warning : ShowMissingComponent: [M:PokeDexManager.ProyectoPokemonDataSet.CombateDataTable.AddCombateRow(PokeDexManager.ProyectoPokemonDataSet.PokemonRow,PokeDexManager.ProyectoPokemonDataSet.PokemonRow,System.Int32,System.Int32,PokeDexManager.ProyectoPokemonDataSet.PokemonRow,System.Int32,System.DateTime)] Missing &lt;param name=&quot;ExperienciaGanada&quot;/&gt; documentation [F:\DI\di\Proyecto\PokeDexManager\Help\Working\BuildTopics.proj]
BuildAssembler : warning : ShowMissingComponent: [M:PokeDexManager.ProyectoPokemonDataSet.CombateDataTable.AddCombateRow(PokeDexManager.ProyectoPokemonDataSet.PokemonRow,PokeDexManager.ProyectoPokemonDataSet.PokemonRow,System.Int32,System.Int32,PokeDexManager.ProyectoPokemonDataSet.PokemonRow,System.Int32,System.DateTime)] Missing &lt;param name=&quot;Fecha&quot;/&gt; documentation [F:\DI\di\Proyecto\PokeDexManager\Help\Working\BuildTopics.proj]
BuildAssembler : warning : ShowMissingComponent: [M:PokeDexManager.ProyectoPokemonDataSet.CombateDataTable.Clone] Missing &lt;summary&gt; documentation [F:\DI\di\Proyecto\PokeDexManager\Help\Working\BuildTopics.proj]
BuildAssembler : warning : ShowMissingComponent: [M:PokeDexManager.ProyectoPokemonDataSet.CombateDataTable.Clone] Missing &lt;returns&gt; documentation [F:\DI\di\Proyecto\PokeDexManager\Help\Working\BuildTopics.proj]
BuildAssembler : warning : ShowMissingComponent: [E:PokeDexManager.ProyectoPokemonDataSet.CombateDataTable.CombateRowChanged] Missing &lt;summary&gt; documentation [F:\DI\di\Proyecto\PokeDexManager\Help\Working\BuildTopics.proj]
BuildAssembler : warning : ShowMissingComponent: [E:PokeDexManager.ProyectoPokemonDataSet.CombateDataTable.CombateRowChanging] Missing &lt;summary&gt; documentation [F:\DI\di\Proyecto\PokeDexManager\Help\Working\BuildTopics.proj]
BuildAssembler : warning : ShowMissingComponent: [E:PokeDexManager.ProyectoPokemonDataSet.CombateDataTable.CombateRowDeleted] Missing &lt;summary&gt; documentation [F:\DI\di\Proyecto\PokeDexManager\Help\Working\BuildTopics.proj]
BuildAssembler : warning : ShowMissingComponent: [E:PokeDexManager.ProyectoPokemonDataSet.CombateDataTable.CombateRowDeleting] Missing &lt;summary&gt; documentation [F:\DI\di\Proyecto\PokeDexManager\Help\Working\BuildTopics.proj]
BuildAssembler : warning : ShowMissingComponent: [P:PokeDexManager.ProyectoPokemonDataSet.CombateDataTable.Count] Missing &lt;summary&gt; documentation [F:\DI\di\Proyecto\PokeDexManager\Help\Working\BuildTopics.proj]
BuildAssembler : warning : ShowMissingComponent: [M:PokeDexManager.ProyectoPokemonDataSet.CombateDataTable.CreateInstance] Missing &lt;summary&gt; documentation [F:\DI\di\Proyecto\PokeDexManager\Help\Working\BuildTopics.proj]
BuildAssembler : warning : ShowMissingComponent: [M:PokeDexManager.ProyectoPokemonDataSet.CombateDataTable.CreateInstance] Missing &lt;returns&gt; documentation [F:\DI\di\Proyecto\PokeDexManager\Help\Working\BuildTopics.proj]
BuildAssembler : warning : ShowMissingComponent: [P:PokeDexManager.ProyectoPokemonDataSet.CombateDataTable.Da&#164;oPokemon1Column] Missing &lt;summary&gt; documentation [F:\DI\di\Proyecto\PokeDexManager\Help\Working\BuildTopics.proj]
BuildAssembler : warning : ShowMissingComponent: [P:PokeDexManager.ProyectoPokemonDataSet.CombateDataTable.Da&#164;oPokemon2Column] Missing &lt;summary&gt; documentation [F:\DI\di\Proyecto\PokeDexManager\Help\Working\BuildTopics.proj]
BuildAssembler : warning : ShowMissingComponent: [P:PokeDexManager.ProyectoPokemonDataSet.CombateDataTable.ExperienciaGanadaColumn] Missing &lt;summary&gt; documentation [F:\DI\di\Proyecto\PokeDexManager\Help\Working\BuildTopics.proj]
BuildAssembler : warning : ShowMissingComponent: [P:PokeDexManager.ProyectoPokemonDataSet.CombateDataTable.FechaColumn] Missing &lt;summary&gt; documentation [F:\DI\di\Proyecto\PokeDexManager\Help\Working\BuildTopics.proj]
BuildAssembler : warning : ShowMissingComponent: [M:PokeDexManager.ProyectoPokemonDataSet.CombateDataTable.FindByIdCombate(System.Int32)] Missing &lt;summary&gt; documentation [F:\DI\di\Proyecto\PokeDexManager\Help\Working\BuildTopics.proj]
BuildAssembler : warning : ShowMissingComponent: [M:PokeDexManager.ProyectoPokemonDataSet.CombateDataTable.FindByIdCombate(System.Int32)] Missing &lt;returns&gt; documentation [F:\DI\di\Proyecto\PokeDexManager\Help\Working\BuildTopics.proj]
BuildAssembler : warning : ShowMissingComponent: [M:PokeDexManager.ProyectoPokemonDataSet.CombateDataTable.FindByIdCombate(System.Int32)] Missing &lt;param name=&quot;IdCombate&quot;/&gt; documentation [F:\DI\di\Proyecto\PokeDexManager\Help\Working\BuildTopics.proj]
BuildAssembler : warning : ShowMissingComponent: [M:PokeDexManager.ProyectoPokemonDataSet.CombateDataTable.GetRowType] Missing &lt;summary&gt; documentation [F:\DI\di\Proyecto\PokeDexManager\Help\Working\BuildTopics.proj]
BuildAssembler : warning : ShowMissingComponent: [M:PokeDexManager.ProyectoPokemonDataSet.CombateDataTable.GetRowType] Missing &lt;returns&gt; documentation [F:\DI\di\Proyecto\PokeDexManager\Help\Working\BuildTopics.proj]
BuildAssembler : warning : ShowMissingComponent: [M:PokeDexManager.ProyectoPokemonDataSet.CombateDataTable.GetTypedTableSchema(System.Xml.Schema.XmlSchemaSet)] Missing &lt;summary&gt; documentation [F:\DI\di\Proyecto\PokeDexManager\Help\Working\BuildTopics.proj]
BuildAssembler : warning : ShowMissingComponent: [M:PokeDexManager.ProyectoPokemonDataSet.CombateDataTable.GetTypedTableSchema(System.Xml.Schema.XmlSchemaSet)] Missing &lt;returns&gt; documentation [F:\DI\di\Proyecto\PokeDexManager\Help\Working\BuildTopics.proj]
BuildAssembler : warning : ShowMissingComponent: [M:PokeDexManager.ProyectoPokemonDataSet.CombateDataTable.GetTypedTableSchema(System.Xml.Schema.XmlSchemaSet)] Missing &lt;param name=&quot;xs&quot;/&gt; documentation [F:\DI\di\Proyecto\PokeDexManager\Help\Working\BuildTopics.proj]
BuildAssembler : warning : ShowMissingComponent: [P:PokeDexManager.ProyectoPokemonDataSet.CombateDataTable.IdCombateColumn] Missing &lt;summary&gt; documentation [F:\DI\di\Proyecto\PokeDexManager\Help\Working\BuildTopics.proj]
BuildAssembler : warning : ShowMissingComponent: [P:PokeDexManager.ProyectoPokemonDataSet.CombateDataTable.Item(System.Int32)] Missing &lt;summary&gt; documentation [F:\DI\di\Proyecto\PokeDexManager\Help\Working\BuildTopics.proj]
BuildAssembler : warning : ShowMissingComponent: [M:PokeDexManager.ProyectoPokemonDataSet.CombateDataTable.NewCombateRow] Missing &lt;summary&gt; documentation [F:\DI\di\Proyecto\PokeDexManager\Help\Working\BuildTopics.proj]
BuildAssembler : warning : ShowMissingComponent: [M:PokeDexManager.ProyectoPokemonDataSet.CombateDataTable.NewCombateRow] Missing &lt;returns&gt; documentation [F:\DI\di\Proyecto\PokeDexManager\Help\Working\BuildTopics.proj]
BuildAssembler : warning : ShowMissingComponent: [M:PokeDexManager.ProyectoPokemonDataSet.CombateDataTable.NewRowFromBuilder(System.Data.DataRowBuilder)] Missing &lt;summary&gt; documentation [F:\DI\di\Proyecto\PokeDexManager\Help\Working\BuildTopics.proj]
BuildAssembler : warning : ShowMissingComponent: [M:PokeDexManager.ProyectoPokemonDataSet.CombateDataTable.NewRowFromBuilder(System.Data.DataRowBuilder)] Missing &lt;returns&gt; documentation [F:\DI\di\Proyecto\PokeDexManager\Help\Working\BuildTopics.proj]
BuildAssembler : warning : ShowMissingComponent: [M:PokeDexManager.ProyectoPokemonDataSet.CombateDataTable.NewRowFromBuilder(System.Data.DataRowBuilder)] Missing &lt;param name=&quot;builder&quot;/&gt; documentation [F:\DI\di\Proyecto\PokeDexManager\Help\Working\BuildTopics.proj]
BuildAssembler : warning : ShowMissingComponent: [M:PokeDexManager.ProyectoPokemonDataSet.CombateDataTable.OnRowChanged(System.Data.DataRowChangeEventArgs)] Missing &lt;summary&gt; documentation [F:\DI\di\Proyecto\PokeDexManager\Help\Working\BuildTopics.proj]
BuildAssembler : warning : ShowMissingComponent: [M:PokeDexManager.ProyectoPokemonDataSet.CombateDataTable.OnRowChanged(System.Data.DataRowChangeEventArgs)] Missing &lt;param name=&quot;e&quot;/&gt; documentation [F:\DI\di\Proyecto\PokeDexManager\Help\Working\BuildTopics.proj]
BuildAssembler : warning : ShowMissingComponent: [M:PokeDexManager.ProyectoPokemonDataSet.CombateDataTable.OnRowChanging(System.Data.DataRowChangeEventArgs)] Missing &lt;summary&gt; documentation [F:\DI\di\Proyecto\PokeDexManager\Help\Working\BuildTopics.proj]
BuildAssembler : warning : ShowMissingComponent: [M:PokeDexManager.ProyectoPokemonDataSet.CombateDataTable.OnRowChanging(System.Data.DataRowChangeEventArgs)] Missing &lt;param name=&quot;e&quot;/&gt; documentation [F:\DI\di\Proyecto\PokeDexManager\Help\Working\BuildTopics.proj]
BuildAssembler : warning : ShowMissingComponent: [M:PokeDexManager.ProyectoPokemonDataSet.CombateDataTable.OnRowDeleted(System.Data.DataRowChangeEventArgs)] Missing &lt;summary&gt; documentation [F:\DI\di\Proyecto\PokeDexManager\Help\Working\BuildTopics.proj]
BuildAssembler : warning : ShowMissingComponent: [M:PokeDexManager.ProyectoPokemonDataSet.CombateDataTable.OnRowDeleted(System.Data.DataRowChangeEventArgs)] Missing &lt;param name=&quot;e&quot;/&gt; documentation [F:\DI\di\Proyecto\PokeDexManager\Help\Working\BuildTopics.proj]
BuildAssembler : warning : ShowMissingComponent: [M:PokeDexManager.ProyectoPokemonDataSet.CombateDataTable.OnRowDeleting(System.Data.DataRowChangeEventArgs)] Missing &lt;summary&gt; documentation [F:\DI\di\Proyecto\PokeDexManager\Help\Working\BuildTopics.proj]
BuildAssembler : warning : ShowMissingComponent: [M:PokeDexManager.ProyectoPokemonDataSet.CombateDataTable.OnRowDeleting(System.Data.DataRowChangeEventArgs)] Missing &lt;param name=&quot;e&quot;/&gt; documentation [F:\DI\di\Proyecto\PokeDexManager\Help\Working\BuildTopics.proj]
BuildAssembler : warning : ShowMissingComponent: [P:PokeDexManager.ProyectoPokemonDataSet.CombateDataTable.Pokemon1IdColumn] Missing &lt;summary&gt; documentation [F:\DI\di\Proyecto\PokeDexManager\Help\Working\BuildTopics.proj]
BuildAssembler : warning : ShowMissingComponent: [P:PokeDexManager.ProyectoPokemonDataSet.CombateDataTable.Pokemon2IdColumn] Missing &lt;summary&gt; documentation [F:\DI\di\Proyecto\PokeDexManager\Help\Working\BuildTopics.proj]
BuildAssembler : warning : ShowMissingComponent: [P:PokeDexManager.ProyectoPokemonDataSet.CombateDataTable.PokemonGanadorIdColumn] Missing &lt;summary&gt; documentation [F:\DI\di\Proyecto\PokeDexManager\Help\Working\BuildTopics.proj]
BuildAssembler : warning : ShowMissingComponent: [M:PokeDexManager.ProyectoPokemonDataSet.CombateDataTable.RemoveCombateRow(PokeDexManager.ProyectoPokemonDataSet.CombateRow)] Missing &lt;summary&gt; documentation [F:\DI\di\Proyecto\PokeDexManager\Help\Working\BuildTopics.proj]
BuildAssembler : warning : ShowMissingComponent: [M:PokeDexManager.ProyectoPokemonDataSet.CombateDataTable.RemoveCombateRow(PokeDexManager.ProyectoPokemonDataSet.CombateRow)] Missing &lt;param name=&quot;row&quot;/&gt; documentation [F:\DI\di\Proyecto\PokeDexManager\Help\Working\BuildTopics.proj]
BuildAssembler : warning : ShowMissingComponent: [T:PokeDexManager.ProyectoPokemonDataSet.CombateHistorialDataTable] Missing &lt;summary&gt; documentation [F:\DI\di\Proyecto\PokeDexManager\Help\Working\BuildTopics.proj]
BuildAssembler : warning : ShowMissingComponent: [M:PokeDexManager.ProyectoPokemonDataSet.CombateHistorialDataTable.#ctor(System.Runtime.Serialization.SerializationInfo,System.Runtime.Serialization.StreamingContext)] Missing &lt;param name=&quot;info&quot;/&gt; documentation [F:\DI\di\Proyecto\PokeDexManager\Help\Working\BuildTopics.proj]
BuildAssembler : warning : ShowMissingComponent: [M:PokeDexManager.ProyectoPokemonDataSet.CombateHistorialDataTable.#ctor(System.Runtime.Serialization.SerializationInfo,System.Runtime.Serialization.StreamingContext)] Missing &lt;param name=&quot;context&quot;/&gt; documentation [F:\DI\di\Proyecto\PokeDexManager\Help\Working\BuildTopics.proj]
BuildAssembler : warning : ShowMissingComponent: [M:PokeDexManager.ProyectoPokemonDataSet.CombateHistorialDataTable.AddCombateHistorialRow(PokeDexManager.ProyectoPokemonDataSet.CombateHistorialRow)] Missing &lt;summary&gt; documentation [F:\DI\di\Proyecto\PokeDexManager\Help\Working\BuildTopics.proj]
BuildAssembler : warning : ShowMissingComponent: [M:PokeDexManager.ProyectoPokemonDataSet.CombateHistorialDataTable.AddCombateHistorialRow(PokeDexManager.ProyectoPokemonDataSet.CombateHistorialRow)] Missing &lt;param name=&quot;row&quot;/&gt; documentation [F:\DI\di\Proyecto\PokeDexManager\Help\Working\BuildTopics.proj]
BuildAssembler : warning : ShowMissingComponent: [M:PokeDexManager.ProyectoPokemonDataSet.CombateHistorialDataTable.AddCombateHistorialRow(System.String,System.String,System.String,System.Int32,System.Int32,System.Int32,System.DateTime)] Missing &lt;summary&gt; documentation [F:\DI\di\Proyecto\PokeDexManager\Help\Working\BuildTopics.proj]
BuildAssembler : warning : ShowMissingComponent: [M:PokeDexManager.ProyectoPokemonDataSet.CombateHistorialDataTable.AddCombateHistorialRow(System.String,System.String,System.String,System.Int32,System.Int32,System.Int32,System.DateTime)] Missing &lt;returns&gt; documentation [F:\DI\di\Proyecto\PokeDexManager\Help\Working\BuildTopics.proj]
BuildAssembler : warning : ShowMissingComponent: [M:PokeDexManager.ProyectoPokemonDataSet.CombateHistorialDataTable.AddCombateHistorialRow(System.String,System.String,System.String,System.Int32,System.Int32,System.Int32,System.DateTime)] Missing &lt;param name=&quot;Pokemon1&quot;/&gt; documentation [F:\DI\di\Proyecto\PokeDexManager\Help\Working\BuildTopics.proj]
BuildAssembler : warning : ShowMissingComponent: [M:PokeDexManager.ProyectoPokemonDataSet.CombateHistorialDataTable.AddCombateHistorialRow(System.String,System.String,System.String,System.Int32,System.Int32,System.Int32,System.DateTime)] Missing &lt;param name=&quot;Pokemon2&quot;/&gt; documentation [F:\DI\di\Proyecto\PokeDexManager\Help\Working\BuildTopics.proj]
BuildAssembler : warning : ShowMissingComponent: [M:PokeDexManager.ProyectoPokemonDataSet.CombateHistorialDataTable.AddCombateHistorialRow(System.String,System.String,System.String,System.Int32,System.Int32,System.Int32,System.DateTime)] Missing &lt;param name=&quot;Ganador&quot;/&gt; documentation [F:\DI\di\Proyecto\PokeDexManager\Help\Working\BuildTopics.proj]
BuildAssembler : warning : ShowMissingComponent: [M:PokeDexManager.ProyectoPokemonDataSet.CombateHistorialDataTable.AddCombateHistorialRow(System.String,System.String,System.String,System.Int32,System.Int32,System.Int32,System.DateTime)] Missing &lt;param name=&quot;Da&#164;oPokemon1&quot;/&gt; documentation [F:\DI\di\Proyecto\PokeDexManager\Help\Working\BuildTopics.proj]
BuildAssembler : warning : ShowMissingComponent: [M:PokeDexManager.ProyectoPokemonDataSet.CombateHistorialDataTable.AddCombateHistorialRow(System.String,System.String,System.String,System.Int32,System.Int32,System.Int32,System.DateTime)] Missing &lt;param name=&quot;Da&#164;oPokemon2&quot;/&gt; documentation [F:\DI\di\Proyecto\PokeDexManager\Help\Working\BuildTopics.proj]
BuildAssembler : warning : ShowMissingComponent: [M:PokeDexManager.ProyectoPokemonDataSet.CombateHistorialDataTable.AddCombateHistorialRow(System.String,System.String,System.String,System.Int32,System.Int32,System.Int32,System.DateTime)] Missing &lt;param name=&quot;ExperienciaGanada&quot;/&gt; documentation [F:\DI\di\Proyecto\PokeDexManager\Help\Working\BuildTopics.proj]
BuildAssembler : warning : ShowMissingComponent: [M:PokeDexManager.ProyectoPokemonDataSet.CombateHistorialDataTable.AddCombateHistorialRow(System.String,System.String,System.String,System.Int32,System.Int32,System.Int32,System.DateTime)] Missing &lt;param name=&quot;Fecha&quot;/&gt; documentation [F:\DI\di\Proyecto\PokeDexManager\Help\Working\BuildTopics.proj]
BuildAssembler : warning : ShowMissingComponent: [M:PokeDexManager.ProyectoPokemonDataSet.CombateHistorialDataTable.Clone] Missing &lt;summary&gt; documentation [F:\DI\di\Proyecto\PokeDexManager\Help\Working\BuildTopics.proj]
BuildAssembler : warning : ShowMissingComponent: [M:PokeDexManager.ProyectoPokemonDataSet.CombateHistorialDataTable.Clone] Missing &lt;returns&gt; documentation [F:\DI\di\Proyecto\PokeDexManager\Help\Working\BuildTopics.proj]
BuildAssembler : warning : ShowMissingComponent: [E:PokeDexManager.ProyectoPokemonDataSet.CombateHistorialDataTable.CombateHistorialRowChanged] Missing &lt;summary&gt; documentation [F:\DI\di\Proyecto\PokeDexManager\Help\Working\BuildTopics.proj]
BuildAssembler : warning : ShowMissingComponent: [E:PokeDexManager.ProyectoPokemonDataSet.CombateHistorialDataTable.CombateHistorialRowChanging] Missing &lt;summary&gt; documentation [F:\DI\di\Proyecto\PokeDexManager\Help\Working\BuildTopics.proj]
BuildAssembler : warning : ShowMissingComponent: [E:PokeDexManager.ProyectoPokemonDataSet.CombateHistorialDataTable.CombateHistorialRowDeleted] Missing &lt;summary&gt; documentation [F:\DI\di\Proyecto\PokeDexManager\Help\Working\BuildTopics.proj]
BuildAssembler : warning : ShowMissingComponent: [E:PokeDexManager.ProyectoPokemonDataSet.CombateHistorialDataTable.CombateHistorialRowDeleting] Missing &lt;summary&gt; documentation [F:\DI\di\Proyecto\PokeDexManager\Help\Working\BuildTopics.proj]
BuildAssembler : warning : ShowMissingComponent: [P:PokeDexManager.ProyectoPokemonDataSet.CombateHistorialDataTable.Count] Missing &lt;summary&gt; documentation [F:\DI\di\Proyecto\PokeDexManager\Help\Working\BuildTopics.proj]
BuildAssembler : warning : ShowMissingComponent: [M:PokeDexManager.ProyectoPokemonDataSet.CombateHistorialDataTable.CreateInstance] Missing &lt;summary&gt; documentation [F:\DI\di\Proyecto\PokeDexManager\Help\Working\BuildTopics.proj]
BuildAssembler : warning : ShowMissingComponent: [M:PokeDexManager.ProyectoPokemonDataSet.CombateHistorialDataTable.CreateInstance] Missing &lt;returns&gt; documentation [F:\DI\di\Proyecto\PokeDexManager\Help\Working\BuildTopics.proj]
BuildAssembler : warning : ShowMissingComponent: [P:PokeDexManager.ProyectoPokemonDataSet.CombateHistorialDataTable.Da&#164;oPokemon1Column] Missing &lt;summary&gt; documentation [F:\DI\di\Proyecto\PokeDexManager\Help\Working\BuildTopics.proj]
BuildAssembler : warning : ShowMissingComponent: [P:PokeDexManager.ProyectoPokemonDataSet.CombateHistorialDataTable.Da&#164;oPokemon2Column] Missing &lt;summary&gt; documentation [F:\DI\di\Proyecto\PokeDexManager\Help\Working\BuildTopics.proj]
BuildAssembler : warning : ShowMissingComponent: [P:PokeDexManager.ProyectoPokemonDataSet.CombateHistorialDataTable.ExperienciaGanadaColumn] Missing &lt;summary&gt; documentation [F:\DI\di\Proyecto\PokeDexManager\Help\Working\BuildTopics.proj]
BuildAssembler : warning : ShowMissingComponent: [P:PokeDexManager.ProyectoPokemonDataSet.CombateHistorialDataTable.FechaColumn] Missing &lt;summary&gt; documentation [F:\DI\di\Proyecto\PokeDexManager\Help\Working\BuildTopics.proj]
BuildAssembler : warning : ShowMissingComponent: [M:PokeDexManager.ProyectoPokemonDataSet.CombateHistorialDataTable.FindByIdCombate(System.Int32)] Missing &lt;summary&gt; documentation [F:\DI\di\Proyecto\PokeDexManager\Help\Working\BuildTopics.proj]
BuildAssembler : warning : ShowMissingComponent: [M:PokeDexManager.ProyectoPokemonDataSet.CombateHistorialDataTable.FindByIdCombate(System.Int32)] Missing &lt;returns&gt; documentation [F:\DI\di\Proyecto\PokeDexManager\Help\Working\BuildTopics.proj]
BuildAssembler : warning : ShowMissingComponent: [M:PokeDexManager.ProyectoPokemonDataSet.CombateHistorialDataTable.FindByIdCombate(System.Int32)] Missing &lt;param name=&quot;IdCombate&quot;/&gt; documentation [F:\DI\di\Proyecto\PokeDexManager\Help\Working\BuildTopics.proj]
BuildAssembler : warning : ShowMissingComponent: [P:PokeDexManager.ProyectoPokemonDataSet.CombateHistorialDataTable.GanadorColumn] Missing &lt;summary&gt; documentation [F:\DI\di\Proyecto\PokeDexManager\Help\Working\BuildTopics.proj]
BuildAssembler : warning : ShowMissingComponent: [M:PokeDexManager.ProyectoPokemonDataSet.CombateHistorialDataTable.GetRowType] Missing &lt;summary&gt; documentation [F:\DI\di\Proyecto\PokeDexManager\Help\Working\BuildTopics.proj]
BuildAssembler : warning : ShowMissingComponent: [M:PokeDexManager.ProyectoPokemonDataSet.CombateHistorialDataTable.GetRowType] Missing &lt;returns&gt; documentation [F:\DI\di\Proyecto\PokeDexManager\Help\Working\BuildTopics.proj]
BuildAssembler : warning : ShowMissingComponent: [M:PokeDexManager.ProyectoPokemonDataSet.CombateHistorialDataTable.GetTypedTableSchema(System.Xml.Schema.XmlSchemaSet)] Missing &lt;summary&gt; documentation [F:\DI\di\Proyecto\PokeDexManager\Help\Working\BuildTopics.proj]
BuildAssembler : warning : ShowMissingComponent: [M:PokeDexManager.ProyectoPokemonDataSet.CombateHistorialDataTable.GetTypedTableSchema(System.Xml.Schema.XmlSchemaSet)] Missing &lt;returns&gt; documentation [F:\DI\di\Proyecto\PokeDexManager\Help\Working\BuildTopics.proj]
BuildAssembler : warning : ShowMissingComponent: [M:PokeDexManager.ProyectoPokemonDataSet.CombateHistorialDataTable.GetTypedTableSchema(System.Xml.Schema.XmlSchemaSet)] Missing &lt;param name=&quot;xs&quot;/&gt; documentation [F:\DI\di\Proyecto\PokeDexManager\Help\Working\BuildTopics.proj]
BuildAssembler : warning : ShowMissingComponent: [P:PokeDexManager.ProyectoPokemonDataSet.CombateHistorialDataTable.IdCombateColumn] Missing &lt;summary&gt; documentation [F:\DI\di\Proyecto\PokeDexManager\Help\Working\BuildTopics.proj]
BuildAssembler : warning : ShowMissingComponent: [P:PokeDexManager.ProyectoPokemonDataSet.CombateHistorialDataTable.IdGanadorColumn] Missing &lt;summary&gt; documentation [F:\DI\di\Proyecto\PokeDexManager\Help\Working\BuildTopics.proj]
BuildAssembler : warning : ShowMissingComponent: [P:PokeDexManager.ProyectoPokemonDataSet.CombateHistorialDataTable.IdPokemon1Column] Missing &lt;summary&gt; documentation [F:\DI\di\Proyecto\PokeDexManager\Help\Working\BuildTopics.proj]
BuildAssembler : warning : ShowMissingComponent: [P:PokeDexManager.ProyectoPokemonDataSet.CombateHistorialDataTable.IdPokemon2Column] Missing &lt;summary&gt; documentation [F:\DI\di\Proyecto\PokeDexManager\Help\Working\BuildTopics.proj]
BuildAssembler : warning : ShowMissingComponent: [P:PokeDexManager.ProyectoPokemonDataSet.CombateHistorialDataTable.Item(System.Int32)] Missing &lt;summary&gt; documentation [F:\DI\di\Proyecto\PokeDexManager\Help\Working\BuildTopics.proj]
BuildAssembler : warning : ShowMissingComponent: [M:PokeDexManager.ProyectoPokemonDataSet.CombateHistorialDataTable.NewCombateHistorialRow] Missing &lt;summary&gt; documentation [F:\DI\di\Proyecto\PokeDexManager\Help\Working\BuildTopics.proj]
BuildAssembler : warning : ShowMissingComponent: [M:PokeDexManager.ProyectoPokemonDataSet.CombateHistorialDataTable.NewCombateHistorialRow] Missing &lt;returns&gt; documentation [F:\DI\di\Proyecto\PokeDexManager\Help\Working\BuildTopics.proj]
BuildAssembler : warning : ShowMissingComponent: [M:PokeDexManager.ProyectoPokemonDataSet.CombateHistorialDataTable.NewRowFromBuilder(System.Data.DataRowBuilder)] Missing &lt;summary&gt; documentation [F:\DI\di\Proyecto\PokeDexManager\Help\Working\BuildTopics.proj]
BuildAssembler : warning : ShowMissingComponent: [M:PokeDexManager.ProyectoPokemonDataSet.CombateHistorialDataTable.NewRowFromBuilder(System.Data.DataRowBuilder)] Missing &lt;returns&gt; documentation [F:\DI\di\Proyecto\PokeDexManager\Help\Working\BuildTopics.proj]
BuildAssembler : warning : ShowMissingComponent: [M:PokeDexManager.ProyectoPokemonDataSet.CombateHistorialDataTable.NewRowFromBuilder(System.Data.DataRowBuilder)] Missing &lt;param name=&quot;builder&quot;/&gt; documentation [F:\DI\di\Proyecto\PokeDexManager\Help\Working\BuildTopics.proj]
BuildAssembler : warning : ShowMissingComponent: [M:PokeDexManager.ProyectoPokemonDataSet.CombateHistorialDataTable.OnRowChanged(System.Data.DataRowChangeEventArgs)] Missing &lt;summary&gt; documentation [F:\DI\di\Proyecto\PokeDexManager\Help\Working\BuildTopics.proj]
BuildAssembler : warning : ShowMissingComponent: [M:PokeDexManager.ProyectoPokemonDataSet.CombateHistorialDataTable.OnRowChanged(System.Data.DataRowChangeEventArgs)] Missing &lt;param name=&quot;e&quot;/&gt; documentation [F:\DI\di\Proyecto\PokeDexManager\Help\Working\BuildTopics.proj]
BuildAssembler : warning : ShowMissingComponent: [M:PokeDexManager.ProyectoPokemonDataSet.CombateHistorialDataTable.OnRowChanging(System.Data.DataRowChangeEventArgs)] Missing &lt;summary&gt; documentation [F:\DI\di\Proyecto\PokeDexManager\Help\Working\BuildTopics.proj]
BuildAssembler : warning : ShowMissingComponent: [M:PokeDexManager.ProyectoPokemonDataSet.CombateHistorialDataTable.OnRowChanging(System.Data.DataRowChangeEventArgs)] Missing &lt;param name=&quot;e&quot;/&gt; documentation [F:\DI\di\Proyecto\PokeDexManager\Help\Working\BuildTopics.proj]
BuildAssembler : warning : ShowMissingComponent: [M:PokeDexManager.ProyectoPokemonDataSet.CombateHistorialDataTable.OnRowDeleted(System.Data.DataRowChangeEventArgs)] Missing &lt;summary&gt; documentation [F:\DI\di\Proyecto\PokeDexManager\Help\Working\BuildTopics.proj]
BuildAssembler : warning : ShowMissingComponent: [M:PokeDexManager.ProyectoPokemonDataSet.CombateHistorialDataTable.OnRowDeleted(System.Data.DataRowChangeEventArgs)] Missing &lt;param name=&quot;e&quot;/&gt; documentation [F:\DI\di\Proyecto\PokeDexManager\Help\Working\BuildTopics.proj]
BuildAssembler : warning : ShowMissingComponent: [M:PokeDexManager.ProyectoPokemonDataSet.CombateHistorialDataTable.OnRowDeleting(System.Data.DataRowChangeEventArgs)] Missing &lt;summary&gt; documentation [F:\DI\di\Proyecto\PokeDexManager\Help\Working\BuildTopics.proj]
BuildAssembler : warning : ShowMissingComponent: [M:PokeDexManager.ProyectoPokemonDataSet.CombateHistorialDataTable.OnRowDeleting(System.Data.DataRowChangeEventArgs)] Missing &lt;param name=&quot;e&quot;/&gt; documentation [F:\DI\di\Proyecto\PokeDexManager\Help\Working\BuildTopics.proj]
BuildAssembler : warning : ShowMissingComponent: [P:PokeDexManager.ProyectoPokemonDataSet.CombateHistorialDataTable.Pokemon1Column] Missing &lt;summary&gt; documentation [F:\DI\di\Proyecto\PokeDexManager\Help\Working\BuildTopics.proj]
BuildAssembler : warning : ShowMissingComponent: [P:PokeDexManager.ProyectoPokemonDataSet.CombateHistorialDataTable.Pokemon2Column] Missing &lt;summary&gt; documentation [F:\DI\di\Proyecto\PokeDexManager\Help\Working\BuildTopics.proj]
BuildAssembler : warning : ShowMissingComponent: [M:PokeDexManager.ProyectoPokemonDataSet.CombateHistorialDataTable.RemoveCombateHistorialRow(PokeDexManager.ProyectoPokemonDataSet.CombateHistorialRow)] Missing &lt;summary&gt; documentation [F:\DI\di\Proyecto\PokeDexManager\Help\Working\BuildTopics.proj]
BuildAssembler : warning : ShowMissingComponent: [M:PokeDexManager.ProyectoPokemonDataSet.CombateHistorialDataTable.RemoveCombateHistorialRow(PokeDexManager.ProyectoPokemonDataSet.CombateHistorialRow)] Missing &lt;param name=&quot;row&quot;/&gt; documentation [F:\DI\di\Proyecto\PokeDexManager\Help\Working\BuildTopics.proj]
BuildAssembler : warning : ShowMissingComponent: [T:PokeDexManager.ProyectoPokemonDataSet.CombateHistorialRow] Missing &lt;summary&gt; documentation [F:\DI\di\Proyecto\PokeDexManager\Help\Working\BuildTopics.proj]
BuildAssembler : warning : ShowMissingComponent: [P:PokeDexManager.ProyectoPokemonDataSet.CombateHistorialRow.Da&#164;oPokemon1] Missing &lt;summary&gt; documentation [F:\DI\di\Proyecto\PokeDexManager\Help\Working\BuildTopics.proj]
BuildAssembler : warning : ShowMissingComponent: [P:PokeDexManager.ProyectoPokemonDataSet.CombateHistorialRow.Da&#164;oPokemon2] Missing &lt;summary&gt; documentation [F:\DI\di\Proyecto\PokeDexManager\Help\Working\BuildTopics.proj]
BuildAssembler : warning : ShowMissingComponent: [P:PokeDexManager.ProyectoPokemonDataSet.CombateHistorialRow.ExperienciaGanada] Missing &lt;summary&gt; documentation [F:\DI\di\Proyecto\PokeDexManager\Help\Working\BuildTopics.proj]
BuildAssembler : warning : ShowMissingComponent: [P:PokeDexManager.ProyectoPokemonDataSet.CombateHistorialRow.Fecha] Missing &lt;summary&gt; documentation [F:\DI\di\Proyecto\PokeDexManager\Help\Working\BuildTopics.proj]
BuildAssembler : warning : ShowMissingComponent: [P:PokeDexManager.ProyectoPokemonDataSet.CombateHistorialRow.Ganador] Missing &lt;summary&gt; documentation [F:\DI\di\Proyecto\PokeDexManager\Help\Working\BuildTopics.proj]
BuildAssembler : warning : ShowMissingComponent: [P:PokeDexManager.ProyectoPokemonDataSet.CombateHistorialRow.IdCombate] Missing &lt;summary&gt; documentation [F:\DI\di\Proyecto\PokeDexManager\Help\Working\BuildTopics.proj]
BuildAssembler : warning : ShowMissingComponent: [P:PokeDexManager.ProyectoPokemonDataSet.CombateHistorialRow.IdGanador] Missing &lt;summary&gt; documentation [F:\DI\di\Proyecto\PokeDexManager\Help\Working\BuildTopics.proj]
BuildAssembler : warning : ShowMissingComponent: [P:PokeDexManager.ProyectoPokemonDataSet.CombateHistorialRow.IdPokemon1] Missing &lt;summary&gt; documentation [F:\DI\di\Proyecto\PokeDexManager\Help\Working\BuildTopics.proj]
BuildAssembler : warning : ShowMissingComponent: [P:PokeDexManager.ProyectoPokemonDataSet.CombateHistorialRow.IdPokemon2] Missing &lt;summary&gt; documentation [F:\DI\di\Proyecto\PokeDexManager\Help\Working\BuildTopics.proj]
BuildAssembler : warning : ShowMissingComponent: [P:PokeDexManager.ProyectoPokemonDataSet.CombateHistorialRow.Pokemon1] Missing &lt;summary&gt; documentation [F:\DI\di\Proyecto\PokeDexManager\Help\Working\BuildTopics.proj]
BuildAssembler : warning : ShowMissingComponent: [P:PokeDexManager.ProyectoPokemonDataSet.CombateHistorialRow.Pokemon2] Missing &lt;summary&gt; documentation [F:\DI\di\Proyecto\PokeDexManager\Help\Working\BuildTopics.proj]
BuildAssembler : warning : ShowMissingComponent: [T:PokeDexManager.ProyectoPokemonDataSet.CombateHistorialRowChangeEvent] Missing &lt;summary&gt; documentation [F:\DI\di\Proyecto\PokeDexManager\Help\Working\BuildTopics.proj]
BuildAssembler : warning : ShowMissingComponent: [M:PokeDexManager.ProyectoPokemonDataSet.CombateHistorialRowChangeEvent.#ctor(PokeDexManager.ProyectoPokemonDataSet.CombateHistorialRow,System.Data.DataRowAction)] Missing &lt;param name=&quot;row&quot;/&gt; documentation [F:\DI\di\Proyecto\PokeDexManager\Help\Working\BuildTopics.proj]
BuildAssembler : warning : ShowMissingComponent: [M:PokeDexManager.ProyectoPokemonDataSet.CombateHistorialRowChangeEvent.#ctor(PokeDexManager.ProyectoPokemonDataSet.CombateHistorialRow,System.Data.DataRowAction)] Missing &lt;param name=&quot;action&quot;/&gt; documentation [F:\DI\di\Proyecto\PokeDexManager\Help\Working\BuildTopics.proj]
BuildAssembler : warning : ShowMissingComponent: [P:PokeDexManager.ProyectoPokemonDataSet.CombateHistorialRowChangeEvent.Action] Missing &lt;summary&gt; documentation [F:\DI\di\Proyecto\PokeDexManager\Help\Working\BuildTopics.proj]
BuildAssembler : warning : ShowMissingComponent: [P:PokeDexManager.ProyectoPokemonDataSet.CombateHistorialRowChangeEvent.Row] Missing &lt;summary&gt; documentation [F:\DI\di\Proyecto\PokeDexManager\Help\Working\BuildTopics.proj]
BuildAssembler : warning : ShowMissingComponent: [T:PokeDexManager.ProyectoPokemonDataSet.CombateHistorialRowChangeEventHandler] Missing &lt;summary&gt; documentation [F:\DI\di\Proyecto\PokeDexManager\Help\Working\BuildTopics.proj]
BuildAssembler : warning : ShowMissingComponent: [T:PokeDexManager.ProyectoPokemonDataSet.CombateRow] Missing &lt;summary&gt; documentation [F:\DI\di\Proyecto\PokeDexManager\Help\Working\BuildTopics.proj]
BuildAssembler : warning : ShowMissingComponent: [P:PokeDexManager.ProyectoPokemonDataSet.CombateRow.Da&#164;oPokemon1] Missing &lt;summary&gt; documentation [F:\DI\di\Proyecto\PokeDexManager\Help\Working\BuildTopics.proj]
BuildAssembler : warning : ShowMissingComponent: [P:PokeDexManager.ProyectoPokemonDataSet.CombateRow.Da&#164;oPokemon2] Missing &lt;summary&gt; documentation [F:\DI\di\Proyecto\PokeDexManager\Help\Working\BuildTopics.proj]
BuildAssembler : warning : ShowMissingComponent: [P:PokeDexManager.ProyectoPokemonDataSet.CombateRow.ExperienciaGanada] Missing &lt;summary&gt; documentation [F:\DI\di\Proyecto\PokeDexManager\Help\Working\BuildTopics.proj]
BuildAssembler : warning : ShowMissingComponent: [P:PokeDexManager.ProyectoPokemonDataSet.CombateRow.Fecha] Missing &lt;summary&gt; documentation [F:\DI\di\Proyecto\PokeDexManager\Help\Working\BuildTopics.proj]
BuildAssembler : warning : ShowMissingComponent: [P:PokeDexManager.ProyectoPokemonDataSet.CombateRow.IdCombate] Missing &lt;summary&gt; documentation [F:\DI\di\Proyecto\PokeDexManager\Help\Working\BuildTopics.proj]
BuildAssembler : warning : ShowMissingComponent: [P:PokeDexManager.ProyectoPokemonDataSet.CombateRow.Pokemon1Id] Missing &lt;summary&gt; documentation [F:\DI\di\Proyecto\PokeDexManager\Help\Working\BuildTopics.proj]
BuildAssembler : warning : ShowMissingComponent: [P:PokeDexManager.ProyectoPokemonDataSet.CombateRow.Pokemon2Id] Missing &lt;summary&gt; documentation [F:\DI\di\Proyecto\PokeDexManager\Help\Working\BuildTopics.proj]
BuildAssembler : warning : ShowMissingComponent: [P:PokeDexManager.ProyectoPokemonDataSet.CombateRow.PokemonCombateRowByFK_Combate_Ganador1] Missing &lt;summary&gt; documentation [F:\DI\di\Proyecto\PokeDexManager\Help\Working\BuildTopics.proj]
BuildAssembler : warning : ShowMissingComponent: [P:PokeDexManager.ProyectoPokemonDataSet.CombateRow.PokemonCombateRowByFK_Combate_Pokemon11] Missing &lt;summary&gt; documentation [F:\DI\di\Proyecto\PokeDexManager\Help\Working\BuildTopics.proj]
BuildAssembler : warning : ShowMissingComponent: [P:PokeDexManager.ProyectoPokemonDataSet.CombateRow.PokemonCombateRowByFK_Combate_Pokemon21] Missing &lt;summary&gt; documentation [F:\DI\di\Proyecto\PokeDexManager\Help\Working\BuildTopics.proj]
BuildAssembler : warning : ShowMissingComponent: [P:PokeDexManager.ProyectoPokemonDataSet.CombateRow.PokemonGanadorId] Missing &lt;summary&gt; documentation [F:\DI\di\Proyecto\PokeDexManager\Help\Working\BuildTopics.proj]
BuildAssembler : warning : ShowMissingComponent: [P:PokeDexManager.ProyectoPokemonDataSet.CombateRow.PokemonRowByFK_Combate_Ganador] Missing &lt;summary&gt; documentation [F:\DI\di\Proyecto\PokeDexManager\Help\Working\BuildTopics.proj]
BuildAssembler : warning : ShowMissingComponent: [P:PokeDexManager.ProyectoPokemonDataSet.CombateRow.PokemonRowByFK_Combate_Pokemon1] Missing &lt;summary&gt; documentation [F:\DI\di\Proyecto\PokeDexManager\Help\Working\BuildTopics.proj]
BuildAssembler : warning : ShowMissingComponent: [P:PokeDexManager.ProyectoPokemonDataSet.CombateRow.PokemonRowByFK_Combate_Pokemon2] Missing &lt;summary&gt; documentation [F:\DI\di\Proyecto\PokeDexManager\Help\Working\BuildTopics.proj]
BuildAssembler : warning : ShowMissingComponent: [T:PokeDexManager.ProyectoPokemonDataSet.CombateRowChangeEvent] Missing &lt;summary&gt; documentation [F:\DI\di\Proyecto\PokeDexManager\Help\Working\BuildTopics.proj]
BuildAssembler : warning : ShowMissingComponent: [M:PokeDexManager.ProyectoPokemonDataSet.CombateRowChangeEvent.#ctor(PokeDexManager.ProyectoPokemonDataSet.CombateRow,System.Data.DataRowAction)] Missing &lt;param name=&quot;row&quot;/&gt; documentation [F:\DI\di\Proyecto\PokeDexManager\Help\Working\BuildTopics.proj]
BuildAssembler : warning : ShowMissingComponent: [M:PokeDexManager.ProyectoPokemonDataSet.CombateRowChangeEvent.#ctor(PokeDexManager.ProyectoPokemonDataSet.CombateRow,System.Data.DataRowAction)] Missing &lt;param name=&quot;action&quot;/&gt; documentation [F:\DI\di\Proyecto\PokeDexManager\Help\Working\BuildTopics.proj]
BuildAssembler : warning : ShowMissingComponent: [P:PokeDexManager.ProyectoPokemonDataSet.CombateRowChangeEvent.Action] Missing &lt;summary&gt; documentation [F:\DI\di\Proyecto\PokeDexManager\Help\Working\BuildTopics.proj]
BuildAssembler : warning : ShowMissingComponent: [P:PokeDexManager.ProyectoPokemonDataSet.CombateRowChangeEvent.Row] Missing &lt;summary&gt; documentation [F:\DI\di\Proyecto\PokeDexManager\Help\Working\BuildTopics.proj]
BuildAssembler : warning : ShowMissingComponent: [T:PokeDexManager.ProyectoPokemonDataSet.CombateRowChangeEventHandler] Missing &lt;summary&gt; documentation [F:\DI\di\Proyecto\PokeDexManager\Help\Working\BuildTopics.proj]
BuildAssembler : warning : ShowMissingComponent: [T:PokeDexManager.ProyectoPokemonDataSet.EspecieDataTable] Missing &lt;summary&gt; documentation [F:\DI\di\Proyecto\PokeDexManager\Help\Working\BuildTopics.proj]
BuildAssembler : warning : ShowMissingComponent: [M:PokeDexManager.ProyectoPokemonDataSet.EspecieDataTable.#ctor(System.Runtime.Serialization.SerializationInfo,System.Runtime.Serialization.StreamingContext)] Missing &lt;param name=&quot;info&quot;/&gt; documentation [F:\DI\di\Proyecto\PokeDexManager\Help\Working\BuildTopics.proj]
BuildAssembler : warning : ShowMissingComponent: [M:PokeDexManager.ProyectoPokemonDataSet.EspecieDataTable.#ctor(System.Runtime.Serialization.SerializationInfo,System.Runtime.Serialization.StreamingContext)] Missing &lt;param name=&quot;context&quot;/&gt; documentation [F:\DI\di\Proyecto\PokeDexManager\Help\Working\BuildTopics.proj]
BuildAssembler : warning : ShowMissingComponent: [M:PokeDexManager.ProyectoPokemonDataSet.EspecieDataTable.AddEspecieRow(PokeDexManager.ProyectoPokemonDataSet.EspecieRow)] Missing &lt;summary&gt; documentation [F:\DI\di\Proyecto\PokeDexManager\Help\Working\BuildTopics.proj]
BuildAssembler : warning : ShowMissingComponent: [M:PokeDexManager.ProyectoPokemonDataSet.EspecieDataTable.AddEspecieRow(PokeDexManager.ProyectoPokemonDataSet.EspecieRow)] Missing &lt;param name=&quot;row&quot;/&gt; documentation [F:\DI\di\Proyecto\PokeDexManager\Help\Working\BuildTopics.proj]
BuildAssembler : warning : ShowMissingComponent: [M:PokeDexManager.ProyectoPokemonDataSet.EspecieDataTable.AddEspecieRow(System.Int32,System.String,PokeDexManager.ProyectoPokemonDataSet.TipoRow,System.String)] Missing &lt;summary&gt; documentation [F:\DI\di\Proyecto\PokeDexManager\Help\Working\BuildTopics.proj]
BuildAssembler : warning : ShowMissingComponent: [M:PokeDexManager.ProyectoPokemonDataSet.EspecieDataTable.AddEspecieRow(System.Int32,System.String,PokeDexManager.ProyectoPokemonDataSet.TipoRow,System.String)] Missing &lt;returns&gt; documentation [F:\DI\di\Proyecto\PokeDexManager\Help\Working\BuildTopics.proj]
BuildAssembler : warning : ShowMissingComponent: [M:PokeDexManager.ProyectoPokemonDataSet.EspecieDataTable.AddEspecieRow(System.Int32,System.String,PokeDexManager.ProyectoPokemonDataSet.TipoRow,System.String)] Missing &lt;param name=&quot;NumeroPokedex&quot;/&gt; documentation [F:\DI\di\Proyecto\PokeDexManager\Help\Working\BuildTopics.proj]
BuildAssembler : warning : ShowMissingComponent: [M:PokeDexManager.ProyectoPokemonDataSet.EspecieDataTable.AddEspecieRow(System.Int32,System.String,PokeDexManager.ProyectoPokemonDataSet.TipoRow,System.String)] Missing &lt;param name=&quot;Nombre&quot;/&gt; documentation [F:\DI\di\Proyecto\PokeDexManager\Help\Working\BuildTopics.proj]
BuildAssembler : warning : ShowMissingComponent: [M:PokeDexManager.ProyectoPokemonDataSet.EspecieDataTable.AddEspecieRow(System.Int32,System.String,PokeDexManager.ProyectoPokemonDataSet.TipoRow,System.String)] Missing &lt;param name=&quot;parentTipoRowByFK_Especie_Tipo&quot;/&gt; documentation [F:\DI\di\Proyecto\PokeDexManager\Help\Working\BuildTopics.proj]
BuildAssembler : warning : ShowMissingComponent: [M:PokeDexManager.ProyectoPokemonDataSet.EspecieDataTable.AddEspecieRow(System.Int32,System.String,PokeDexManager.ProyectoPokemonDataSet.TipoRow,System.String)] Missing &lt;param name=&quot;Descripcion&quot;/&gt; documentation [F:\DI\di\Proyecto\PokeDexManager\Help\Working\BuildTopics.proj]
BuildAssembler : warning : ShowMissingComponent: [M:PokeDexManager.ProyectoPokemonDataSet.EspecieDataTable.Clone] Missing &lt;summary&gt; documentation [F:\DI\di\Proyecto\PokeDexManager\Help\Working\BuildTopics.proj]
BuildAssembler : warning : ShowMissingComponent: [M:PokeDexManager.ProyectoPokemonDataSet.EspecieDataTable.Clone] Missing &lt;returns&gt; documentation [F:\DI\di\Proyecto\PokeDexManager\Help\Working\BuildTopics.proj]
BuildAssembler : warning : ShowMissingComponent: [P:PokeDexManager.ProyectoPokemonDataSet.EspecieDataTable.Count] Missing &lt;summary&gt; documentation [F:\DI\di\Proyecto\PokeDexManager\Help\Working\BuildTopics.proj]
BuildAssembler : warning : ShowMissingComponent: [M:PokeDexManager.ProyectoPokemonDataSet.EspecieDataTable.CreateInstance] Missing &lt;summary&gt; documentation [F:\DI\di\Proyecto\PokeDexManager\Help\Working\BuildTopics.proj]
BuildAssembler : warning : ShowMissingComponent: [M:PokeDexManager.ProyectoPokemonDataSet.EspecieDataTable.CreateInstance] Missing &lt;returns&gt; documentation [F:\DI\di\Proyecto\PokeDexManager\Help\Working\BuildTopics.proj]
BuildAssembler : warning : ShowMissingComponent: [P:PokeDexManager.ProyectoPokemonDataSet.EspecieDataTable.DescripcionColumn] Missing &lt;summary&gt; documentation [F:\DI\di\Proyecto\PokeDexManager\Help\Working\BuildTopics.proj]
BuildAssembler : warning : ShowMissingComponent: [E:PokeDexManager.ProyectoPokemonDataSet.EspecieDataTable.EspecieRowChanged] Missing &lt;summary&gt; documentation [F:\DI\di\Proyecto\PokeDexManager\Help\Working\BuildTopics.proj]
BuildAssembler : warning : ShowMissingComponent: [E:PokeDexManager.ProyectoPokemonDataSet.EspecieDataTable.EspecieRowChanging] Missing &lt;summary&gt; documentation [F:\DI\di\Proyecto\PokeDexManager\Help\Working\BuildTopics.proj]
BuildAssembler : warning : ShowMissingComponent: [E:PokeDexManager.ProyectoPokemonDataSet.EspecieDataTable.EspecieRowDeleted] Missing &lt;summary&gt; documentation [F:\DI\di\Proyecto\PokeDexManager\Help\Working\BuildTopics.proj]
BuildAssembler : warning : ShowMissingComponent: [E:PokeDexManager.ProyectoPokemonDataSet.EspecieDataTable.EspecieRowDeleting] Missing &lt;summary&gt; documentation [F:\DI\di\Proyecto\PokeDexManager\Help\Working\BuildTopics.proj]
BuildAssembler : warning : ShowMissingComponent: [M:PokeDexManager.ProyectoPokemonDataSet.EspecieDataTable.FindByIdEspecie(System.Int32)] Missing &lt;summary&gt; documentation [F:\DI\di\Proyecto\PokeDexManager\Help\Working\BuildTopics.proj]
BuildAssembler : warning : ShowMissingComponent: [M:PokeDexManager.ProyectoPokemonDataSet.EspecieDataTable.FindByIdEspecie(System.Int32)] Missing &lt;returns&gt; documentation [F:\DI\di\Proyecto\PokeDexManager\Help\Working\BuildTopics.proj]
BuildAssembler : warning : ShowMissingComponent: [M:PokeDexManager.ProyectoPokemonDataSet.EspecieDataTable.FindByIdEspecie(System.Int32)] Missing &lt;param name=&quot;IdEspecie&quot;/&gt; documentation [F:\DI\di\Proyecto\PokeDexManager\Help\Working\BuildTopics.proj]
BuildAssembler : warning : ShowMissingComponent: [M:PokeDexManager.ProyectoPokemonDataSet.EspecieDataTable.GetRowType] Missing &lt;summary&gt; documentation [F:\DI\di\Proyecto\PokeDexManager\Help\Working\BuildTopics.proj]
BuildAssembler : warning : ShowMissingComponent: [M:PokeDexManager.ProyectoPokemonDataSet.EspecieDataTable.GetRowType] Missing &lt;returns&gt; documentation [F:\DI\di\Proyecto\PokeDexManager\Help\Working\BuildTopics.proj]
BuildAssembler : warning : ShowMissingComponent: [M:PokeDexManager.ProyectoPokemonDataSet.EspecieDataTable.GetTypedTableSchema(System.Xml.Schema.XmlSchemaSet)] Missing &lt;summary&gt; documentation [F:\DI\di\Proyecto\PokeDexManager\Help\Working\BuildTopics.proj]
BuildAssembler : warning : ShowMissingComponent: [M:PokeDexManager.ProyectoPokemonDataSet.EspecieDataTable.GetTypedTableSchema(System.Xml.Schema.XmlSchemaSet)] Missing &lt;returns&gt; documentation [F:\DI\di\Proyecto\PokeDexManager\Help\Working\BuildTopics.proj]
BuildAssembler : warning : ShowMissingComponent: [M:PokeDexManager.ProyectoPokemonDataSet.EspecieDataTable.GetTypedTableSchema(System.Xml.Schema.XmlSchemaSet)] Missing &lt;param name=&quot;xs&quot;/&gt; documentation [F:\DI\di\Proyecto\PokeDexManager\Help\Working\BuildTopics.proj]
BuildAssembler : warning : ShowMissingComponent: [P:PokeDexManager.ProyectoPokemonDataSet.EspecieDataTable.IdEspecieColumn] Missing &lt;summary&gt; documentation [F:\DI\di\Proyecto\PokeDexManager\Help\Working\BuildTopics.proj]
BuildAssembler : warning : ShowMissingComponent: [P:PokeDexManager.ProyectoPokemonDataSet.EspecieDataTable.Item(System.Int32)] Missing &lt;summary&gt; documentation [F:\DI\di\Proyecto\PokeDexManager\Help\Working\BuildTopics.proj]
BuildAssembler : warning : ShowMissingComponent: [M:PokeDexManager.ProyectoPokemonDataSet.EspecieDataTable.NewEspecieRow] Missing &lt;summary&gt; documentation [F:\DI\di\Proyecto\PokeDexManager\Help\Working\BuildTopics.proj]
BuildAssembler : warning : ShowMissingComponent: [M:PokeDexManager.ProyectoPokemonDataSet.EspecieDataTable.NewEspecieRow] Missing &lt;returns&gt; documentation [F:\DI\di\Proyecto\PokeDexManager\Help\Working\BuildTopics.proj]
BuildAssembler : warning : ShowMissingComponent: [M:PokeDexManager.ProyectoPokemonDataSet.EspecieDataTable.NewRowFromBuilder(System.Data.DataRowBuilder)] Missing &lt;summary&gt; documentation [F:\DI\di\Proyecto\PokeDexManager\Help\Working\BuildTopics.proj]
BuildAssembler : warning : ShowMissingComponent: [M:PokeDexManager.ProyectoPokemonDataSet.EspecieDataTable.NewRowFromBuilder(System.Data.DataRowBuilder)] Missing &lt;returns&gt; documentation [F:\DI\di\Proyecto\PokeDexManager\Help\Working\BuildTopics.proj]
BuildAssembler : warning : ShowMissingComponent: [M:PokeDexManager.ProyectoPokemonDataSet.EspecieDataTable.NewRowFromBuilder(System.Data.DataRowBuilder)] Missing &lt;param name=&quot;builder&quot;/&gt; documentation [F:\DI\di\Proyecto\PokeDexManager\Help\Working\BuildTopics.proj]
BuildAssembler : warning : ShowMissingComponent: [P:PokeDexManager.ProyectoPokemonDataSet.EspecieDataTable.NombreColumn] Missing &lt;summary&gt; documentation [F:\DI\di\Proyecto\PokeDexManager\Help\Working\BuildTopics.proj]
BuildAssembler : warning : ShowMissingComponent: [P:PokeDexManager.ProyectoPokemonDataSet.EspecieDataTable.NumeroPokedexColumn] Missing &lt;summary&gt; documentation [F:\DI\di\Proyecto\PokeDexManager\Help\Working\BuildTopics.proj]
BuildAssembler : warning : ShowMissingComponent: [M:PokeDexManager.ProyectoPokemonDataSet.EspecieDataTable.OnRowChanged(System.Data.DataRowChangeEventArgs)] Missing &lt;summary&gt; documentation [F:\DI\di\Proyecto\PokeDexManager\Help\Working\BuildTopics.proj]
BuildAssembler : warning : ShowMissingComponent: [M:PokeDexManager.ProyectoPokemonDataSet.EspecieDataTable.OnRowChanged(System.Data.DataRowChangeEventArgs)] Missing &lt;param name=&quot;e&quot;/&gt; documentation [F:\DI\di\Proyecto\PokeDexManager\Help\Working\BuildTopics.proj]
BuildAssembler : warning : ShowMissingComponent: [M:PokeDexManager.ProyectoPokemonDataSet.EspecieDataTable.OnRowChanging(System.Data.DataRowChangeEventArgs)] Missing &lt;summary&gt; documentation [F:\DI\di\Proyecto\PokeDexManager\Help\Working\BuildTopics.proj]
BuildAssembler : warning : ShowMissingComponent: [M:PokeDexManager.ProyectoPokemonDataSet.EspecieDataTable.OnRowChanging(System.Data.DataRowChangeEventArgs)] Missing &lt;param name=&quot;e&quot;/&gt; documentation [F:\DI\di\Proyecto\PokeDexManager\Help\Working\BuildTopics.proj]
BuildAssembler : warning : ShowMissingComponent: [M:PokeDexManager.ProyectoPokemonDataSet.EspecieDataTable.OnRowDeleted(System.Data.DataRowChangeEventArgs)] Missing &lt;summary&gt; documentation [F:\DI\di\Proyecto\PokeDexManager\Help\Working\BuildTopics.proj]
BuildAssembler : warning : ShowMissingComponent: [M:PokeDexManager.ProyectoPokemonDataSet.EspecieDataTable.OnRowDeleted(System.Data.DataRowChangeEventArgs)] Missing &lt;param name=&quot;e&quot;/&gt; documentation [F:\DI\di\Proyecto\PokeDexManager\Help\Working\BuildTopics.proj]
BuildAssembler : warning : ShowMissingComponent: [M:PokeDexManager.ProyectoPokemonDataSet.EspecieDataTable.OnRowDeleting(System.Data.DataRowChangeEventArgs)] Missing &lt;summary&gt; documentation [F:\DI\di\Proyecto\PokeDexManager\Help\Working\BuildTopics.proj]
BuildAssembler : warning : ShowMissingComponent: [M:PokeDexManager.ProyectoPokemonDataSet.EspecieDataTable.OnRowDeleting(System.Data.DataRowChangeEventArgs)] Missing &lt;param name=&quot;e&quot;/&gt; documentation [F:\DI\di\Proyecto\PokeDexManager\Help\Working\BuildTopics.proj]
BuildAssembler : warning : ShowMissingComponent: [M:PokeDexManager.ProyectoPokemonDataSet.EspecieDataTable.RemoveEspecieRow(PokeDexManager.ProyectoPokemonDataSet.EspecieRow)] Missing &lt;summary&gt; documentation [F:\DI\di\Proyecto\PokeDexManager\Help\Working\BuildTopics.proj]
BuildAssembler : warning : ShowMissingComponent: [M:PokeDexManager.ProyectoPokemonDataSet.EspecieDataTable.RemoveEspecieRow(PokeDexManager.ProyectoPokemonDataSet.EspecieRow)] Missing &lt;param name=&quot;row&quot;/&gt; documentation [F:\DI\di\Proyecto\PokeDexManager\Help\Working\BuildTopics.proj]
BuildAssembler : warning : ShowMissingComponent: [P:PokeDexManager.ProyectoPokemonDataSet.EspecieDataTable.TipoIdColumn] Missing &lt;summary&gt; documentation [F:\DI\di\Proyecto\PokeDexManager\Help\Working\BuildTopics.proj]
BuildAssembler : warning : ShowMissingComponent: [T:PokeDexManager.ProyectoPokemonDataSet.EspecieRow] Missing &lt;summary&gt; documentation [F:\DI\di\Proyecto\PokeDexManager\Help\Working\BuildTopics.proj]
BuildAssembler : warning : ShowMissingComponent: [P:PokeDexManager.ProyectoPokemonDataSet.EspecieRow.Descripcion] Missing &lt;summary&gt; documentation [F:\DI\di\Proyecto\PokeDexManager\Help\Working\BuildTopics.proj]
BuildAssembler : warning : ShowMissingComponent: [M:PokeDexManager.ProyectoPokemonDataSet.EspecieRow.GetPokemonRows] Missing &lt;summary&gt; documentation [F:\DI\di\Proyecto\PokeDexManager\Help\Working\BuildTopics.proj]
BuildAssembler : warning : ShowMissingComponent: [M:PokeDexManager.ProyectoPokemonDataSet.EspecieRow.GetPokemonRows] Missing &lt;returns&gt; documentation [F:\DI\di\Proyecto\PokeDexManager\Help\Working\BuildTopics.proj]
BuildAssembler : warning : ShowMissingComponent: [P:PokeDexManager.ProyectoPokemonDataSet.EspecieRow.IdEspecie] Missing &lt;summary&gt; documentation [F:\DI\di\Proyecto\PokeDexManager\Help\Working\BuildTopics.proj]
BuildAssembler : warning : ShowMissingComponent: [M:PokeDexManager.ProyectoPokemonDataSet.EspecieRow.IsDescripcionNull] Missing &lt;summary&gt; documentation [F:\DI\di\Proyecto\PokeDexManager\Help\Working\BuildTopics.proj]
BuildAssembler : warning : ShowMissingComponent: [M:PokeDexManager.ProyectoPokemonDataSet.EspecieRow.IsDescripcionNull] Missing &lt;returns&gt; documentation [F:\DI\di\Proyecto\PokeDexManager\Help\Working\BuildTopics.proj]
BuildAssembler : warning : ShowMissingComponent: [P:PokeDexManager.ProyectoPokemonDataSet.EspecieRow.Nombre] Missing &lt;summary&gt; documentation [F:\DI\di\Proyecto\PokeDexManager\Help\Working\BuildTopics.proj]
BuildAssembler : warning : ShowMissingComponent: [P:PokeDexManager.ProyectoPokemonDataSet.EspecieRow.NumeroPokedex] Missing &lt;summary&gt; documentation [F:\DI\di\Proyecto\PokeDexManager\Help\Working\BuildTopics.proj]
BuildAssembler : warning : ShowMissingComponent: [M:PokeDexManager.ProyectoPokemonDataSet.EspecieRow.SetDescripcionNull] Missing &lt;summary&gt; documentation [F:\DI\di\Proyecto\PokeDexManager\Help\Working\BuildTopics.proj]
BuildAssembler : warning : ShowMissingComponent: [P:PokeDexManager.ProyectoPokemonDataSet.EspecieRow.TipoId] Missing &lt;summary&gt; documentation [F:\DI\di\Proyecto\PokeDexManager\Help\Working\BuildTopics.proj]
BuildAssembler : warning : ShowMissingComponent: [P:PokeDexManager.ProyectoPokemonDataSet.EspecieRow.TipoRow] Missing &lt;summary&gt; documentation [F:\DI\di\Proyecto\PokeDexManager\Help\Working\BuildTopics.proj]
BuildAssembler : warning : ShowMissingComponent: [T:PokeDexManager.ProyectoPokemonDataSet.EspecieRowChangeEvent] Missing &lt;summary&gt; documentation [F:\DI\di\Proyecto\PokeDexManager\Help\Working\BuildTopics.proj]
BuildAssembler : warning : ShowMissingComponent: [M:PokeDexManager.ProyectoPokemonDataSet.EspecieRowChangeEvent.#ctor(PokeDexManager.ProyectoPokemonDataSet.EspecieRow,System.Data.DataRowAction)] Missing &lt;param name=&quot;row&quot;/&gt; documentation [F:\DI\di\Proyecto\PokeDexManager\Help\Working\BuildTopics.proj]
BuildAssembler : warning : ShowMissingComponent: [M:PokeDexManager.ProyectoPokemonDataSet.EspecieRowChangeEvent.#ctor(PokeDexManager.ProyectoPokemonDataSet.EspecieRow,System.Data.DataRowAction)] Missing &lt;param name=&quot;action&quot;/&gt; documentation [F:\DI\di\Proyecto\PokeDexManager\Help\Working\BuildTopics.proj]
BuildAssembler : warning : ShowMissingComponent: [P:PokeDexManager.ProyectoPokemonDataSet.EspecieRowChangeEvent.Action] Missing &lt;summary&gt; documentation [F:\DI\di\Proyecto\PokeDexManager\Help\Working\BuildTopics.proj]
BuildAssembler : warning : ShowMissingComponent: [P:PokeDexManager.ProyectoPokemonDataSet.EspecieRowChangeEvent.Row] Missing &lt;summary&gt; documentation [F:\DI\di\Proyecto\PokeDexManager\Help\Working\BuildTopics.proj]
BuildAssembler : warning : ShowMissingComponent: [T:PokeDexManager.ProyectoPokemonDataSet.EspecieRowChangeEventHandler] Missing &lt;summary&gt; documentation [F:\DI\di\Proyecto\PokeDexManager\Help\Working\BuildTopics.proj]
BuildAssembler : warning : ShowMissingComponent: [T:PokeDexManager.ProyectoPokemonDataSet.PokemonCombateDataTable] Missing &lt;summary&gt; documentation [F:\DI\di\Proyecto\PokeDexManager\Help\Working\BuildTopics.proj]
BuildAssembler : warning : ShowMissingComponent: [M:PokeDexManager.ProyectoPokemonDataSet.PokemonCombateDataTable.#ctor(System.Runtime.Serialization.SerializationInfo,System.Runtime.Serialization.StreamingContext)] Missing &lt;param name=&quot;info&quot;/&gt; documentation [F:\DI\di\Proyecto\PokeDexManager\Help\Working\BuildTopics.proj]
BuildAssembler : warning : ShowMissingComponent: [M:PokeDexManager.ProyectoPokemonDataSet.PokemonCombateDataTable.#ctor(System.Runtime.Serialization.SerializationInfo,System.Runtime.Serialization.StreamingContext)] Missing &lt;param name=&quot;context&quot;/&gt; documentation [F:\DI\di\Proyecto\PokeDexManager\Help\Working\BuildTopics.proj]
BuildAssembler : warning : ShowMissingComponent: [M:PokeDexManager.ProyectoPokemonDataSet.PokemonCombateDataTable.AddPokemonCombateRow(PokeDexManager.ProyectoPokemonDataSet.PokemonCombateRow)] Missing &lt;summary&gt; documentation [F:\DI\di\Proyecto\PokeDexManager\Help\Working\BuildTopics.proj]
BuildAssembler : warning : ShowMissingComponent: [M:PokeDexManager.ProyectoPokemonDataSet.PokemonCombateDataTable.AddPokemonCombateRow(PokeDexManager.ProyectoPokemonDataSet.PokemonCombateRow)] Missing &lt;param name=&quot;row&quot;/&gt; documentation [F:\DI\di\Proyecto\PokeDexManager\Help\Working\BuildTopics.proj]
BuildAssembler : warning : ShowMissingComponent: [M:PokeDexManager.ProyectoPokemonDataSet.PokemonCombateDataTable.AddPokemonCombateRow(System.Int32,System.Int32,System.Int32,System.String)] Missing &lt;summary&gt; documentation [F:\DI\di\Proyecto\PokeDexManager\Help\Working\BuildTopics.proj]
BuildAssembler : warning : ShowMissingComponent: [M:PokeDexManager.ProyectoPokemonDataSet.PokemonCombateDataTable.AddPokemonCombateRow(System.Int32,System.Int32,System.Int32,System.String)] Missing &lt;returns&gt; documentation [F:\DI\di\Proyecto\PokeDexManager\Help\Working\BuildTopics.proj]
BuildAssembler : warning : ShowMissingComponent: [M:PokeDexManager.ProyectoPokemonDataSet.PokemonCombateDataTable.AddPokemonCombateRow(System.Int32,System.Int32,System.Int32,System.String)] Missing &lt;param name=&quot;Salud&quot;/&gt; documentation [F:\DI\di\Proyecto\PokeDexManager\Help\Working\BuildTopics.proj]
BuildAssembler : warning : ShowMissingComponent: [M:PokeDexManager.ProyectoPokemonDataSet.PokemonCombateDataTable.AddPokemonCombateRow(System.Int32,System.Int32,System.Int32,System.String)] Missing &lt;param name=&quot;Ataque&quot;/&gt; documentation [F:\DI\di\Proyecto\PokeDexManager\Help\Working\BuildTopics.proj]
BuildAssembler : warning : ShowMissingComponent: [M:PokeDexManager.ProyectoPokemonDataSet.PokemonCombateDataTable.AddPokemonCombateRow(System.Int32,System.Int32,System.Int32,System.String)] Missing &lt;param name=&quot;Defensa&quot;/&gt; documentation [F:\DI\di\Proyecto\PokeDexManager\Help\Working\BuildTopics.proj]
BuildAssembler : warning : ShowMissingComponent: [M:PokeDexManager.ProyectoPokemonDataSet.PokemonCombateDataTable.AddPokemonCombateRow(System.Int32,System.Int32,System.Int32,System.String)] Missing &lt;param name=&quot;Nombre&quot;/&gt; documentation [F:\DI\di\Proyecto\PokeDexManager\Help\Working\BuildTopics.proj]
BuildAssembler : warning : ShowMissingComponent: [P:PokeDexManager.ProyectoPokemonDataSet.PokemonCombateDataTable.AtaqueColumn] Missing &lt;summary&gt; documentation [F:\DI\di\Proyecto\PokeDexManager\Help\Working\BuildTopics.proj]
BuildAssembler : warning : ShowMissingComponent: [M:PokeDexManager.ProyectoPokemonDataSet.PokemonCombateDataTable.Clone] Missing &lt;summary&gt; documentation [F:\DI\di\Proyecto\PokeDexManager\Help\Working\BuildTopics.proj]
BuildAssembler : warning : ShowMissingComponent: [M:PokeDexManager.ProyectoPokemonDataSet.PokemonCombateDataTable.Clone] Missing &lt;returns&gt; documentation [F:\DI\di\Proyecto\PokeDexManager\Help\Working\BuildTopics.proj]
BuildAssembler : warning : ShowMissingComponent: [P:PokeDexManager.ProyectoPokemonDataSet.PokemonCombateDataTable.Count] Missing &lt;summary&gt; documentation [F:\DI\di\Proyecto\PokeDexManager\Help\Working\BuildTopics.proj]
BuildAssembler : warning : ShowMissingComponent: [M:PokeDexManager.ProyectoPokemonDataSet.PokemonCombateDataTable.CreateInstance] Missing &lt;summary&gt; documentation [F:\DI\di\Proyecto\PokeDexManager\Help\Working\BuildTopics.proj]
BuildAssembler : warning : ShowMissingComponent: [M:PokeDexManager.ProyectoPokemonDataSet.PokemonCombateDataTable.CreateInstance] Missing &lt;returns&gt; documentation [F:\DI\di\Proyecto\PokeDexManager\Help\Working\BuildTopics.proj]
BuildAssembler : warning : ShowMissingComponent: [P:PokeDexManager.ProyectoPokemonDataSet.PokemonCombateDataTable.DefensaColumn] Missing &lt;summary&gt; documentation [F:\DI\di\Proyecto\PokeDexManager\Help\Working\BuildTopics.proj]
BuildAssembler : warning : ShowMissingComponent: [M:PokeDexManager.ProyectoPokemonDataSet.PokemonCombateDataTable.FindByIdPokemon(System.Int32)] Missing &lt;summary&gt; documentation [F:\DI\di\Proyecto\PokeDexManager\Help\Working\BuildTopics.proj]
BuildAssembler : warning : ShowMissingComponent: [M:PokeDexManager.ProyectoPokemonDataSet.PokemonCombateDataTable.FindByIdPokemon(System.Int32)] Missing &lt;returns&gt; documentation [F:\DI\di\Proyecto\PokeDexManager\Help\Working\BuildTopics.proj]
BuildAssembler : warning : ShowMissingComponent: [M:PokeDexManager.ProyectoPokemonDataSet.PokemonCombateDataTable.FindByIdPokemon(System.Int32)] Missing &lt;param name=&quot;IdPokemon&quot;/&gt; documentation [F:\DI\di\Proyecto\PokeDexManager\Help\Working\BuildTopics.proj]
BuildAssembler : warning : ShowMissingComponent: [M:PokeDexManager.ProyectoPokemonDataSet.PokemonCombateDataTable.GetRowType] Missing &lt;summary&gt; documentation [F:\DI\di\Proyecto\PokeDexManager\Help\Working\BuildTopics.proj]
BuildAssembler : warning : ShowMissingComponent: [M:PokeDexManager.ProyectoPokemonDataSet.PokemonCombateDataTable.GetRowType] Missing &lt;returns&gt; documentation [F:\DI\di\Proyecto\PokeDexManager\Help\Working\BuildTopics.proj]
BuildAssembler : warning : ShowMissingComponent: [M:PokeDexManager.ProyectoPokemonDataSet.PokemonCombateDataTable.GetTypedTableSchema(System.Xml.Schema.XmlSchemaSet)] Missing &lt;summary&gt; documentation [F:\DI\di\Proyecto\PokeDexManager\Help\Working\BuildTopics.proj]
BuildAssembler : warning : ShowMissingComponent: [M:PokeDexManager.ProyectoPokemonDataSet.PokemonCombateDataTable.GetTypedTableSchema(System.Xml.Schema.XmlSchemaSet)] Missing &lt;returns&gt; documentation [F:\DI\di\Proyecto\PokeDexManager\Help\Working\BuildTopics.proj]
BuildAssembler : warning : ShowMissingComponent: [M:PokeDexManager.ProyectoPokemonDataSet.PokemonCombateDataTable.GetTypedTableSchema(System.Xml.Schema.XmlSchemaSet)] Missing &lt;param name=&quot;xs&quot;/&gt; documentation [F:\DI\di\Proyecto\PokeDexManager\Help\Working\BuildTopics.proj]
BuildAssembler : warning : ShowMissingComponent: [P:PokeDexManager.ProyectoPokemonDataSet.PokemonCombateDataTable.IdPokemonColumn] Missing &lt;summary&gt; documentation [F:\DI\di\Proyecto\PokeDexManager\Help\Working\BuildTopics.proj]
BuildAssembler : warning : ShowMissingComponent: [P:PokeDexManager.ProyectoPokemonDataSet.PokemonCombateDataTable.Item(System.Int32)] Missing &lt;summary&gt; documentation [F:\DI\di\Proyecto\PokeDexManager\Help\Working\BuildTopics.proj]
BuildAssembler : warning : ShowMissingComponent: [M:PokeDexManager.ProyectoPokemonDataSet.PokemonCombateDataTable.NewPokemonCombateRow] Missing &lt;summary&gt; documentation [F:\DI\di\Proyecto\PokeDexManager\Help\Working\BuildTopics.proj]
BuildAssembler : warning : ShowMissingComponent: [M:PokeDexManager.ProyectoPokemonDataSet.PokemonCombateDataTable.NewPokemonCombateRow] Missing &lt;returns&gt; documentation [F:\DI\di\Proyecto\PokeDexManager\Help\Working\BuildTopics.proj]
BuildAssembler : warning : ShowMissingComponent: [M:PokeDexManager.ProyectoPokemonDataSet.PokemonCombateDataTable.NewRowFromBuilder(System.Data.DataRowBuilder)] Missing &lt;summary&gt; documentation [F:\DI\di\Proyecto\PokeDexManager\Help\Working\BuildTopics.proj]
BuildAssembler : warning : ShowMissingComponent: [M:PokeDexManager.ProyectoPokemonDataSet.PokemonCombateDataTable.NewRowFromBuilder(System.Data.DataRowBuilder)] Missing &lt;returns&gt; documentation [F:\DI\di\Proyecto\PokeDexManager\Help\Working\BuildTopics.proj]
BuildAssembler : warning : ShowMissingComponent: [M:PokeDexManager.ProyectoPokemonDataSet.PokemonCombateDataTable.NewRowFromBuilder(System.Data.DataRowBuilder)] Missing &lt;param name=&quot;builder&quot;/&gt; documentation [F:\DI\di\Proyecto\PokeDexManager\Help\Working\BuildTopics.proj]
BuildAssembler : warning : ShowMissingComponent: [P:PokeDexManager.ProyectoPokemonDataSet.PokemonCombateDataTable.NombreColumn] Missing &lt;summary&gt; documentation [F:\DI\di\Proyecto\PokeDexManager\Help\Working\BuildTopics.proj]
BuildAssembler : warning : ShowMissingComponent: [M:PokeDexManager.ProyectoPokemonDataSet.PokemonCombateDataTable.OnRowChanged(System.Data.DataRowChangeEventArgs)] Missing &lt;summary&gt; documentation [F:\DI\di\Proyecto\PokeDexManager\Help\Working\BuildTopics.proj]
BuildAssembler : warning : ShowMissingComponent: [M:PokeDexManager.ProyectoPokemonDataSet.PokemonCombateDataTable.OnRowChanged(System.Data.DataRowChangeEventArgs)] Missing &lt;param name=&quot;e&quot;/&gt; documentation [F:\DI\di\Proyecto\PokeDexManager\Help\Working\BuildTopics.proj]
BuildAssembler : warning : ShowMissingComponent: [M:PokeDexManager.ProyectoPokemonDataSet.PokemonCombateDataTable.OnRowChanging(System.Data.DataRowChangeEventArgs)] Missing &lt;summary&gt; documentation [F:\DI\di\Proyecto\PokeDexManager\Help\Working\BuildTopics.proj]
BuildAssembler : warning : ShowMissingComponent: [M:PokeDexManager.ProyectoPokemonDataSet.PokemonCombateDataTable.OnRowChanging(System.Data.DataRowChangeEventArgs)] Missing &lt;param name=&quot;e&quot;/&gt; documentation [F:\DI\di\Proyecto\PokeDexManager\Help\Working\BuildTopics.proj]
BuildAssembler : warning : ShowMissingComponent: [M:PokeDexManager.ProyectoPokemonDataSet.PokemonCombateDataTable.OnRowDeleted(System.Data.DataRowChangeEventArgs)] Missing &lt;summary&gt; documentation [F:\DI\di\Proyecto\PokeDexManager\Help\Working\BuildTopics.proj]
BuildAssembler : warning : ShowMissingComponent: [M:PokeDexManager.ProyectoPokemonDataSet.PokemonCombateDataTable.OnRowDeleted(System.Data.DataRowChangeEventArgs)] Missing &lt;param name=&quot;e&quot;/&gt; documentation [F:\DI\di\Proyecto\PokeDexManager\Help\Working\BuildTopics.proj]
BuildAssembler : warning : ShowMissingComponent: [M:PokeDexManager.ProyectoPokemonDataSet.PokemonCombateDataTable.OnRowDeleting(System.Data.DataRowChangeEventArgs)] Missing &lt;summary&gt; documentation [F:\DI\di\Proyecto\PokeDexManager\Help\Working\BuildTopics.proj]
BuildAssembler : warning : ShowMissingComponent: [M:PokeDexManager.ProyectoPokemonDataSet.PokemonCombateDataTable.OnRowDeleting(System.Data.DataRowChangeEventArgs)] Missing &lt;param name=&quot;e&quot;/&gt; documentation [F:\DI\di\Proyecto\PokeDexManager\Help\Working\BuildTopics.proj]
BuildAssembler : warning : ShowMissingComponent: [E:PokeDexManager.ProyectoPokemonDataSet.PokemonCombateDataTable.PokemonCombateRowChanged] Missing &lt;summary&gt; documentation [F:\DI\di\Proyecto\PokeDexManager\Help\Working\BuildTopics.proj]
BuildAssembler : warning : ShowMissingComponent: [E:PokeDexManager.ProyectoPokemonDataSet.PokemonCombateDataTable.PokemonCombateRowChanging] Missing &lt;summary&gt; documentation [F:\DI\di\Proyecto\PokeDexManager\Help\Working\BuildTopics.proj]
BuildAssembler : warning : ShowMissingComponent: [E:PokeDexManager.ProyectoPokemonDataSet.PokemonCombateDataTable.PokemonCombateRowDeleted] Missing &lt;summary&gt; documentation [F:\DI\di\Proyecto\PokeDexManager\Help\Working\BuildTopics.proj]
BuildAssembler : warning : ShowMissingComponent: [E:PokeDexManager.ProyectoPokemonDataSet.PokemonCombateDataTable.PokemonCombateRowDeleting] Missing &lt;summary&gt; documentation [F:\DI\di\Proyecto\PokeDexManager\Help\Working\BuildTopics.proj]
BuildAssembler : warning : ShowMissingComponent: [M:PokeDexManager.ProyectoPokemonDataSet.PokemonCombateDataTable.RemovePokemonCombateRow(PokeDexManager.ProyectoPokemonDataSet.PokemonCombateRow)] Missing &lt;summary&gt; documentation [F:\DI\di\Proyecto\PokeDexManager\Help\Working\BuildTopics.proj]
BuildAssembler : warning : ShowMissingComponent: [M:PokeDexManager.ProyectoPokemonDataSet.PokemonCombateDataTable.RemovePokemonCombateRow(PokeDexManager.ProyectoPokemonDataSet.PokemonCombateRow)] Missing &lt;param name=&quot;row&quot;/&gt; documentation [F:\DI\di\Proyecto\PokeDexManager\Help\Working\BuildTopics.proj]
BuildAssembler : warning : ShowMissingComponent: [P:PokeDexManager.ProyectoPokemonDataSet.PokemonCombateDataTable.SaludColumn] Missing &lt;summary&gt; documentation [F:\DI\di\Proyecto\PokeDexManager\Help\Working\BuildTopics.proj]
BuildAssembler : warning : ShowMissingComponent: [T:PokeDexManager.ProyectoPokemonDataSet.PokemonCombateRow] Missing &lt;summary&gt; documentation [F:\DI\di\Proyecto\PokeDexManager\Help\Working\BuildTopics.proj]
BuildAssembler : warning : ShowMissingComponent: [P:PokeDexManager.ProyectoPokemonDataSet.PokemonCombateRow.Ataque] Missing &lt;summary&gt; documentation [F:\DI\di\Proyecto\PokeDexManager\Help\Working\BuildTopics.proj]
BuildAssembler : warning : ShowMissingComponent: [P:PokeDexManager.ProyectoPokemonDataSet.PokemonCombateRow.Defensa] Missing &lt;summary&gt; documentation [F:\DI\di\Proyecto\PokeDexManager\Help\Working\BuildTopics.proj]
BuildAssembler : warning : ShowMissingComponent: [M:PokeDexManager.ProyectoPokemonDataSet.PokemonCombateRow.GetCombateRowsByFK_Combate_Ganador1] Missing &lt;summary&gt; documentation [F:\DI\di\Proyecto\PokeDexManager\Help\Working\BuildTopics.proj]
BuildAssembler : warning : ShowMissingComponent: [M:PokeDexManager.ProyectoPokemonDataSet.PokemonCombateRow.GetCombateRowsByFK_Combate_Ganador1] Missing &lt;returns&gt; documentation [F:\DI\di\Proyecto\PokeDexManager\Help\Working\BuildTopics.proj]
BuildAssembler : warning : ShowMissingComponent: [M:PokeDexManager.ProyectoPokemonDataSet.PokemonCombateRow.GetCombateRowsByFK_Combate_Pokemon11] Missing &lt;summary&gt; documentation [F:\DI\di\Proyecto\PokeDexManager\Help\Working\BuildTopics.proj]
BuildAssembler : warning : ShowMissingComponent: [M:PokeDexManager.ProyectoPokemonDataSet.PokemonCombateRow.GetCombateRowsByFK_Combate_Pokemon11] Missing &lt;returns&gt; documentation [F:\DI\di\Proyecto\PokeDexManager\Help\Working\BuildTopics.proj]
BuildAssembler : warning : ShowMissingComponent: [M:PokeDexManager.ProyectoPokemonDataSet.PokemonCombateRow.GetCombateRowsByFK_Combate_Pokemon21] Missing &lt;summary&gt; documentation [F:\DI\di\Proyecto\PokeDexManager\Help\Working\BuildTopics.proj]
BuildAssembler : warning : ShowMissingComponent: [M:PokeDexManager.ProyectoPokemonDataSet.PokemonCombateRow.GetCombateRowsByFK_Combate_Pokemon21] Missing &lt;returns&gt; documentation [F:\DI\di\Proyecto\PokeDexManager\Help\Working\BuildTopics.proj]
BuildAssembler : warning : ShowMissingComponent: [P:PokeDexManager.ProyectoPokemonDataSet.PokemonCombateRow.IdPokemon] Missing &lt;summary&gt; documentation [F:\DI\di\Proyecto\PokeDexManager\Help\Working\BuildTopics.proj]
BuildAssembler : warning : ShowMissingComponent: [P:PokeDexManager.ProyectoPokemonDataSet.PokemonCombateRow.Nombre] Missing &lt;summary&gt; documentation [F:\DI\di\Proyecto\PokeDexManager\Help\Working\BuildTopics.proj]
BuildAssembler : warning : ShowMissingComponent: [P:PokeDexManager.ProyectoPokemonDataSet.PokemonCombateRow.Salud] Missing &lt;summary&gt; documentation [F:\DI\di\Proyecto\PokeDexManager\Help\Working\BuildTopics.proj]
BuildAssembler : warning : ShowMissingComponent: [T:PokeDexManager.ProyectoPokemonDataSet.PokemonCombateRowChangeEvent] Missing &lt;summary&gt; documentation [F:\DI\di\Proyecto\PokeDexManager\Help\Working\BuildTopics.proj]
BuildAssembler : warning : ShowMissingComponent: [M:PokeDexManager.ProyectoPokemonDataSet.PokemonCombateRowChangeEvent.#ctor(PokeDexManager.ProyectoPokemonDataSet.PokemonCombateRow,System.Data.DataRowAction)] Missing &lt;param name=&quot;row&quot;/&gt; documentation [F:\DI\di\Proyecto\PokeDexManager\Help\Working\BuildTopics.proj]
BuildAssembler : warning : ShowMissingComponent: [M:PokeDexManager.ProyectoPokemonDataSet.PokemonCombateRowChangeEvent.#ctor(PokeDexManager.ProyectoPokemonDataSet.PokemonCombateRow,System.Data.DataRowAction)] Missing &lt;param name=&quot;action&quot;/&gt; documentation [F:\DI\di\Proyecto\PokeDexManager\Help\Working\BuildTopics.proj]
BuildAssembler : warning : ShowMissingComponent: [P:PokeDexManager.ProyectoPokemonDataSet.PokemonCombateRowChangeEvent.Action] Missing &lt;summary&gt; documentation [F:\DI\di\Proyecto\PokeDexManager\Help\Working\BuildTopics.proj]
BuildAssembler : warning : ShowMissingComponent: [P:PokeDexManager.ProyectoPokemonDataSet.PokemonCombateRowChangeEvent.Row] Missing &lt;summary&gt; documentation [F:\DI\di\Proyecto\PokeDexManager\Help\Working\BuildTopics.proj]
BuildAssembler : warning : ShowMissingComponent: [T:PokeDexManager.ProyectoPokemonDataSet.PokemonCombateRowChangeEventHandler] Missing &lt;summary&gt; documentation [F:\DI\di\Proyecto\PokeDexManager\Help\Working\BuildTopics.proj]
BuildAssembler : warning : ShowMissingComponent: [T:PokeDexManager.ProyectoPokemonDataSet.PokemonDataTable] Missing &lt;summary&gt; documentation [F:\DI\di\Proyecto\PokeDexManager\Help\Working\BuildTopics.proj]
BuildAssembler : warning : ShowMissingComponent: [M:PokeDexManager.ProyectoPokemonDataSet.PokemonDataTable.#ctor(System.Runtime.Serialization.SerializationInfo,System.Runtime.Serialization.StreamingContext)] Missing &lt;param name=&quot;info&quot;/&gt; documentation [F:\DI\di\Proyecto\PokeDexManager\Help\Working\BuildTopics.proj]
BuildAssembler : warning : ShowMissingComponent: [M:PokeDexManager.ProyectoPokemonDataSet.PokemonDataTable.#ctor(System.Runtime.Serialization.SerializationInfo,System.Runtime.Serialization.StreamingContext)] Missing &lt;param name=&quot;context&quot;/&gt; documentation [F:\DI\di\Proyecto\PokeDexManager\Help\Working\BuildTopics.proj]
BuildAssembler : warning : ShowMissingComponent: [M:PokeDexManager.ProyectoPokemonDataSet.PokemonDataTable.AddPokemonRow(PokeDexManager.ProyectoPokemonDataSet.EspecieRow,System.Int32,System.Int32,System.Int32,System.Int32,System.DateTime)] Missing &lt;summary&gt; documentation [F:\DI\di\Proyecto\PokeDexManager\Help\Working\BuildTopics.proj]
BuildAssembler : warning : ShowMissingComponent: [M:PokeDexManager.ProyectoPokemonDataSet.PokemonDataTable.AddPokemonRow(PokeDexManager.ProyectoPokemonDataSet.EspecieRow,System.Int32,System.Int32,System.Int32,System.Int32,System.DateTime)] Missing &lt;returns&gt; documentation [F:\DI\di\Proyecto\PokeDexManager\Help\Working\BuildTopics.proj]
BuildAssembler : warning : ShowMissingComponent: [M:PokeDexManager.ProyectoPokemonDataSet.PokemonDataTable.AddPokemonRow(PokeDexManager.ProyectoPokemonDataSet.EspecieRow,System.Int32,System.Int32,System.Int32,System.Int32,System.DateTime)] Missing &lt;param name=&quot;parentEspecieRowByFK_Pokemon_Especie&quot;/&gt; documentation [F:\DI\di\Proyecto\PokeDexManager\Help\Working\BuildTopics.proj]
BuildAssembler : warning : ShowMissingComponent: [M:PokeDexManager.ProyectoPokemonDataSet.PokemonDataTable.AddPokemonRow(PokeDexManager.ProyectoPokemonDataSet.EspecieRow,System.Int32,System.Int32,System.Int32,System.Int32,System.DateTime)] Missing &lt;param name=&quot;Nivel&quot;/&gt; documentation [F:\DI\di\Proyecto\PokeDexManager\Help\Working\BuildTopics.proj]
BuildAssembler : warning : ShowMissingComponent: [M:PokeDexManager.ProyectoPokemonDataSet.PokemonDataTable.AddPokemonRow(PokeDexManager.ProyectoPokemonDataSet.EspecieRow,System.Int32,System.Int32,System.Int32,System.Int32,System.DateTime)] Missing &lt;param name=&quot;Salud&quot;/&gt; documentation [F:\DI\di\Proyecto\PokeDexManager\Help\Working\BuildTopics.proj]
BuildAssembler : warning : ShowMissingComponent: [M:PokeDexManager.ProyectoPokemonDataSet.PokemonDataTable.AddPokemonRow(PokeDexManager.ProyectoPokemonDataSet.EspecieRow,System.Int32,System.Int32,System.Int32,System.Int32,System.DateTime)] Missing &lt;param name=&quot;Ataque&quot;/&gt; documentation [F:\DI\di\Proyecto\PokeDexManager\Help\Working\BuildTopics.proj]
BuildAssembler : warning : ShowMissingComponent: [M:PokeDexManager.ProyectoPokemonDataSet.PokemonDataTable.AddPokemonRow(PokeDexManager.ProyectoPokemonDataSet.EspecieRow,System.Int32,System.Int32,System.Int32,System.Int32,System.DateTime)] Missing &lt;param name=&quot;Defensa&quot;/&gt; documentation [F:\DI\di\Proyecto\PokeDexManager\Help\Working\BuildTopics.proj]
BuildAssembler : warning : ShowMissingComponent: [M:PokeDexManager.ProyectoPokemonDataSet.PokemonDataTable.AddPokemonRow(PokeDexManager.ProyectoPokemonDataSet.EspecieRow,System.Int32,System.Int32,System.Int32,System.Int32,System.DateTime)] Missing &lt;param name=&quot;FechaRegistro&quot;/&gt; documentation [F:\DI\di\Proyecto\PokeDexManager\Help\Working\BuildTopics.proj]
BuildAssembler : warning : ShowMissingComponent: [M:PokeDexManager.ProyectoPokemonDataSet.PokemonDataTable.AddPokemonRow(PokeDexManager.ProyectoPokemonDataSet.PokemonRow)] Missing &lt;summary&gt; documentation [F:\DI\di\Proyecto\PokeDexManager\Help\Working\BuildTopics.proj]
BuildAssembler : warning : ShowMissingComponent: [M:PokeDexManager.ProyectoPokemonDataSet.PokemonDataTable.AddPokemonRow(PokeDexManager.ProyectoPokemonDataSet.PokemonRow)] Missing &lt;param name=&quot;row&quot;/&gt; documentation [F:\DI\di\Proyecto\PokeDexManager\Help\Working\BuildTopics.proj]
BuildAssembler : warning : ShowMissingComponent: [P:PokeDexManager.ProyectoPokemonDataSet.PokemonDataTable.AtaqueColumn] Missing &lt;summary&gt; documentation [F:\DI\di\Proyecto\PokeDexManager\Help\Working\BuildTopics.proj]
BuildAssembler : warning : ShowMissingComponent: [M:PokeDexManager.ProyectoPokemonDataSet.PokemonDataTable.Clone] Missing &lt;summary&gt; documentation [F:\DI\di\Proyecto\PokeDexManager\Help\Working\BuildTopics.proj]
BuildAssembler : warning : ShowMissingComponent: [M:PokeDexManager.ProyectoPokemonDataSet.PokemonDataTable.Clone] Missing &lt;returns&gt; documentation [F:\DI\di\Proyecto\PokeDexManager\Help\Working\BuildTopics.proj]
BuildAssembler : warning : ShowMissingComponent: [P:PokeDexManager.ProyectoPokemonDataSet.PokemonDataTable.Count] Missing &lt;summary&gt; documentation [F:\DI\di\Proyecto\PokeDexManager\Help\Working\BuildTopics.proj]
BuildAssembler : warning : ShowMissingComponent: [M:PokeDexManager.ProyectoPokemonDataSet.PokemonDataTable.CreateInstance] Missing &lt;summary&gt; documentation [F:\DI\di\Proyecto\PokeDexManager\Help\Working\BuildTopics.proj]
BuildAssembler : warning : ShowMissingComponent: [M:PokeDexManager.ProyectoPokemonDataSet.PokemonDataTable.CreateInstance] Missing &lt;returns&gt; documentation [F:\DI\di\Proyecto\PokeDexManager\Help\Working\BuildTopics.proj]
BuildAssembler : warning : ShowMissingComponent: [P:PokeDexManager.ProyectoPokemonDataSet.PokemonDataTable.DefensaColumn] Missing &lt;summary&gt; documentation [F:\DI\di\Proyecto\PokeDexManager\Help\Working\BuildTopics.proj]
BuildAssembler : warning : ShowMissingComponent: [P:PokeDexManager.ProyectoPokemonDataSet.PokemonDataTable.EspecieIdColumn] Missing &lt;summary&gt; documentation [F:\DI\di\Proyecto\PokeDexManager\Help\Working\BuildTopics.proj]
BuildAssembler : warning : ShowMissingComponent: [P:PokeDexManager.ProyectoPokemonDataSet.PokemonDataTable.FechaRegistroColumn] Missing &lt;summary&gt; documentation [F:\DI\di\Proyecto\PokeDexManager\Help\Working\BuildTopics.proj]
BuildAssembler : warning : ShowMissingComponent: [M:PokeDexManager.ProyectoPokemonDataSet.PokemonDataTable.FindByIdPokemon(System.Int32)] Missing &lt;summary&gt; documentation [F:\DI\di\Proyecto\PokeDexManager\Help\Working\BuildTopics.proj]
BuildAssembler : warning : ShowMissingComponent: [M:PokeDexManager.ProyectoPokemonDataSet.PokemonDataTable.FindByIdPokemon(System.Int32)] Missing &lt;returns&gt; documentation [F:\DI\di\Proyecto\PokeDexManager\Help\Working\BuildTopics.proj]
BuildAssembler : warning : ShowMissingComponent: [M:PokeDexManager.ProyectoPokemonDataSet.PokemonDataTable.FindByIdPokemon(System.Int32)] Missing &lt;param name=&quot;IdPokemon&quot;/&gt; documentation [F:\DI\di\Proyecto\PokeDexManager\Help\Working\BuildTopics.proj]
BuildAssembler : warning : ShowMissingComponent: [M:PokeDexManager.ProyectoPokemonDataSet.PokemonDataTable.GetRowType] Missing &lt;summary&gt; documentation [F:\DI\di\Proyecto\PokeDexManager\Help\Working\BuildTopics.proj]
BuildAssembler : warning : ShowMissingComponent: [M:PokeDexManager.ProyectoPokemonDataSet.PokemonDataTable.GetRowType] Missing &lt;returns&gt; documentation [F:\DI\di\Proyecto\PokeDexManager\Help\Working\BuildTopics.proj]
BuildAssembler : warning : ShowMissingComponent: [M:PokeDexManager.ProyectoPokemonDataSet.PokemonDataTable.GetTypedTableSchema(System.Xml.Schema.XmlSchemaSet)] Missing &lt;summary&gt; documentation [F:\DI\di\Proyecto\PokeDexManager\Help\Working\BuildTopics.proj]
BuildAssembler : warning : ShowMissingComponent: [M:PokeDexManager.ProyectoPokemonDataSet.PokemonDataTable.GetTypedTableSchema(System.Xml.Schema.XmlSchemaSet)] Missing &lt;returns&gt; documentation [F:\DI\di\Proyecto\PokeDexManager\Help\Working\BuildTopics.proj]
BuildAssembler : warning : ShowMissingComponent: [M:PokeDexManager.ProyectoPokemonDataSet.PokemonDataTable.GetTypedTableSchema(System.Xml.Schema.XmlSchemaSet)] Missing &lt;param name=&quot;xs&quot;/&gt; documentation [F:\DI\di\Proyecto\PokeDexManager\Help\Working\BuildTopics.proj]
BuildAssembler : warning : ShowMissingComponent: [P:PokeDexManager.ProyectoPokemonDataSet.PokemonDataTable.IdPokemonColumn] Missing &lt;summary&gt; documentation [F:\DI\di\Proyecto\PokeDexManager\Help\Working\BuildTopics.proj]
BuildAssembler : warning : ShowMissingComponent: [P:PokeDexManager.ProyectoPokemonDataSet.PokemonDataTable.Item(System.Int32)] Missing &lt;summary&gt; documentation [F:\DI\di\Proyecto\PokeDexManager\Help\Working\BuildTopics.proj]
BuildAssembler : warning : ShowMissingComponent: [M:PokeDexManager.ProyectoPokemonDataSet.PokemonDataTable.NewPokemonRow] Missing &lt;summary&gt; documentation [F:\DI\di\Proyecto\PokeDexManager\Help\Working\BuildTopics.proj]
BuildAssembler : warning : ShowMissingComponent: [M:PokeDexManager.ProyectoPokemonDataSet.PokemonDataTable.NewPokemonRow] Missing &lt;returns&gt; documentation [F:\DI\di\Proyecto\PokeDexManager\Help\Working\BuildTopics.proj]
BuildAssembler : warning : ShowMissingComponent: [M:PokeDexManager.ProyectoPokemonDataSet.PokemonDataTable.NewRowFromBuilder(System.Data.DataRowBuilder)] Missing &lt;summary&gt; documentation [F:\DI\di\Proyecto\PokeDexManager\Help\Working\BuildTopics.proj]
BuildAssembler : warning : ShowMissingComponent: [M:PokeDexManager.ProyectoPokemonDataSet.PokemonDataTable.NewRowFromBuilder(System.Data.DataRowBuilder)] Missing &lt;returns&gt; documentation [F:\DI\di\Proyecto\PokeDexManager\Help\Working\BuildTopics.proj]
BuildAssembler : warning : ShowMissingComponent: [M:PokeDexManager.ProyectoPokemonDataSet.PokemonDataTable.NewRowFromBuilder(System.Data.DataRowBuilder)] Missing &lt;param name=&quot;builder&quot;/&gt; documentation [F:\DI\di\Proyecto\PokeDexManager\Help\Working\BuildTopics.proj]
BuildAssembler : warning : ShowMissingComponent: [P:PokeDexManager.ProyectoPokemonDataSet.PokemonDataTable.NivelColumn] Missing &lt;summary&gt; documentation [F:\DI\di\Proyecto\PokeDexManager\Help\Working\BuildTopics.proj]
BuildAssembler : warning : ShowMissingComponent: [M:PokeDexManager.ProyectoPokemonDataSet.PokemonDataTable.OnRowChanged(System.Data.DataRowChangeEventArgs)] Missing &lt;summary&gt; documentation [F:\DI\di\Proyecto\PokeDexManager\Help\Working\BuildTopics.proj]
BuildAssembler : warning : ShowMissingComponent: [M:PokeDexManager.ProyectoPokemonDataSet.PokemonDataTable.OnRowChanged(System.Data.DataRowChangeEventArgs)] Missing &lt;param name=&quot;e&quot;/&gt; documentation [F:\DI\di\Proyecto\PokeDexManager\Help\Working\BuildTopics.proj]
BuildAssembler : warning : ShowMissingComponent: [M:PokeDexManager.ProyectoPokemonDataSet.PokemonDataTable.OnRowChanging(System.Data.DataRowChangeEventArgs)] Missing &lt;summary&gt; documentation [F:\DI\di\Proyecto\PokeDexManager\Help\Working\BuildTopics.proj]
BuildAssembler : warning : ShowMissingComponent: [M:PokeDexManager.ProyectoPokemonDataSet.PokemonDataTable.OnRowChanging(System.Data.DataRowChangeEventArgs)] Missing &lt;param name=&quot;e&quot;/&gt; documentation [F:\DI\di\Proyecto\PokeDexManager\Help\Working\BuildTopics.proj]
BuildAssembler : warning : ShowMissingComponent: [M:PokeDexManager.ProyectoPokemonDataSet.PokemonDataTable.OnRowDeleted(System.Data.DataRowChangeEventArgs)] Missing &lt;summary&gt; documentation [F:\DI\di\Proyecto\PokeDexManager\Help\Working\BuildTopics.proj]
BuildAssembler : warning : ShowMissingComponent: [M:PokeDexManager.ProyectoPokemonDataSet.PokemonDataTable.OnRowDeleted(System.Data.DataRowChangeEventArgs)] Missing &lt;param name=&quot;e&quot;/&gt; documentation [F:\DI\di\Proyecto\PokeDexManager\Help\Working\BuildTopics.proj]
BuildAssembler : warning : ShowMissingComponent: [M:PokeDexManager.ProyectoPokemonDataSet.PokemonDataTable.OnRowDeleting(System.Data.DataRowChangeEventArgs)] Missing &lt;summary&gt; documentation [F:\DI\di\Proyecto\PokeDexManager\Help\Working\BuildTopics.proj]
BuildAssembler : warning : ShowMissingComponent: [M:PokeDexManager.ProyectoPokemonDataSet.PokemonDataTable.OnRowDeleting(System.Data.DataRowChangeEventArgs)] Missing &lt;param name=&quot;e&quot;/&gt; documentation [F:\DI\di\Proyecto\PokeDexManager\Help\Working\BuildTopics.proj]
BuildAssembler : warning : ShowMissingComponent: [E:PokeDexManager.ProyectoPokemonDataSet.PokemonDataTable.PokemonRowChanged] Missing &lt;summary&gt; documentation [F:\DI\di\Proyecto\PokeDexManager\Help\Working\BuildTopics.proj]
BuildAssembler : warning : ShowMissingComponent: [E:PokeDexManager.ProyectoPokemonDataSet.PokemonDataTable.PokemonRowChanging] Missing &lt;summary&gt; documentation [F:\DI\di\Proyecto\PokeDexManager\Help\Working\BuildTopics.proj]
BuildAssembler : warning : ShowMissingComponent: [E:PokeDexManager.ProyectoPokemonDataSet.PokemonDataTable.PokemonRowDeleted] Missing &lt;summary&gt; documentation [F:\DI\di\Proyecto\PokeDexManager\Help\Working\BuildTopics.proj]
BuildAssembler : warning : ShowMissingComponent: [E:PokeDexManager.ProyectoPokemonDataSet.PokemonDataTable.PokemonRowDeleting] Missing &lt;summary&gt; documentation [F:\DI\di\Proyecto\PokeDexManager\Help\Working\BuildTopics.proj]
BuildAssembler : warning : ShowMissingComponent: [M:PokeDexManager.ProyectoPokemonDataSet.PokemonDataTable.RemovePokemonRow(PokeDexManager.ProyectoPokemonDataSet.PokemonRow)] Missing &lt;summary&gt; documentation [F:\DI\di\Proyecto\PokeDexManager\Help\Working\BuildTopics.proj]
BuildAssembler : warning : ShowMissingComponent: [M:PokeDexManager.ProyectoPokemonDataSet.PokemonDataTable.RemovePokemonRow(PokeDexManager.ProyectoPokemonDataSet.PokemonRow)] Missing &lt;param name=&quot;row&quot;/&gt; documentation [F:\DI\di\Proyecto\PokeDexManager\Help\Working\BuildTopics.proj]
BuildAssembler : warning : ShowMissingComponent: [P:PokeDexManager.ProyectoPokemonDataSet.PokemonDataTable.SaludColumn] Missing &lt;summary&gt; documentation [F:\DI\di\Proyecto\PokeDexManager\Help\Working\BuildTopics.proj]
BuildAssembler : warning : ShowMissingComponent: [T:PokeDexManager.ProyectoPokemonDataSet.PokemonDetalleDataTableDataTable] Missing &lt;summary&gt; documentation [F:\DI\di\Proyecto\PokeDexManager\Help\Working\BuildTopics.proj]
BuildAssembler : warning : ShowMissingComponent: [M:PokeDexManager.ProyectoPokemonDataSet.PokemonDetalleDataTableDataTable.#ctor(System.Runtime.Serialization.SerializationInfo,System.Runtime.Serialization.StreamingContext)] Missing &lt;param name=&quot;info&quot;/&gt; documentation [F:\DI\di\Proyecto\PokeDexManager\Help\Working\BuildTopics.proj]
BuildAssembler : warning : ShowMissingComponent: [M:PokeDexManager.ProyectoPokemonDataSet.PokemonDetalleDataTableDataTable.#ctor(System.Runtime.Serialization.SerializationInfo,System.Runtime.Serialization.StreamingContext)] Missing &lt;param name=&quot;context&quot;/&gt; documentation [F:\DI\di\Proyecto\PokeDexManager\Help\Working\BuildTopics.proj]
BuildAssembler : warning : ShowMissingComponent: [M:PokeDexManager.ProyectoPokemonDataSet.PokemonDetalleDataTableDataTable.AddPokemonDetalleDataTableRow(PokeDexManager.ProyectoPokemonDataSet.PokemonDetalleDataTableRow)] Missing &lt;summary&gt; documentation [F:\DI\di\Proyecto\PokeDexManager\Help\Working\BuildTopics.proj]
BuildAssembler : warning : ShowMissingComponent: [M:PokeDexManager.ProyectoPokemonDataSet.PokemonDetalleDataTableDataTable.AddPokemonDetalleDataTableRow(PokeDexManager.ProyectoPokemonDataSet.PokemonDetalleDataTableRow)] Missing &lt;param name=&quot;row&quot;/&gt; documentation [F:\DI\di\Proyecto\PokeDexManager\Help\Working\BuildTopics.proj]
BuildAssembler : warning : ShowMissingComponent: [M:PokeDexManager.ProyectoPokemonDataSet.PokemonDetalleDataTableDataTable.AddPokemonDetalleDataTableRow(System.String,System.Int32,System.Int32,System.Int32,System.Int32,System.String,System.String,System.Int32,PokeDexManager.ProyectoPokemonDataSet.TipoRow)] Missing &lt;summary&gt; documentation [F:\DI\di\Proyecto\PokeDexManager\Help\Working\BuildTopics.proj]
BuildAssembler : warning : ShowMissingComponent: [M:PokeDexManager.ProyectoPokemonDataSet.PokemonDetalleDataTableDataTable.AddPokemonDetalleDataTableRow(System.String,System.Int32,System.Int32,System.Int32,System.Int32,System.String,System.String,System.Int32,PokeDexManager.ProyectoPokemonDataSet.TipoRow)] Missing &lt;returns&gt; documentation [F:\DI\di\Proyecto\PokeDexManager\Help\Working\BuildTopics.proj]
BuildAssembler : warning : ShowMissingComponent: [M:PokeDexManager.ProyectoPokemonDataSet.PokemonDetalleDataTableDataTable.AddPokemonDetalleDataTableRow(System.String,System.Int32,System.Int32,System.Int32,System.Int32,System.String,System.String,System.Int32,PokeDexManager.ProyectoPokemonDataSet.TipoRow)] Missing &lt;param name=&quot;Nombre&quot;/&gt; documentation [F:\DI\di\Proyecto\PokeDexManager\Help\Working\BuildTopics.proj]
BuildAssembler : warning : ShowMissingComponent: [M:PokeDexManager.ProyectoPokemonDataSet.PokemonDetalleDataTableDataTable.AddPokemonDetalleDataTableRow(System.String,System.Int32,System.Int32,System.Int32,System.Int32,System.String,System.String,System.Int32,PokeDexManager.ProyectoPokemonDataSet.TipoRow)] Missing &lt;param name=&quot;Nivel&quot;/&gt; documentation [F:\DI\di\Proyecto\PokeDexManager\Help\Working\BuildTopics.proj]
BuildAssembler : warning : ShowMissingComponent: [M:PokeDexManager.ProyectoPokemonDataSet.PokemonDetalleDataTableDataTable.AddPokemonDetalleDataTableRow(System.String,System.Int32,System.Int32,System.Int32,System.Int32,System.String,System.String,System.Int32,PokeDexManager.ProyectoPokemonDataSet.TipoRow)] Missing &lt;param name=&quot;Salud&quot;/&gt; documentation [F:\DI\di\Proyecto\PokeDexManager\Help\Working\BuildTopics.proj]
BuildAssembler : warning : ShowMissingComponent: [M:PokeDexManager.ProyectoPokemonDataSet.PokemonDetalleDataTableDataTable.AddPokemonDetalleDataTableRow(System.String,System.Int32,System.Int32,System.Int32,System.Int32,System.String,System.String,System.Int32,PokeDexManager.ProyectoPokemonDataSet.TipoRow)] Missing &lt;param name=&quot;Ataque&quot;/&gt; documentation [F:\DI\di\Proyecto\PokeDexManager\Help\Working\BuildTopics.proj]
BuildAssembler : warning : ShowMissingComponent: [M:PokeDexManager.ProyectoPokemonDataSet.PokemonDetalleDataTableDataTable.AddPokemonDetalleDataTableRow(System.String,System.Int32,System.Int32,System.Int32,System.Int32,System.String,System.String,System.Int32,PokeDexManager.ProyectoPokemonDataSet.TipoRow)] Missing &lt;param name=&quot;Defensa&quot;/&gt; documentation [F:\DI\di\Proyecto\PokeDexManager\Help\Working\BuildTopics.proj]
BuildAssembler : warning : ShowMissingComponent: [M:PokeDexManager.ProyectoPokemonDataSet.PokemonDetalleDataTableDataTable.AddPokemonDetalleDataTableRow(System.String,System.Int32,System.Int32,System.Int32,System.Int32,System.String,System.String,System.Int32,PokeDexManager.ProyectoPokemonDataSet.TipoRow)] Missing &lt;param name=&quot;Tipo&quot;/&gt; documentation [F:\DI\di\Proyecto\PokeDexManager\Help\Working\BuildTopics.proj]
BuildAssembler : warning : ShowMissingComponent: [M:PokeDexManager.ProyectoPokemonDataSet.PokemonDetalleDataTableDataTable.AddPokemonDetalleDataTableRow(System.String,System.Int32,System.Int32,System.Int32,System.Int32,System.String,System.String,System.Int32,PokeDexManager.ProyectoPokemonDataSet.TipoRow)] Missing &lt;param name=&quot;Descripcion&quot;/&gt; documentation [F:\DI\di\Proyecto\PokeDexManager\Help\Working\BuildTopics.proj]
BuildAssembler : warning : ShowMissingComponent: [M:PokeDexManager.ProyectoPokemonDataSet.PokemonDetalleDataTableDataTable.AddPokemonDetalleDataTableRow(System.String,System.Int32,System.Int32,System.Int32,System.Int32,System.String,System.String,System.Int32,PokeDexManager.ProyectoPokemonDataSet.TipoRow)] Missing &lt;param name=&quot;EspecieId&quot;/&gt; documentation [F:\DI\di\Proyecto\PokeDexManager\Help\Working\BuildTopics.proj]
BuildAssembler : warning : ShowMissingComponent: [M:PokeDexManager.ProyectoPokemonDataSet.PokemonDetalleDataTableDataTable.AddPokemonDetalleDataTableRow(System.String,System.Int32,System.Int32,System.Int32,System.Int32,System.String,System.String,System.Int32,PokeDexManager.ProyectoPokemonDataSet.TipoRow)] Missing &lt;param name=&quot;parentTipoRowByFK_Especie_Tipo1&quot;/&gt; documentation [F:\DI\di\Proyecto\PokeDexManager\Help\Working\BuildTopics.proj]
BuildAssembler : warning : ShowMissingComponent: [P:PokeDexManager.ProyectoPokemonDataSet.PokemonDetalleDataTableDataTable.AtaqueColumn] Missing &lt;summary&gt; documentation [F:\DI\di\Proyecto\PokeDexManager\Help\Working\BuildTopics.proj]
BuildAssembler : warning : ShowMissingComponent: [M:PokeDexManager.ProyectoPokemonDataSet.PokemonDetalleDataTableDataTable.Clone] Missing &lt;summary&gt; documentation [F:\DI\di\Proyecto\PokeDexManager\Help\Working\BuildTopics.proj]
BuildAssembler : warning : ShowMissingComponent: [M:PokeDexManager.ProyectoPokemonDataSet.PokemonDetalleDataTableDataTable.Clone] Missing &lt;returns&gt; documentation [F:\DI\di\Proyecto\PokeDexManager\Help\Working\BuildTopics.proj]
BuildAssembler : warning : ShowMissingComponent: [P:PokeDexManager.ProyectoPokemonDataSet.PokemonDetalleDataTableDataTable.Count] Missing &lt;summary&gt; documentation [F:\DI\di\Proyecto\PokeDexManager\Help\Working\BuildTopics.proj]
BuildAssembler : warning : ShowMissingComponent: [M:PokeDexManager.ProyectoPokemonDataSet.PokemonDetalleDataTableDataTable.CreateInstance] Missing &lt;summary&gt; documentation [F:\DI\di\Proyecto\PokeDexManager\Help\Working\BuildTopics.proj]
BuildAssembler : warning : ShowMissingComponent: [M:PokeDexManager.ProyectoPokemonDataSet.PokemonDetalleDataTableDataTable.CreateInstance] Missing &lt;returns&gt; documentation [F:\DI\di\Proyecto\PokeDexManager\Help\Working\BuildTopics.proj]
BuildAssembler : warning : ShowMissingComponent: [P:PokeDexManager.ProyectoPokemonDataSet.PokemonDetalleDataTableDataTable.DefensaColumn] Missing &lt;summary&gt; documentation [F:\DI\di\Proyecto\PokeDexManager\Help\Working\BuildTopics.proj]
BuildAssembler : warning : ShowMissingComponent: [P:PokeDexManager.ProyectoPokemonDataSet.PokemonDetalleDataTableDataTable.DescripcionColumn] Missing &lt;summary&gt; documentation [F:\DI\di\Proyecto\PokeDexManager\Help\Working\BuildTopics.proj]
BuildAssembler : warning : ShowMissingComponent: [P:PokeDexManager.ProyectoPokemonDataSet.PokemonDetalleDataTableDataTable.EspecieIdColumn] Missing &lt;summary&gt; documentation [F:\DI\di\Proyecto\PokeDexManager\Help\Working\BuildTopics.proj]
BuildAssembler : warning : ShowMissingComponent: [M:PokeDexManager.ProyectoPokemonDataSet.PokemonDetalleDataTableDataTable.GetRowType] Missing &lt;summary&gt; documentation [F:\DI\di\Proyecto\PokeDexManager\Help\Working\BuildTopics.proj]
BuildAssembler : warning : ShowMissingComponent: [M:PokeDexManager.ProyectoPokemonDataSet.PokemonDetalleDataTableDataTable.GetRowType] Missing &lt;returns&gt; documentation [F:\DI\di\Proyecto\PokeDexManager\Help\Working\BuildTopics.proj]
BuildAssembler : warning : ShowMissingComponent: [M:PokeDexManager.ProyectoPokemonDataSet.PokemonDetalleDataTableDataTable.GetTypedTableSchema(System.Xml.Schema.XmlSchemaSet)] Missing &lt;summary&gt; documentation [F:\DI\di\Proyecto\PokeDexManager\Help\Working\BuildTopics.proj]
BuildAssembler : warning : ShowMissingComponent: [M:PokeDexManager.ProyectoPokemonDataSet.PokemonDetalleDataTableDataTable.GetTypedTableSchema(System.Xml.Schema.XmlSchemaSet)] Missing &lt;returns&gt; documentation [F:\DI\di\Proyecto\PokeDexManager\Help\Working\BuildTopics.proj]
BuildAssembler : warning : ShowMissingComponent: [M:PokeDexManager.ProyectoPokemonDataSet.PokemonDetalleDataTableDataTable.GetTypedTableSchema(System.Xml.Schema.XmlSchemaSet)] Missing &lt;param name=&quot;xs&quot;/&gt; documentation [F:\DI\di\Proyecto\PokeDexManager\Help\Working\BuildTopics.proj]
BuildAssembler : warning : ShowMissingComponent: [P:PokeDexManager.ProyectoPokemonDataSet.PokemonDetalleDataTableDataTable.IdEspecieColumn] Missing &lt;summary&gt; documentation [F:\DI\di\Proyecto\PokeDexManager\Help\Working\BuildTopics.proj]
BuildAssembler : warning : ShowMissingComponent: [P:PokeDexManager.ProyectoPokemonDataSet.PokemonDetalleDataTableDataTable.IdPokemonColumn] Missing &lt;summary&gt; documentation [F:\DI\di\Proyecto\PokeDexManager\Help\Working\BuildTopics.proj]
BuildAssembler : warning : ShowMissingComponent: [P:PokeDexManager.ProyectoPokemonDataSet.PokemonDetalleDataTableDataTable.Item(System.Int32)] Missing &lt;summary&gt; documentation [F:\DI\di\Proyecto\PokeDexManager\Help\Working\BuildTopics.proj]
BuildAssembler : warning : ShowMissingComponent: [M:PokeDexManager.ProyectoPokemonDataSet.PokemonDetalleDataTableDataTable.NewPokemonDetalleDataTableRow] Missing &lt;summary&gt; documentation [F:\DI\di\Proyecto\PokeDexManager\Help\Working\BuildTopics.proj]
BuildAssembler : warning : ShowMissingComponent: [M:PokeDexManager.ProyectoPokemonDataSet.PokemonDetalleDataTableDataTable.NewPokemonDetalleDataTableRow] Missing &lt;returns&gt; documentation [F:\DI\di\Proyecto\PokeDexManager\Help\Working\BuildTopics.proj]
BuildAssembler : warning : ShowMissingComponent: [M:PokeDexManager.ProyectoPokemonDataSet.PokemonDetalleDataTableDataTable.NewRowFromBuilder(System.Data.DataRowBuilder)] Missing &lt;summary&gt; documentation [F:\DI\di\Proyecto\PokeDexManager\Help\Working\BuildTopics.proj]
BuildAssembler : warning : ShowMissingComponent: [M:PokeDexManager.ProyectoPokemonDataSet.PokemonDetalleDataTableDataTable.NewRowFromBuilder(System.Data.DataRowBuilder)] Missing &lt;returns&gt; documentation [F:\DI\di\Proyecto\PokeDexManager\Help\Working\BuildTopics.proj]
BuildAssembler : warning : ShowMissingComponent: [M:PokeDexManager.ProyectoPokemonDataSet.PokemonDetalleDataTableDataTable.NewRowFromBuilder(System.Data.DataRowBuilder)] Missing &lt;param name=&quot;builder&quot;/&gt; documentation [F:\DI\di\Proyecto\PokeDexManager\Help\Working\BuildTopics.proj]
BuildAssembler : warning : ShowMissingComponent: [P:PokeDexManager.ProyectoPokemonDataSet.PokemonDetalleDataTableDataTable.NivelColumn] Missing &lt;summary&gt; documentation [F:\DI\di\Proyecto\PokeDexManager\Help\Working\BuildTopics.proj]
BuildAssembler : warning : ShowMissingComponent: [P:PokeDexManager.ProyectoPokemonDataSet.PokemonDetalleDataTableDataTable.NombreColumn] Missing &lt;summary&gt; documentation [F:\DI\di\Proyecto\PokeDexManager\Help\Working\BuildTopics.proj]
BuildAssembler : warning : ShowMissingComponent: [M:PokeDexManager.ProyectoPokemonDataSet.PokemonDetalleDataTableDataTable.OnRowChanged(System.Data.DataRowChangeEventArgs)] Missing &lt;summary&gt; documentation [F:\DI\di\Proyecto\PokeDexManager\Help\Working\BuildTopics.proj]
BuildAssembler : warning : ShowMissingComponent: [M:PokeDexManager.ProyectoPokemonDataSet.PokemonDetalleDataTableDataTable.OnRowChanged(System.Data.DataRowChangeEventArgs)] Missing &lt;param name=&quot;e&quot;/&gt; documentation [F:\DI\di\Proyecto\PokeDexManager\Help\Working\BuildTopics.proj]
BuildAssembler : warning : ShowMissingComponent: [M:PokeDexManager.ProyectoPokemonDataSet.PokemonDetalleDataTableDataTable.OnRowChanging(System.Data.DataRowChangeEventArgs)] Missing &lt;summary&gt; documentation [F:\DI\di\Proyecto\PokeDexManager\Help\Working\BuildTopics.proj]
BuildAssembler : warning : ShowMissingComponent: [M:PokeDexManager.ProyectoPokemonDataSet.PokemonDetalleDataTableDataTable.OnRowChanging(System.Data.DataRowChangeEventArgs)] Missing &lt;param name=&quot;e&quot;/&gt; documentation [F:\DI\di\Proyecto\PokeDexManager\Help\Working\BuildTopics.proj]
BuildAssembler : warning : ShowMissingComponent: [M:PokeDexManager.ProyectoPokemonDataSet.PokemonDetalleDataTableDataTable.OnRowDeleted(System.Data.DataRowChangeEventArgs)] Missing &lt;summary&gt; documentation [F:\DI\di\Proyecto\PokeDexManager\Help\Working\BuildTopics.proj]
BuildAssembler : warning : ShowMissingComponent: [M:PokeDexManager.ProyectoPokemonDataSet.PokemonDetalleDataTableDataTable.OnRowDeleted(System.Data.DataRowChangeEventArgs)] Missing &lt;param name=&quot;e&quot;/&gt; documentation [F:\DI\di\Proyecto\PokeDexManager\Help\Working\BuildTopics.proj]
BuildAssembler : warning : ShowMissingComponent: [M:PokeDexManager.ProyectoPokemonDataSet.PokemonDetalleDataTableDataTable.OnRowDeleting(System.Data.DataRowChangeEventArgs)] Missing &lt;summary&gt; documentation [F:\DI\di\Proyecto\PokeDexManager\Help\Working\BuildTopics.proj]
BuildAssembler : warning : ShowMissingComponent: [M:PokeDexManager.ProyectoPokemonDataSet.PokemonDetalleDataTableDataTable.OnRowDeleting(System.Data.DataRowChangeEventArgs)] Missing &lt;param name=&quot;e&quot;/&gt; documentation [F:\DI\di\Proyecto\PokeDexManager\Help\Working\BuildTopics.proj]
BuildAssembler : warning : ShowMissingComponent: [E:PokeDexManager.ProyectoPokemonDataSet.PokemonDetalleDataTableDataTable.PokemonDetalleDataTableRowChanged] Missing &lt;summary&gt; documentation [F:\DI\di\Proyecto\PokeDexManager\Help\Working\BuildTopics.proj]
BuildAssembler : warning : ShowMissingComponent: [E:PokeDexManager.ProyectoPokemonDataSet.PokemonDetalleDataTableDataTable.PokemonDetalleDataTableRowChanging] Missing &lt;summary&gt; documentation [F:\DI\di\Proyecto\PokeDexManager\Help\Working\BuildTopics.proj]
BuildAssembler : warning : ShowMissingComponent: [E:PokeDexManager.ProyectoPokemonDataSet.PokemonDetalleDataTableDataTable.PokemonDetalleDataTableRowDeleted] Missing &lt;summary&gt; documentation [F:\DI\di\Proyecto\PokeDexManager\Help\Working\BuildTopics.proj]
BuildAssembler : warning : ShowMissingComponent: [E:PokeDexManager.ProyectoPokemonDataSet.PokemonDetalleDataTableDataTable.PokemonDetalleDataTableRowDeleting] Missing &lt;summary&gt; documentation [F:\DI\di\Proyecto\PokeDexManager\Help\Working\BuildTopics.proj]
BuildAssembler : warning : ShowMissingComponent: [M:PokeDexManager.ProyectoPokemonDataSet.PokemonDetalleDataTableDataTable.RemovePokemonDetalleDataTableRow(PokeDexManager.ProyectoPokemonDataSet.PokemonDetalleDataTableRow)] Missing &lt;summary&gt; documentation [F:\DI\di\Proyecto\PokeDexManager\Help\Working\BuildTopics.proj]
BuildAssembler : warning : ShowMissingComponent: [M:PokeDexManager.ProyectoPokemonDataSet.PokemonDetalleDataTableDataTable.RemovePokemonDetalleDataTableRow(PokeDexManager.ProyectoPokemonDataSet.PokemonDetalleDataTableRow)] Missing &lt;param name=&quot;row&quot;/&gt; documentation [F:\DI\di\Proyecto\PokeDexManager\Help\Working\BuildTopics.proj]
BuildAssembler : warning : ShowMissingComponent: [P:PokeDexManager.ProyectoPokemonDataSet.PokemonDetalleDataTableDataTable.SaludColumn] Missing &lt;summary&gt; documentation [F:\DI\di\Proyecto\PokeDexManager\Help\Working\BuildTopics.proj]
BuildAssembler : warning : ShowMissingComponent: [P:PokeDexManager.ProyectoPokemonDataSet.PokemonDetalleDataTableDataTable.TipoColumn] Missing &lt;summary&gt; documentation [F:\DI\di\Proyecto\PokeDexManager\Help\Working\BuildTopics.proj]
BuildAssembler : warning : ShowMissingComponent: [P:PokeDexManager.ProyectoPokemonDataSet.PokemonDetalleDataTableDataTable.TipoIdColumn] Missing &lt;summary&gt; documentation [F:\DI\di\Proyecto\PokeDexManager\Help\Working\BuildTopics.proj]
BuildAssembler : warning : ShowMissingComponent: [T:PokeDexManager.ProyectoPokemonDataSet.PokemonDetalleDataTableRow] Missing &lt;summary&gt; documentation [F:\DI\di\Proyecto\PokeDexManager\Help\Working\BuildTopics.proj]
BuildAssembler : warning : ShowMissingComponent: [P:PokeDexManager.ProyectoPokemonDataSet.PokemonDetalleDataTableRow.Ataque] Missing &lt;summary&gt; documentation [F:\DI\di\Proyecto\PokeDexManager\Help\Working\BuildTopics.proj]
BuildAssembler : warning : ShowMissingComponent: [P:PokeDexManager.ProyectoPokemonDataSet.PokemonDetalleDataTableRow.Defensa] Missing &lt;summary&gt; documentation [F:\DI\di\Proyecto\PokeDexManager\Help\Working\BuildTopics.proj]
BuildAssembler : warning : ShowMissingComponent: [P:PokeDexManager.ProyectoPokemonDataSet.PokemonDetalleDataTableRow.Descripcion] Missing &lt;summary&gt; documentation [F:\DI\di\Proyecto\PokeDexManager\Help\Working\BuildTopics.proj]
BuildAssembler : warning : ShowMissingComponent: [P:PokeDexManager.ProyectoPokemonDataSet.PokemonDetalleDataTableRow.EspecieId] Missing &lt;summary&gt; documentation [F:\DI\di\Proyecto\PokeDexManager\Help\Working\BuildTopics.proj]
BuildAssembler : warning : ShowMissingComponent: [M:PokeDexManager.ProyectoPokemonDataSet.PokemonDetalleDataTableRow.GetPokemonRows] Missing &lt;summary&gt; documentation [F:\DI\di\Proyecto\PokeDexManager\Help\Working\BuildTopics.proj]
BuildAssembler : warning : ShowMissingComponent: [M:PokeDexManager.ProyectoPokemonDataSet.PokemonDetalleDataTableRow.GetPokemonRows] Missing &lt;returns&gt; documentation [F:\DI\di\Proyecto\PokeDexManager\Help\Working\BuildTopics.proj]
BuildAssembler : warning : ShowMissingComponent: [P:PokeDexManager.ProyectoPokemonDataSet.PokemonDetalleDataTableRow.IdEspecie] Missing &lt;summary&gt; documentation [F:\DI\di\Proyecto\PokeDexManager\Help\Working\BuildTopics.proj]
BuildAssembler : warning : ShowMissingComponent: [P:PokeDexManager.ProyectoPokemonDataSet.PokemonDetalleDataTableRow.IdPokemon] Missing &lt;summary&gt; documentation [F:\DI\di\Proyecto\PokeDexManager\Help\Working\BuildTopics.proj]
BuildAssembler : warning : ShowMissingComponent: [M:PokeDexManager.ProyectoPokemonDataSet.PokemonDetalleDataTableRow.IsDescripcionNull] Missing &lt;summary&gt; documentation [F:\DI\di\Proyecto\PokeDexManager\Help\Working\BuildTopics.proj]
BuildAssembler : warning : ShowMissingComponent: [M:PokeDexManager.ProyectoPokemonDataSet.PokemonDetalleDataTableRow.IsDescripcionNull] Missing &lt;returns&gt; documentation [F:\DI\di\Proyecto\PokeDexManager\Help\Working\BuildTopics.proj]
BuildAssembler : warning : ShowMissingComponent: [P:PokeDexManager.ProyectoPokemonDataSet.PokemonDetalleDataTableRow.Nivel] Missing &lt;summary&gt; documentation [F:\DI\di\Proyecto\PokeDexManager\Help\Working\BuildTopics.proj]
BuildAssembler : warning : ShowMissingComponent: [P:PokeDexManager.ProyectoPokemonDataSet.PokemonDetalleDataTableRow.Nombre] Missing &lt;summary&gt; documentation [F:\DI\di\Proyecto\PokeDexManager\Help\Working\BuildTopics.proj]
BuildAssembler : warning : ShowMissingComponent: [P:PokeDexManager.ProyectoPokemonDataSet.PokemonDetalleDataTableRow.Salud] Missing &lt;summary&gt; documentation [F:\DI\di\Proyecto\PokeDexManager\Help\Working\BuildTopics.proj]
BuildAssembler : warning : ShowMissingComponent: [M:PokeDexManager.ProyectoPokemonDataSet.PokemonDetalleDataTableRow.SetDescripcionNull] Missing &lt;summary&gt; documentation [F:\DI\di\Proyecto\PokeDexManager\Help\Working\BuildTopics.proj]
BuildAssembler : warning : ShowMissingComponent: [P:PokeDexManager.ProyectoPokemonDataSet.PokemonDetalleDataTableRow.Tipo] Missing &lt;summary&gt; documentation [F:\DI\di\Proyecto\PokeDexManager\Help\Working\BuildTopics.proj]
BuildAssembler : warning : ShowMissingComponent: [P:PokeDexManager.ProyectoPokemonDataSet.PokemonDetalleDataTableRow.TipoId] Missing &lt;summary&gt; documentation [F:\DI\di\Proyecto\PokeDexManager\Help\Working\BuildTopics.proj]
BuildAssembler : warning : ShowMissingComponent: [P:PokeDexManager.ProyectoPokemonDataSet.PokemonDetalleDataTableRow.TipoRow] Missing &lt;summary&gt; documentation [F:\DI\di\Proyecto\PokeDexManager\Help\Working\BuildTopics.proj]
BuildAssembler : warning : ShowMissingComponent: [T:PokeDexManager.ProyectoPokemonDataSet.PokemonDetalleDataTableRowChangeEvent] Missing &lt;summary&gt; documentation [F:\DI\di\Proyecto\PokeDexManager\Help\Working\BuildTopics.proj]
BuildAssembler : warning : ShowMissingComponent: [M:PokeDexManager.ProyectoPokemonDataSet.PokemonDetalleDataTableRowChangeEvent.#ctor(PokeDexManager.ProyectoPokemonDataSet.PokemonDetalleDataTableRow,System.Data.DataRowAction)] Missing &lt;param name=&quot;row&quot;/&gt; documentation [F:\DI\di\Proyecto\PokeDexManager\Help\Working\BuildTopics.proj]
BuildAssembler : warning : ShowMissingComponent: [M:PokeDexManager.ProyectoPokemonDataSet.PokemonDetalleDataTableRowChangeEvent.#ctor(PokeDexManager.ProyectoPokemonDataSet.PokemonDetalleDataTableRow,System.Data.DataRowAction)] Missing &lt;param name=&quot;action&quot;/&gt; documentation [F:\DI\di\Proyecto\PokeDexManager\Help\Working\BuildTopics.proj]
BuildAssembler : warning : ShowMissingComponent: [P:PokeDexManager.ProyectoPokemonDataSet.PokemonDetalleDataTableRowChangeEvent.Action] Missing &lt;summary&gt; documentation [F:\DI\di\Proyecto\PokeDexManager\Help\Working\BuildTopics.proj]
BuildAssembler : warning : ShowMissingComponent: [P:PokeDexManager.ProyectoPokemonDataSet.PokemonDetalleDataTableRowChangeEvent.Row] Missing &lt;summary&gt; documentation [F:\DI\di\Proyecto\PokeDexManager\Help\Working\BuildTopics.proj]
BuildAssembler : warning : ShowMissingComponent: [T:PokeDexManager.ProyectoPokemonDataSet.PokemonDetalleDataTableRowChangeEventHandler] Missing &lt;summary&gt; documentation [F:\DI\di\Proyecto\PokeDexManager\Help\Working\BuildTopics.proj]
BuildAssembler : warning : ShowMissingComponent: [T:PokeDexManager.ProyectoPokemonDataSet.PokemonRow] Missing &lt;summary&gt; documentation [F:\DI\di\Proyecto\PokeDexManager\Help\Working\BuildTopics.proj]
BuildAssembler : warning : ShowMissingComponent: [P:PokeDexManager.ProyectoPokemonDataSet.PokemonRow.Ataque] Missing &lt;summary&gt; documentation [F:\DI\di\Proyecto\PokeDexManager\Help\Working\BuildTopics.proj]
BuildAssembler : warning : ShowMissingComponent: [P:PokeDexManager.ProyectoPokemonDataSet.PokemonRow.Defensa] Missing &lt;summary&gt; documentation [F:\DI\di\Proyecto\PokeDexManager\Help\Working\BuildTopics.proj]
BuildAssembler : warning : ShowMissingComponent: [P:PokeDexManager.ProyectoPokemonDataSet.PokemonRow.EspecieId] Missing &lt;summary&gt; documentation [F:\DI\di\Proyecto\PokeDexManager\Help\Working\BuildTopics.proj]
BuildAssembler : warning : ShowMissingComponent: [P:PokeDexManager.ProyectoPokemonDataSet.PokemonRow.EspecieRow] Missing &lt;summary&gt; documentation [F:\DI\di\Proyecto\PokeDexManager\Help\Working\BuildTopics.proj]
BuildAssembler : warning : ShowMissingComponent: [P:PokeDexManager.ProyectoPokemonDataSet.PokemonRow.FechaRegistro] Missing &lt;summary&gt; documentation [F:\DI\di\Proyecto\PokeDexManager\Help\Working\BuildTopics.proj]
BuildAssembler : warning : ShowMissingComponent: [M:PokeDexManager.ProyectoPokemonDataSet.PokemonRow.GetCombateRowsByFK_Combate_Ganador] Missing &lt;summary&gt; documentation [F:\DI\di\Proyecto\PokeDexManager\Help\Working\BuildTopics.proj]
BuildAssembler : warning : ShowMissingComponent: [M:PokeDexManager.ProyectoPokemonDataSet.PokemonRow.GetCombateRowsByFK_Combate_Ganador] Missing &lt;returns&gt; documentation [F:\DI\di\Proyecto\PokeDexManager\Help\Working\BuildTopics.proj]
BuildAssembler : warning : ShowMissingComponent: [M:PokeDexManager.ProyectoPokemonDataSet.PokemonRow.GetCombateRowsByFK_Combate_Pokemon1] Missing &lt;summary&gt; documentation [F:\DI\di\Proyecto\PokeDexManager\Help\Working\BuildTopics.proj]
BuildAssembler : warning : ShowMissingComponent: [M:PokeDexManager.ProyectoPokemonDataSet.PokemonRow.GetCombateRowsByFK_Combate_Pokemon1] Missing &lt;returns&gt; documentation [F:\DI\di\Proyecto\PokeDexManager\Help\Working\BuildTopics.proj]
BuildAssembler : warning : ShowMissingComponent: [M:PokeDexManager.ProyectoPokemonDataSet.PokemonRow.GetCombateRowsByFK_Combate_Pokemon2] Missing &lt;summary&gt; documentation [F:\DI\di\Proyecto\PokeDexManager\Help\Working\BuildTopics.proj]
BuildAssembler : warning : ShowMissingComponent: [M:PokeDexManager.ProyectoPokemonDataSet.PokemonRow.GetCombateRowsByFK_Combate_Pokemon2] Missing &lt;returns&gt; documentation [F:\DI\di\Proyecto\PokeDexManager\Help\Working\BuildTopics.proj]
BuildAssembler : warning : ShowMissingComponent: [P:PokeDexManager.ProyectoPokemonDataSet.PokemonRow.IdPokemon] Missing &lt;summary&gt; documentation [F:\DI\di\Proyecto\PokeDexManager\Help\Working\BuildTopics.proj]
BuildAssembler : warning : ShowMissingComponent: [P:PokeDexManager.ProyectoPokemonDataSet.PokemonRow.Nivel] Missing &lt;summary&gt; documentation [F:\DI\di\Proyecto\PokeDexManager\Help\Working\BuildTopics.proj]
BuildAssembler : warning : ShowMissingComponent: [P:PokeDexManager.ProyectoPokemonDataSet.PokemonRow.PokemonDetalleDataTableRow] Missing &lt;summary&gt; documentation [F:\DI\di\Proyecto\PokeDexManager\Help\Working\BuildTopics.proj]
BuildAssembler : warning : ShowMissingComponent: [P:PokeDexManager.ProyectoPokemonDataSet.PokemonRow.Salud] Missing &lt;summary&gt; documentation [F:\DI\di\Proyecto\PokeDexManager\Help\Working\BuildTopics.proj]
BuildAssembler : warning : ShowMissingComponent: [T:PokeDexManager.ProyectoPokemonDataSet.PokemonRowChangeEvent] Missing &lt;summary&gt; documentation [F:\DI\di\Proyecto\PokeDexManager\Help\Working\BuildTopics.proj]
BuildAssembler : warning : ShowMissingComponent: [M:PokeDexManager.ProyectoPokemonDataSet.PokemonRowChangeEvent.#ctor(PokeDexManager.ProyectoPokemonDataSet.PokemonRow,System.Data.DataRowAction)] Missing &lt;param name=&quot;row&quot;/&gt; documentation [F:\DI\di\Proyecto\PokeDexManager\Help\Working\BuildTopics.proj]
BuildAssembler : warning : ShowMissingComponent: [M:PokeDexManager.ProyectoPokemonDataSet.PokemonRowChangeEvent.#ctor(PokeDexManager.ProyectoPokemonDataSet.PokemonRow,System.Data.DataRowAction)] Missing &lt;param name=&quot;action&quot;/&gt; documentation [F:\DI\di\Proyecto\PokeDexManager\Help\Working\BuildTopics.proj]
BuildAssembler : warning : ShowMissingComponent: [P:PokeDexManager.ProyectoPokemonDataSet.PokemonRowChangeEvent.Action] Missing &lt;summary&gt; documentation [F:\DI\di\Proyecto\PokeDexManager\Help\Working\BuildTopics.proj]
BuildAssembler : warning : ShowMissingComponent: [P:PokeDexManager.ProyectoPokemonDataSet.PokemonRowChangeEvent.Row] Missing &lt;summary&gt; documentation [F:\DI\di\Proyecto\PokeDexManager\Help\Working\BuildTopics.proj]
BuildAssembler : warning : ShowMissingComponent: [T:PokeDexManager.ProyectoPokemonDataSet.PokemonRowChangeEventHandler] Missing &lt;summary&gt; documentation [F:\DI\di\Proyecto\PokeDexManager\Help\Working\BuildTopics.proj]
BuildAssembler : warning : ShowMissingComponent: [T:PokeDexManager.ProyectoPokemonDataSet.SimplePokedexDataTable] Missing &lt;summary&gt; documentation [F:\DI\di\Proyecto\PokeDexManager\Help\Working\BuildTopics.proj]
BuildAssembler : warning : ShowMissingComponent: [M:PokeDexManager.ProyectoPokemonDataSet.SimplePokedexDataTable.#ctor(System.Runtime.Serialization.SerializationInfo,System.Runtime.Serialization.StreamingContext)] Missing &lt;param name=&quot;info&quot;/&gt; documentation [F:\DI\di\Proyecto\PokeDexManager\Help\Working\BuildTopics.proj]
BuildAssembler : warning : ShowMissingComponent: [M:PokeDexManager.ProyectoPokemonDataSet.SimplePokedexDataTable.#ctor(System.Runtime.Serialization.SerializationInfo,System.Runtime.Serialization.StreamingContext)] Missing &lt;param name=&quot;context&quot;/&gt; documentation [F:\DI\di\Proyecto\PokeDexManager\Help\Working\BuildTopics.proj]
BuildAssembler : warning : ShowMissingComponent: [M:PokeDexManager.ProyectoPokemonDataSet.SimplePokedexDataTable.AddSimplePokedexRow(PokeDexManager.ProyectoPokemonDataSet.SimplePokedexRow)] Missing &lt;summary&gt; documentation [F:\DI\di\Proyecto\PokeDexManager\Help\Working\BuildTopics.proj]
BuildAssembler : warning : ShowMissingComponent: [M:PokeDexManager.ProyectoPokemonDataSet.SimplePokedexDataTable.AddSimplePokedexRow(PokeDexManager.ProyectoPokemonDataSet.SimplePokedexRow)] Missing &lt;param name=&quot;row&quot;/&gt; documentation [F:\DI\di\Proyecto\PokeDexManager\Help\Working\BuildTopics.proj]
BuildAssembler : warning : ShowMissingComponent: [M:PokeDexManager.ProyectoPokemonDataSet.SimplePokedexDataTable.AddSimplePokedexRow(System.Int32,System.String,System.String,System.DateTime)] Missing &lt;summary&gt; documentation [F:\DI\di\Proyecto\PokeDexManager\Help\Working\BuildTopics.proj]
BuildAssembler : warning : ShowMissingComponent: [M:PokeDexManager.ProyectoPokemonDataSet.SimplePokedexDataTable.AddSimplePokedexRow(System.Int32,System.String,System.String,System.DateTime)] Missing &lt;returns&gt; documentation [F:\DI\di\Proyecto\PokeDexManager\Help\Working\BuildTopics.proj]
BuildAssembler : warning : ShowMissingComponent: [M:PokeDexManager.ProyectoPokemonDataSet.SimplePokedexDataTable.AddSimplePokedexRow(System.Int32,System.String,System.String,System.DateTime)] Missing &lt;param name=&quot;NumeroPokedex&quot;/&gt; documentation [F:\DI\di\Proyecto\PokeDexManager\Help\Working\BuildTopics.proj]
BuildAssembler : warning : ShowMissingComponent: [M:PokeDexManager.ProyectoPokemonDataSet.SimplePokedexDataTable.AddSimplePokedexRow(System.Int32,System.String,System.String,System.DateTime)] Missing &lt;param name=&quot;Nombre&quot;/&gt; documentation [F:\DI\di\Proyecto\PokeDexManager\Help\Working\BuildTopics.proj]
BuildAssembler : warning : ShowMissingComponent: [M:PokeDexManager.ProyectoPokemonDataSet.SimplePokedexDataTable.AddSimplePokedexRow(System.Int32,System.String,System.String,System.DateTime)] Missing &lt;param name=&quot;Tipo&quot;/&gt; documentation [F:\DI\di\Proyecto\PokeDexManager\Help\Working\BuildTopics.proj]
BuildAssembler : warning : ShowMissingComponent: [M:PokeDexManager.ProyectoPokemonDataSet.SimplePokedexDataTable.AddSimplePokedexRow(System.Int32,System.String,System.String,System.DateTime)] Missing &lt;param name=&quot;FechaRegistro&quot;/&gt; documentation [F:\DI\di\Proyecto\PokeDexManager\Help\Working\BuildTopics.proj]
BuildAssembler : warning : ShowMissingComponent: [M:PokeDexManager.ProyectoPokemonDataSet.SimplePokedexDataTable.Clone] Missing &lt;summary&gt; documentation [F:\DI\di\Proyecto\PokeDexManager\Help\Working\BuildTopics.proj]
BuildAssembler : warning : ShowMissingComponent: [M:PokeDexManager.ProyectoPokemonDataSet.SimplePokedexDataTable.Clone] Missing &lt;returns&gt; documentation [F:\DI\di\Proyecto\PokeDexManager\Help\Working\BuildTopics.proj]
BuildAssembler : warning : ShowMissingComponent: [P:PokeDexManager.ProyectoPokemonDataSet.SimplePokedexDataTable.Count] Missing &lt;summary&gt; documentation [F:\DI\di\Proyecto\PokeDexManager\Help\Working\BuildTopics.proj]
BuildAssembler : warning : ShowMissingComponent: [M:PokeDexManager.ProyectoPokemonDataSet.SimplePokedexDataTable.CreateInstance] Missing &lt;summary&gt; documentation [F:\DI\di\Proyecto\PokeDexManager\Help\Working\BuildTopics.proj]
BuildAssembler : warning : ShowMissingComponent: [M:PokeDexManager.ProyectoPokemonDataSet.SimplePokedexDataTable.CreateInstance] Missing &lt;returns&gt; documentation [F:\DI\di\Proyecto\PokeDexManager\Help\Working\BuildTopics.proj]
BuildAssembler : warning : ShowMissingComponent: [P:PokeDexManager.ProyectoPokemonDataSet.SimplePokedexDataTable.FechaRegistroColumn] Missing &lt;summary&gt; documentation [F:\DI\di\Proyecto\PokeDexManager\Help\Working\BuildTopics.proj]
BuildAssembler : warning : ShowMissingComponent: [M:PokeDexManager.ProyectoPokemonDataSet.SimplePokedexDataTable.FindByIdPokemon(System.Int32)] Missing &lt;summary&gt; documentation [F:\DI\di\Proyecto\PokeDexManager\Help\Working\BuildTopics.proj]
BuildAssembler : warning : ShowMissingComponent: [M:PokeDexManager.ProyectoPokemonDataSet.SimplePokedexDataTable.FindByIdPokemon(System.Int32)] Missing &lt;returns&gt; documentation [F:\DI\di\Proyecto\PokeDexManager\Help\Working\BuildTopics.proj]
BuildAssembler : warning : ShowMissingComponent: [M:PokeDexManager.ProyectoPokemonDataSet.SimplePokedexDataTable.FindByIdPokemon(System.Int32)] Missing &lt;param name=&quot;IdPokemon&quot;/&gt; documentation [F:\DI\di\Proyecto\PokeDexManager\Help\Working\BuildTopics.proj]
BuildAssembler : warning : ShowMissingComponent: [M:PokeDexManager.ProyectoPokemonDataSet.SimplePokedexDataTable.GetRowType] Missing &lt;summary&gt; documentation [F:\DI\di\Proyecto\PokeDexManager\Help\Working\BuildTopics.proj]
BuildAssembler : warning : ShowMissingComponent: [M:PokeDexManager.ProyectoPokemonDataSet.SimplePokedexDataTable.GetRowType] Missing &lt;returns&gt; documentation [F:\DI\di\Proyecto\PokeDexManager\Help\Working\BuildTopics.proj]
BuildAssembler : warning : ShowMissingComponent: [M:PokeDexManager.ProyectoPokemonDataSet.SimplePokedexDataTable.GetTypedTableSchema(System.Xml.Schema.XmlSchemaSet)] Missing &lt;summary&gt; documentation [F:\DI\di\Proyecto\PokeDexManager\Help\Working\BuildTopics.proj]
BuildAssembler : warning : ShowMissingComponent: [M:PokeDexManager.ProyectoPokemonDataSet.SimplePokedexDataTable.GetTypedTableSchema(System.Xml.Schema.XmlSchemaSet)] Missing &lt;returns&gt; documentation [F:\DI\di\Proyecto\PokeDexManager\Help\Working\BuildTopics.proj]
BuildAssembler : warning : ShowMissingComponent: [M:PokeDexManager.ProyectoPokemonDataSet.SimplePokedexDataTable.GetTypedTableSchema(System.Xml.Schema.XmlSchemaSet)] Missing &lt;param name=&quot;xs&quot;/&gt; documentation [F:\DI\di\Proyecto\PokeDexManager\Help\Working\BuildTopics.proj]
BuildAssembler : warning : ShowMissingComponent: [P:PokeDexManager.ProyectoPokemonDataSet.SimplePokedexDataTable.IdPokemonColumn] Missing &lt;summary&gt; documentation [F:\DI\di\Proyecto\PokeDexManager\Help\Working\BuildTopics.proj]
BuildAssembler : warning : ShowMissingComponent: [P:PokeDexManager.ProyectoPokemonDataSet.SimplePokedexDataTable.Item(System.Int32)] Missing &lt;summary&gt; documentation [F:\DI\di\Proyecto\PokeDexManager\Help\Working\BuildTopics.proj]
BuildAssembler : warning : ShowMissingComponent: [M:PokeDexManager.ProyectoPokemonDataSet.SimplePokedexDataTable.NewRowFromBuilder(System.Data.DataRowBuilder)] Missing &lt;summary&gt; documentation [F:\DI\di\Proyecto\PokeDexManager\Help\Working\BuildTopics.proj]
BuildAssembler : warning : ShowMissingComponent: [M:PokeDexManager.ProyectoPokemonDataSet.SimplePokedexDataTable.NewRowFromBuilder(System.Data.DataRowBuilder)] Missing &lt;returns&gt; documentation [F:\DI\di\Proyecto\PokeDexManager\Help\Working\BuildTopics.proj]
BuildAssembler : warning : ShowMissingComponent: [M:PokeDexManager.ProyectoPokemonDataSet.SimplePokedexDataTable.NewRowFromBuilder(System.Data.DataRowBuilder)] Missing &lt;param name=&quot;builder&quot;/&gt; documentation [F:\DI\di\Proyecto\PokeDexManager\Help\Working\BuildTopics.proj]
BuildAssembler : warning : ShowMissingComponent: [M:PokeDexManager.ProyectoPokemonDataSet.SimplePokedexDataTable.NewSimplePokedexRow] Missing &lt;summary&gt; documentation [F:\DI\di\Proyecto\PokeDexManager\Help\Working\BuildTopics.proj]
BuildAssembler : warning : ShowMissingComponent: [M:PokeDexManager.ProyectoPokemonDataSet.SimplePokedexDataTable.NewSimplePokedexRow] Missing &lt;returns&gt; documentation [F:\DI\di\Proyecto\PokeDexManager\Help\Working\BuildTopics.proj]
BuildAssembler : warning : ShowMissingComponent: [P:PokeDexManager.ProyectoPokemonDataSet.SimplePokedexDataTable.NombreColumn] Missing &lt;summary&gt; documentation [F:\DI\di\Proyecto\PokeDexManager\Help\Working\BuildTopics.proj]
BuildAssembler : warning : ShowMissingComponent: [P:PokeDexManager.ProyectoPokemonDataSet.SimplePokedexDataTable.NumeroPokedexColumn] Missing &lt;summary&gt; documentation [F:\DI\di\Proyecto\PokeDexManager\Help\Working\BuildTopics.proj]
BuildAssembler : warning : ShowMissingComponent: [M:PokeDexManager.ProyectoPokemonDataSet.SimplePokedexDataTable.OnRowChanged(System.Data.DataRowChangeEventArgs)] Missing &lt;summary&gt; documentation [F:\DI\di\Proyecto\PokeDexManager\Help\Working\BuildTopics.proj]
BuildAssembler : warning : ShowMissingComponent: [M:PokeDexManager.ProyectoPokemonDataSet.SimplePokedexDataTable.OnRowChanged(System.Data.DataRowChangeEventArgs)] Missing &lt;param name=&quot;e&quot;/&gt; documentation [F:\DI\di\Proyecto\PokeDexManager\Help\Working\BuildTopics.proj]
BuildAssembler : warning : ShowMissingComponent: [M:PokeDexManager.ProyectoPokemonDataSet.SimplePokedexDataTable.OnRowChanging(System.Data.DataRowChangeEventArgs)] Missing &lt;summary&gt; documentation [F:\DI\di\Proyecto\PokeDexManager\Help\Working\BuildTopics.proj]
BuildAssembler : warning : ShowMissingComponent: [M:PokeDexManager.ProyectoPokemonDataSet.SimplePokedexDataTable.OnRowChanging(System.Data.DataRowChangeEventArgs)] Missing &lt;param name=&quot;e&quot;/&gt; documentation [F:\DI\di\Proyecto\PokeDexManager\Help\Working\BuildTopics.proj]
BuildAssembler : warning : ShowMissingComponent: [M:PokeDexManager.ProyectoPokemonDataSet.SimplePokedexDataTable.OnRowDeleted(System.Data.DataRowChangeEventArgs)] Missing &lt;summary&gt; documentation [F:\DI\di\Proyecto\PokeDexManager\Help\Working\BuildTopics.proj]
BuildAssembler : warning : ShowMissingComponent: [M:PokeDexManager.ProyectoPokemonDataSet.SimplePokedexDataTable.OnRowDeleted(System.Data.DataRowChangeEventArgs)] Missing &lt;param name=&quot;e&quot;/&gt; documentation [F:\DI\di\Proyecto\PokeDexManager\Help\Working\BuildTopics.proj]
BuildAssembler : warning : ShowMissingComponent: [M:PokeDexManager.ProyectoPokemonDataSet.SimplePokedexDataTable.OnRowDeleting(System.Data.DataRowChangeEventArgs)] Missing &lt;summary&gt; documentation [F:\DI\di\Proyecto\PokeDexManager\Help\Working\BuildTopics.proj]
BuildAssembler : warning : ShowMissingComponent: [M:PokeDexManager.ProyectoPokemonDataSet.SimplePokedexDataTable.OnRowDeleting(System.Data.DataRowChangeEventArgs)] Missing &lt;param name=&quot;e&quot;/&gt; documentation [F:\DI\di\Proyecto\PokeDexManager\Help\Working\BuildTopics.proj]
BuildAssembler : warning : ShowMissingComponent: [M:PokeDexManager.ProyectoPokemonDataSet.SimplePokedexDataTable.RemoveSimplePokedexRow(PokeDexManager.ProyectoPokemonDataSet.SimplePokedexRow)] Missing &lt;summary&gt; documentation [F:\DI\di\Proyecto\PokeDexManager\Help\Working\BuildTopics.proj]
BuildAssembler : warning : ShowMissingComponent: [M:PokeDexManager.ProyectoPokemonDataSet.SimplePokedexDataTable.RemoveSimplePokedexRow(PokeDexManager.ProyectoPokemonDataSet.SimplePokedexRow)] Missing &lt;param name=&quot;row&quot;/&gt; documentation [F:\DI\di\Proyecto\PokeDexManager\Help\Working\BuildTopics.proj]
BuildAssembler : warning : ShowMissingComponent: [E:PokeDexManager.ProyectoPokemonDataSet.SimplePokedexDataTable.SimplePokedexRowChanged] Missing &lt;summary&gt; documentation [F:\DI\di\Proyecto\PokeDexManager\Help\Working\BuildTopics.proj]
BuildAssembler : warning : ShowMissingComponent: [E:PokeDexManager.ProyectoPokemonDataSet.SimplePokedexDataTable.SimplePokedexRowChanging] Missing &lt;summary&gt; documentation [F:\DI\di\Proyecto\PokeDexManager\Help\Working\BuildTopics.proj]
BuildAssembler : warning : ShowMissingComponent: [E:PokeDexManager.ProyectoPokemonDataSet.SimplePokedexDataTable.SimplePokedexRowDeleted] Missing &lt;summary&gt; documentation [F:\DI\di\Proyecto\PokeDexManager\Help\Working\BuildTopics.proj]
BuildAssembler : warning : ShowMissingComponent: [E:PokeDexManager.ProyectoPokemonDataSet.SimplePokedexDataTable.SimplePokedexRowDeleting] Missing &lt;summary&gt; documentation [F:\DI\di\Proyecto\PokeDexManager\Help\Working\BuildTopics.proj]
BuildAssembler : warning : ShowMissingComponent: [P:PokeDexManager.ProyectoPokemonDataSet.SimplePokedexDataTable.TipoColumn] Missing &lt;summary&gt; documentation [F:\DI\di\Proyecto\PokeDexManager\Help\Working\BuildTopics.proj]
BuildAssembler : warning : ShowMissingComponent: [T:PokeDexManager.ProyectoPokemonDataSet.SimplePokedexRow] Missing &lt;summary&gt; documentation [F:\DI\di\Proyecto\PokeDexManager\Help\Working\BuildTopics.proj]
BuildAssembler : warning : ShowMissingComponent: [P:PokeDexManager.ProyectoPokemonDataSet.SimplePokedexRow.FechaRegistro] Missing &lt;summary&gt; documentation [F:\DI\di\Proyecto\PokeDexManager\Help\Working\BuildTopics.proj]
BuildAssembler : warning : ShowMissingComponent: [P:PokeDexManager.ProyectoPokemonDataSet.SimplePokedexRow.IdPokemon] Missing &lt;summary&gt; documentation [F:\DI\di\Proyecto\PokeDexManager\Help\Working\BuildTopics.proj]
BuildAssembler : warning : ShowMissingComponent: [P:PokeDexManager.ProyectoPokemonDataSet.SimplePokedexRow.Nombre] Missing &lt;summary&gt; documentation [F:\DI\di\Proyecto\PokeDexManager\Help\Working\BuildTopics.proj]
BuildAssembler : warning : ShowMissingComponent: [P:PokeDexManager.ProyectoPokemonDataSet.SimplePokedexRow.NumeroPokedex] Missing &lt;summary&gt; documentation [F:\DI\di\Proyecto\PokeDexManager\Help\Working\BuildTopics.proj]
BuildAssembler : warning : ShowMissingComponent: [P:PokeDexManager.ProyectoPokemonDataSet.SimplePokedexRow.Tipo] Missing &lt;summary&gt; documentation [F:\DI\di\Proyecto\PokeDexManager\Help\Working\BuildTopics.proj]
BuildAssembler : warning : ShowMissingComponent: [T:PokeDexManager.ProyectoPokemonDataSet.SimplePokedexRowChangeEvent] Missing &lt;summary&gt; documentation [F:\DI\di\Proyecto\PokeDexManager\Help\Working\BuildTopics.proj]
BuildAssembler : warning : ShowMissingComponent: [M:PokeDexManager.ProyectoPokemonDataSet.SimplePokedexRowChangeEvent.#ctor(PokeDexManager.ProyectoPokemonDataSet.SimplePokedexRow,System.Data.DataRowAction)] Missing &lt;param name=&quot;row&quot;/&gt; documentation [F:\DI\di\Proyecto\PokeDexManager\Help\Working\BuildTopics.proj]
BuildAssembler : warning : ShowMissingComponent: [M:PokeDexManager.ProyectoPokemonDataSet.SimplePokedexRowChangeEvent.#ctor(PokeDexManager.ProyectoPokemonDataSet.SimplePokedexRow,System.Data.DataRowAction)] Missing &lt;param name=&quot;action&quot;/&gt; documentation [F:\DI\di\Proyecto\PokeDexManager\Help\Working\BuildTopics.proj]
BuildAssembler : warning : ShowMissingComponent: [P:PokeDexManager.ProyectoPokemonDataSet.SimplePokedexRowChangeEvent.Action] Missing &lt;summary&gt; documentation [F:\DI\di\Proyecto\PokeDexManager\Help\Working\BuildTopics.proj]
BuildAssembler : warning : ShowMissingComponent: [P:PokeDexManager.ProyectoPokemonDataSet.SimplePokedexRowChangeEvent.Row] Missing &lt;summary&gt; documentation [F:\DI\di\Proyecto\PokeDexManager\Help\Working\BuildTopics.proj]
BuildAssembler : warning : ShowMissingComponent: [T:PokeDexManager.ProyectoPokemonDataSet.SimplePokedexRowChangeEventHandler] Missing &lt;summary&gt; documentation [F:\DI\di\Proyecto\PokeDexManager\Help\Working\BuildTopics.proj]
BuildAssembler : warning : ShowMissingComponent: [T:PokeDexManager.ProyectoPokemonDataSet.TipoDataTable] Missing &lt;summary&gt; documentation [F:\DI\di\Proyecto\PokeDexManager\Help\Working\BuildTopics.proj]
BuildAssembler : warning : ShowMissingComponent: [M:PokeDexManager.ProyectoPokemonDataSet.TipoDataTable.#ctor(System.Runtime.Serialization.SerializationInfo,System.Runtime.Serialization.StreamingContext)] Missing &lt;param name=&quot;info&quot;/&gt; documentation [F:\DI\di\Proyecto\PokeDexManager\Help\Working\BuildTopics.proj]
BuildAssembler : warning : ShowMissingComponent: [M:PokeDexManager.ProyectoPokemonDataSet.TipoDataTable.#ctor(System.Runtime.Serialization.SerializationInfo,System.Runtime.Serialization.StreamingContext)] Missing &lt;param name=&quot;context&quot;/&gt; documentation [F:\DI\di\Proyecto\PokeDexManager\Help\Working\BuildTopics.proj]
BuildAssembler : warning : ShowMissingComponent: [M:PokeDexManager.ProyectoPokemonDataSet.TipoDataTable.AddTipoRow(PokeDexManager.ProyectoPokemonDataSet.TipoRow)] Missing &lt;summary&gt; documentation [F:\DI\di\Proyecto\PokeDexManager\Help\Working\BuildTopics.proj]
BuildAssembler : warning : ShowMissingComponent: [M:PokeDexManager.ProyectoPokemonDataSet.TipoDataTable.AddTipoRow(PokeDexManager.ProyectoPokemonDataSet.TipoRow)] Missing &lt;param name=&quot;row&quot;/&gt; documentation [F:\DI\di\Proyecto\PokeDexManager\Help\Working\BuildTopics.proj]
BuildAssembler : warning : ShowMissingComponent: [M:PokeDexManager.ProyectoPokemonDataSet.TipoDataTable.AddTipoRow(System.String)] Missing &lt;summary&gt; documentation [F:\DI\di\Proyecto\PokeDexManager\Help\Working\BuildTopics.proj]
BuildAssembler : warning : ShowMissingComponent: [M:PokeDexManager.ProyectoPokemonDataSet.TipoDataTable.AddTipoRow(System.String)] Missing &lt;returns&gt; documentation [F:\DI\di\Proyecto\PokeDexManager\Help\Working\BuildTopics.proj]
BuildAssembler : warning : ShowMissingComponent: [M:PokeDexManager.ProyectoPokemonDataSet.TipoDataTable.AddTipoRow(System.String)] Missing &lt;param name=&quot;Nombre&quot;/&gt; documentation [F:\DI\di\Proyecto\PokeDexManager\Help\Working\BuildTopics.proj]
BuildAssembler : warning : ShowMissingComponent: [M:PokeDexManager.ProyectoPokemonDataSet.TipoDataTable.Clone] Missing &lt;summary&gt; documentation [F:\DI\di\Proyecto\PokeDexManager\Help\Working\BuildTopics.proj]
BuildAssembler : warning : ShowMissingComponent: [M:PokeDexManager.ProyectoPokemonDataSet.TipoDataTable.Clone] Missing &lt;returns&gt; documentation [F:\DI\di\Proyecto\PokeDexManager\Help\Working\BuildTopics.proj]
BuildAssembler : warning : ShowMissingComponent: [P:PokeDexManager.ProyectoPokemonDataSet.TipoDataTable.Count] Missing &lt;summary&gt; documentation [F:\DI\di\Proyecto\PokeDexManager\Help\Working\BuildTopics.proj]
BuildAssembler : warning : ShowMissingComponent: [M:PokeDexManager.ProyectoPokemonDataSet.TipoDataTable.CreateInstance] Missing &lt;summary&gt; documentation [F:\DI\di\Proyecto\PokeDexManager\Help\Working\BuildTopics.proj]
BuildAssembler : warning : ShowMissingComponent: [M:PokeDexManager.ProyectoPokemonDataSet.TipoDataTable.CreateInstance] Missing &lt;returns&gt; documentation [F:\DI\di\Proyecto\PokeDexManager\Help\Working\BuildTopics.proj]
BuildAssembler : warning : ShowMissingComponent: [M:PokeDexManager.ProyectoPokemonDataSet.TipoDataTable.FindByIdTipo(System.Int32)] Missing &lt;summary&gt; documentation [F:\DI\di\Proyecto\PokeDexManager\Help\Working\BuildTopics.proj]
BuildAssembler : warning : ShowMissingComponent: [M:PokeDexManager.ProyectoPokemonDataSet.TipoDataTable.FindByIdTipo(System.Int32)] Missing &lt;returns&gt; documentation [F:\DI\di\Proyecto\PokeDexManager\Help\Working\BuildTopics.proj]
BuildAssembler : warning : ShowMissingComponent: [M:PokeDexManager.ProyectoPokemonDataSet.TipoDataTable.FindByIdTipo(System.Int32)] Missing &lt;param name=&quot;IdTipo&quot;/&gt; documentation [F:\DI\di\Proyecto\PokeDexManager\Help\Working\BuildTopics.proj]
BuildAssembler : warning : ShowMissingComponent: [M:PokeDexManager.ProyectoPokemonDataSet.TipoDataTable.GetRowType] Missing &lt;summary&gt; documentation [F:\DI\di\Proyecto\PokeDexManager\Help\Working\BuildTopics.proj]
BuildAssembler : warning : ShowMissingComponent: [M:PokeDexManager.ProyectoPokemonDataSet.TipoDataTable.GetRowType] Missing &lt;returns&gt; documentation [F:\DI\di\Proyecto\PokeDexManager\Help\Working\BuildTopics.proj]
BuildAssembler : warning : ShowMissingComponent: [M:PokeDexManager.ProyectoPokemonDataSet.TipoDataTable.GetTypedTableSchema(System.Xml.Schema.XmlSchemaSet)] Missing &lt;summary&gt; documentation [F:\DI\di\Proyecto\PokeDexManager\Help\Working\BuildTopics.proj]
BuildAssembler : warning : ShowMissingComponent: [M:PokeDexManager.ProyectoPokemonDataSet.TipoDataTable.GetTypedTableSchema(System.Xml.Schema.XmlSchemaSet)] Missing &lt;returns&gt; documentation [F:\DI\di\Proyecto\PokeDexManager\Help\Working\BuildTopics.proj]
BuildAssembler : warning : ShowMissingComponent: [M:PokeDexManager.ProyectoPokemonDataSet.TipoDataTable.GetTypedTableSchema(System.Xml.Schema.XmlSchemaSet)] Missing &lt;param name=&quot;xs&quot;/&gt; documentation [F:\DI\di\Proyecto\PokeDexManager\Help\Working\BuildTopics.proj]
BuildAssembler : warning : ShowMissingComponent: [P:PokeDexManager.ProyectoPokemonDataSet.TipoDataTable.IdTipoColumn] Missing &lt;summary&gt; documentation [F:\DI\di\Proyecto\PokeDexManager\Help\Working\BuildTopics.proj]
BuildAssembler : warning : ShowMissingComponent: [P:PokeDexManager.ProyectoPokemonDataSet.TipoDataTable.Item(System.Int32)] Missing &lt;summary&gt; documentation [F:\DI\di\Proyecto\PokeDexManager\Help\Working\BuildTopics.proj]
BuildAssembler : warning : ShowMissingComponent: [M:PokeDexManager.ProyectoPokemonDataSet.TipoDataTable.NewRowFromBuilder(System.Data.DataRowBuilder)] Missing &lt;summary&gt; documentation [F:\DI\di\Proyecto\PokeDexManager\Help\Working\BuildTopics.proj]
BuildAssembler : warning : ShowMissingComponent: [M:PokeDexManager.ProyectoPokemonDataSet.TipoDataTable.NewRowFromBuilder(System.Data.DataRowBuilder)] Missing &lt;returns&gt; documentation [F:\DI\di\Proyecto\PokeDexManager\Help\Working\BuildTopics.proj]
BuildAssembler : warning : ShowMissingComponent: [M:PokeDexManager.ProyectoPokemonDataSet.TipoDataTable.NewRowFromBuilder(System.Data.DataRowBuilder)] Missing &lt;param name=&quot;builder&quot;/&gt; documentation [F:\DI\di\Proyecto\PokeDexManager\Help\Working\BuildTopics.proj]
BuildAssembler : warning : ShowMissingComponent: [M:PokeDexManager.ProyectoPokemonDataSet.TipoDataTable.NewTipoRow] Missing &lt;summary&gt; documentation [F:\DI\di\Proyecto\PokeDexManager\Help\Working\BuildTopics.proj]
BuildAssembler : warning : ShowMissingComponent: [M:PokeDexManager.ProyectoPokemonDataSet.TipoDataTable.NewTipoRow] Missing &lt;returns&gt; documentation [F:\DI\di\Proyecto\PokeDexManager\Help\Working\BuildTopics.proj]
BuildAssembler : warning : ShowMissingComponent: [P:PokeDexManager.ProyectoPokemonDataSet.TipoDataTable.NombreColumn] Missing &lt;summary&gt; documentation [F:\DI\di\Proyecto\PokeDexManager\Help\Working\BuildTopics.proj]
BuildAssembler : warning : ShowMissingComponent: [M:PokeDexManager.ProyectoPokemonDataSet.TipoDataTable.OnRowChanged(System.Data.DataRowChangeEventArgs)] Missing &lt;summary&gt; documentation [F:\DI\di\Proyecto\PokeDexManager\Help\Working\BuildTopics.proj]
BuildAssembler : warning : ShowMissingComponent: [M:PokeDexManager.ProyectoPokemonDataSet.TipoDataTable.OnRowChanged(System.Data.DataRowChangeEventArgs)] Missing &lt;param name=&quot;e&quot;/&gt; documentation [F:\DI\di\Proyecto\PokeDexManager\Help\Working\BuildTopics.proj]
BuildAssembler : warning : ShowMissingComponent: [M:PokeDexManager.ProyectoPokemonDataSet.TipoDataTable.OnRowChanging(System.Data.DataRowChangeEventArgs)] Missing &lt;summary&gt; documentation [F:\DI\di\Proyecto\PokeDexManager\Help\Working\BuildTopics.proj]
BuildAssembler : warning : ShowMissingComponent: [M:PokeDexManager.ProyectoPokemonDataSet.TipoDataTable.OnRowChanging(System.Data.DataRowChangeEventArgs)] Missing &lt;param name=&quot;e&quot;/&gt; documentation [F:\DI\di\Proyecto\PokeDexManager\Help\Working\BuildTopics.proj]
BuildAssembler : warning : ShowMissingComponent: [M:PokeDexManager.ProyectoPokemonDataSet.TipoDataTable.OnRowDeleted(System.Data.DataRowChangeEventArgs)] Missing &lt;summary&gt; documentation [F:\DI\di\Proyecto\PokeDexManager\Help\Working\BuildTopics.proj]
BuildAssembler : warning : ShowMissingComponent: [M:PokeDexManager.ProyectoPokemonDataSet.TipoDataTable.OnRowDeleted(System.Data.DataRowChangeEventArgs)] Missing &lt;param name=&quot;e&quot;/&gt; documentation [F:\DI\di\Proyecto\PokeDexManager\Help\Working\BuildTopics.proj]
BuildAssembler : warning : ShowMissingComponent: [M:PokeDexManager.ProyectoPokemonDataSet.TipoDataTable.OnRowDeleting(System.Data.DataRowChangeEventArgs)] Missing &lt;summary&gt; documentation [F:\DI\di\Proyecto\PokeDexManager\Help\Working\BuildTopics.proj]
BuildAssembler : warning : ShowMissingComponent: [M:PokeDexManager.ProyectoPokemonDataSet.TipoDataTable.OnRowDeleting(System.Data.DataRowChangeEventArgs)] Missing &lt;param name=&quot;e&quot;/&gt; documentation [F:\DI\di\Proyecto\PokeDexManager\Help\Working\BuildTopics.proj]
BuildAssembler : warning : ShowMissingComponent: [M:PokeDexManager.ProyectoPokemonDataSet.TipoDataTable.RemoveTipoRow(PokeDexManager.ProyectoPokemonDataSet.TipoRow)] Missing &lt;summary&gt; documentation [F:\DI\di\Proyecto\PokeDexManager\Help\Working\BuildTopics.proj]
BuildAssembler : warning : ShowMissingComponent: [M:PokeDexManager.ProyectoPokemonDataSet.TipoDataTable.RemoveTipoRow(PokeDexManager.ProyectoPokemonDataSet.TipoRow)] Missing &lt;param name=&quot;row&quot;/&gt; documentation [F:\DI\di\Proyecto\PokeDexManager\Help\Working\BuildTopics.proj]
BuildAssembler : warning : ShowMissingComponent: [E:PokeDexManager.ProyectoPokemonDataSet.TipoDataTable.TipoRowChanged] Missing &lt;summary&gt; documentation [F:\DI\di\Proyecto\PokeDexManager\Help\Working\BuildTopics.proj]
BuildAssembler : warning : ShowMissingComponent: [E:PokeDexManager.ProyectoPokemonDataSet.TipoDataTable.TipoRowChanging] Missing &lt;summary&gt; documentation [F:\DI\di\Proyecto\PokeDexManager\Help\Working\BuildTopics.proj]
BuildAssembler : warning : ShowMissingComponent: [E:PokeDexManager.ProyectoPokemonDataSet.TipoDataTable.TipoRowDeleted] Missing &lt;summary&gt; documentation [F:\DI\di\Proyecto\PokeDexManager\Help\Working\BuildTopics.proj]
BuildAssembler : warning : ShowMissingComponent: [E:PokeDexManager.ProyectoPokemonDataSet.TipoDataTable.TipoRowDeleting] Missing &lt;summary&gt; documentation [F:\DI\di\Proyecto\PokeDexManager\Help\Working\BuildTopics.proj]
BuildAssembler : warning : ShowMissingComponent: [T:PokeDexManager.ProyectoPokemonDataSet.TipoRow] Missing &lt;summary&gt; documentation [F:\DI\di\Proyecto\PokeDexManager\Help\Working\BuildTopics.proj]
BuildAssembler : warning : ShowMissingComponent: [M:PokeDexManager.ProyectoPokemonDataSet.TipoRow.GetEspecieRows] Missing &lt;summary&gt; documentation [F:\DI\di\Proyecto\PokeDexManager\Help\Working\BuildTopics.proj]
BuildAssembler : warning : ShowMissingComponent: [M:PokeDexManager.ProyectoPokemonDataSet.TipoRow.GetEspecieRows] Missing &lt;returns&gt; documentation [F:\DI\di\Proyecto\PokeDexManager\Help\Working\BuildTopics.proj]
BuildAssembler : warning : ShowMissingComponent: [M:PokeDexManager.ProyectoPokemonDataSet.TipoRow.GetPokemonDetalleDataTableRows] Missing &lt;summary&gt; documentation [F:\DI\di\Proyecto\PokeDexManager\Help\Working\BuildTopics.proj]
BuildAssembler : warning : ShowMissingComponent: [M:PokeDexManager.ProyectoPokemonDataSet.TipoRow.GetPokemonDetalleDataTableRows] Missing &lt;returns&gt; documentation [F:\DI\di\Proyecto\PokeDexManager\Help\Working\BuildTopics.proj]
BuildAssembler : warning : ShowMissingComponent: [P:PokeDexManager.ProyectoPokemonDataSet.TipoRow.IdTipo] Missing &lt;summary&gt; documentation [F:\DI\di\Proyecto\PokeDexManager\Help\Working\BuildTopics.proj]
BuildAssembler : warning : ShowMissingComponent: [P:PokeDexManager.ProyectoPokemonDataSet.TipoRow.Nombre] Missing &lt;summary&gt; documentation [F:\DI\di\Proyecto\PokeDexManager\Help\Working\BuildTopics.proj]
BuildAssembler : warning : ShowMissingComponent: [T:PokeDexManager.ProyectoPokemonDataSet.TipoRowChangeEvent] Missing &lt;summary&gt; documentation [F:\DI\di\Proyecto\PokeDexManager\Help\Working\BuildTopics.proj]
BuildAssembler : warning : ShowMissingComponent: [M:PokeDexManager.ProyectoPokemonDataSet.TipoRowChangeEvent.#ctor(PokeDexManager.ProyectoPokemonDataSet.TipoRow,System.Data.DataRowAction)] Missing &lt;param name=&quot;row&quot;/&gt; documentation [F:\DI\di\Proyecto\PokeDexManager\Help\Working\BuildTopics.proj]
BuildAssembler : warning : ShowMissingComponent: [M:PokeDexManager.ProyectoPokemonDataSet.TipoRowChangeEvent.#ctor(PokeDexManager.ProyectoPokemonDataSet.TipoRow,System.Data.DataRowAction)] Missing &lt;param name=&quot;action&quot;/&gt; documentation [F:\DI\di\Proyecto\PokeDexManager\Help\Working\BuildTopics.proj]
BuildAssembler : warning : ShowMissingComponent: [P:PokeDexManager.ProyectoPokemonDataSet.TipoRowChangeEvent.Action] Missing &lt;summary&gt; documentation [F:\DI\di\Proyecto\PokeDexManager\Help\Working\BuildTopics.proj]
BuildAssembler : warning : ShowMissingComponent: [P:PokeDexManager.ProyectoPokemonDataSet.TipoRowChangeEvent.Row] Missing &lt;summary&gt; documentation [F:\DI\di\Proyecto\PokeDexManager\Help\Working\BuildTopics.proj]
BuildAssembler : warning : ShowMissingComponent: [T:PokeDexManager.ProyectoPokemonDataSet.TipoRowChangeEventHandler] Missing &lt;summary&gt; documentation [F:\DI\di\Proyecto\PokeDexManager\Help\Working\BuildTopics.proj]
BuildAssembler : warning : ShowMissingComponent: [T:PokeDexManager.SplashScreen] Missing &lt;summary&gt; documentation [F:\DI\di\Proyecto\PokeDexManager\Help\Working\BuildTopics.proj]
BuildAssembler : warning : ShowMissingComponent: [T:PokeDexManager.UcCombates] Missing &lt;summary&gt; documentation [F:\DI\di\Proyecto\PokeDexManager\Help\Working\BuildTopics.proj]
BuildAssembler : warning : ShowMissingComponent: [T:PokeDexManager.UcPokedex] Missing &lt;summary&gt; documentation [F:\DI\di\Proyecto\PokeDexManager\Help\Working\BuildTopics.proj]
BuildAssembler : warning : ShowMissingComponent: [E:PokeDexManager.UcPokedex.PokemonCargados] Missing &lt;summary&gt; documentation [F:\DI\di\Proyecto\PokeDexManager\Help\Working\BuildTopics.proj]
BuildAssembler : warning : ShowMissingComponent: [T:PokeDexManager.VerInformacion] Missing &lt;summary&gt; documentation [F:\DI\di\Proyecto\PokeDexManager\Help\Working\BuildTopics.proj]
BuildAssembler : warning : ShowMissingComponent: [T:PokeDexManager.VerPokemon] Missing &lt;summary&gt; documentation [F:\DI\di\Proyecto\PokeDexManager\Help\Working\BuildTopics.proj]
BuildAssembler : warning : ShowMissingComponent: [M:PokeDexManager.VerPokemon.ActivarModoEdicion] Missing &lt;summary&gt; documentation [F:\DI\di\Proyecto\PokeDexManager\Help\Working\BuildTopics.proj]
BuildAssembler : warning : ShowMissingComponent: [M:PokeDexManager.VerPokemon.CargarDatos(System.Int32,System.Int32,System.String,System.Int32,System.Int32,System.Int32,System.Int32,System.Int32,System.String)] Missing &lt;summary&gt; documentation [F:\DI\di\Proyecto\PokeDexManager\Help\Working\BuildTopics.proj]
BuildAssembler : warning : ShowMissingComponent: [M:PokeDexManager.VerPokemon.CargarDatos(System.Int32,System.Int32,System.String,System.Int32,System.Int32,System.Int32,System.Int32,System.Int32,System.String)] Missing &lt;param name=&quot;idPoke&quot;/&gt; documentation [F:\DI\di\Proyecto\PokeDexManager\Help\Working\BuildTopics.proj]
BuildAssembler : warning : ShowMissingComponent: [M:PokeDexManager.VerPokemon.CargarDatos(System.Int32,System.Int32,System.String,System.Int32,System.Int32,System.Int32,System.Int32,System.Int32,System.String)] Missing &lt;param name=&quot;idEsp&quot;/&gt; documentation [F:\DI\di\Proyecto\PokeDexManager\Help\Working\BuildTopics.proj]
BuildAssembler : warning : ShowMissingComponent: [M:PokeDexManager.VerPokemon.CargarDatos(System.Int32,System.Int32,System.String,System.Int32,System.Int32,System.Int32,System.Int32,System.Int32,System.String)] Missing &lt;param name=&quot;nombre&quot;/&gt; documentation [F:\DI\di\Proyecto\PokeDexManager\Help\Working\BuildTopics.proj]
BuildAssembler : warning : ShowMissingComponent: [M:PokeDexManager.VerPokemon.CargarDatos(System.Int32,System.Int32,System.String,System.Int32,System.Int32,System.Int32,System.Int32,System.Int32,System.String)] Missing &lt;param name=&quot;nivel&quot;/&gt; documentation [F:\DI\di\Proyecto\PokeDexManager\Help\Working\BuildTopics.proj]
BuildAssembler : warning : ShowMissingComponent: [M:PokeDexManager.VerPokemon.CargarDatos(System.Int32,System.Int32,System.String,System.Int32,System.Int32,System.Int32,System.Int32,System.Int32,System.String)] Missing &lt;param name=&quot;salud&quot;/&gt; documentation [F:\DI\di\Proyecto\PokeDexManager\Help\Working\BuildTopics.proj]
BuildAssembler : warning : ShowMissingComponent: [M:PokeDexManager.VerPokemon.CargarDatos(System.Int32,System.Int32,System.String,System.Int32,System.Int32,System.Int32,System.Int32,System.Int32,System.String)] Missing &lt;param name=&quot;ataque&quot;/&gt; documentation [F:\DI\di\Proyecto\PokeDexManager\Help\Working\BuildTopics.proj]
BuildAssembler : warning : ShowMissingComponent: [M:PokeDexManager.VerPokemon.CargarDatos(System.Int32,System.Int32,System.String,System.Int32,System.Int32,System.Int32,System.Int32,System.Int32,System.String)] Missing &lt;param name=&quot;defensa&quot;/&gt; documentation [F:\DI\di\Proyecto\PokeDexManager\Help\Working\BuildTopics.proj]
BuildAssembler : warning : ShowMissingComponent: [M:PokeDexManager.VerPokemon.CargarDatos(System.Int32,System.Int32,System.String,System.Int32,System.Int32,System.Int32,System.Int32,System.Int32,System.String)] Missing &lt;param name=&quot;tipoId&quot;/&gt; documentation [F:\DI\di\Proyecto\PokeDexManager\Help\Working\BuildTopics.proj]
BuildAssembler : warning : ShowMissingComponent: [M:PokeDexManager.VerPokemon.CargarDatos(System.Int32,System.Int32,System.String,System.Int32,System.Int32,System.Int32,System.Int32,System.Int32,System.String)] Missing &lt;param name=&quot;descripcion&quot;/&gt; documentation [F:\DI\di\Proyecto\PokeDexManager\Help\Working\BuildTopics.proj]
BuildAssembler : warning : ShowMissingComponent: [N:PokeDexManager.ProyectoPokemonDataSetTableAdapters] Missing &lt;summary&gt; documentation [F:\DI\di\Proyecto\PokeDexManager\Help\Working\BuildTopics.proj]
BuildAssembler : warning : ShowMissingComponent: [T:PokeDexManager.ProyectoPokemonDataSetTableAdapters.CombateHistorialTableAdapter] Missing &lt;summary&gt; documentation [F:\DI\di\Proyecto\PokeDexManager\Help\Working\BuildTopics.proj]
BuildAssembler : warning : ShowMissingComponent: [P:PokeDexManager.ProyectoPokemonDataSetTableAdapters.CombateHistorialTableAdapter.Adapter] Missing &lt;summary&gt; documentation [F:\DI\di\Proyecto\PokeDexManager\Help\Working\BuildTopics.proj]
BuildAssembler : warning : ShowMissingComponent: [P:PokeDexManager.ProyectoPokemonDataSetTableAdapters.CombateHistorialTableAdapter.ClearBeforeFill] Missing &lt;summary&gt; documentation [F:\DI\di\Proyecto\PokeDexManager\Help\Working\BuildTopics.proj]
BuildAssembler : warning : ShowMissingComponent: [P:PokeDexManager.ProyectoPokemonDataSetTableAdapters.CombateHistorialTableAdapter.CommandCollection] Missing &lt;summary&gt; documentation [F:\DI\di\Proyecto\PokeDexManager\Help\Working\BuildTopics.proj]
BuildAssembler : warning : ShowMissingComponent: [M:PokeDexManager.ProyectoPokemonDataSetTableAdapters.CombateHistorialTableAdapter.Fill(PokeDexManager.ProyectoPokemonDataSet.CombateHistorialDataTable)] Missing &lt;summary&gt; documentation [F:\DI\di\Proyecto\PokeDexManager\Help\Working\BuildTopics.proj]
BuildAssembler : warning : ShowMissingComponent: [M:PokeDexManager.ProyectoPokemonDataSetTableAdapters.CombateHistorialTableAdapter.Fill(PokeDexManager.ProyectoPokemonDataSet.CombateHistorialDataTable)] Missing &lt;returns&gt; documentation [F:\DI\di\Proyecto\PokeDexManager\Help\Working\BuildTopics.proj]
BuildAssembler : warning : ShowMissingComponent: [M:PokeDexManager.ProyectoPokemonDataSetTableAdapters.CombateHistorialTableAdapter.Fill(PokeDexManager.ProyectoPokemonDataSet.CombateHistorialDataTable)] Missing &lt;param name=&quot;dataTable&quot;/&gt; documentation [F:\DI\di\Proyecto\PokeDexManager\Help\Working\BuildTopics.proj]
BuildAssembler : warning : ShowMissingComponent: [M:PokeDexManager.ProyectoPokemonDataSetTableAdapters.CombateHistorialTableAdapter.GetData] Missing &lt;summary&gt; documentation [F:\DI\di\Proyecto\PokeDexManager\Help\Working\BuildTopics.proj]
BuildAssembler : warning : ShowMissingComponent: [M:PokeDexManager.ProyectoPokemonDataSetTableAdapters.CombateHistorialTableAdapter.GetData] Missing &lt;returns&gt; documentation [F:\DI\di\Proyecto\PokeDexManager\Help\Working\BuildTopics.proj]
BuildAssembler : warning : ShowMissingComponent: [T:PokeDexManager.ProyectoPokemonDataSetTableAdapters.CombateTableAdapter] Missing &lt;summary&gt; documentation [F:\DI\di\Proyecto\PokeDexManager\Help\Working\BuildTopics.proj]
BuildAssembler : warning : ShowMissingComponent: [P:PokeDexManager.ProyectoPokemonDataSetTableAdapters.CombateTableAdapter.Adapter] Missing &lt;summary&gt; documentation [F:\DI\di\Proyecto\PokeDexManager\Help\Working\BuildTopics.proj]
BuildAssembler : warning : ShowMissingComponent: [P:PokeDexManager.ProyectoPokemonDataSetTableAdapters.CombateTableAdapter.ClearBeforeFill] Missing &lt;summary&gt; documentation [F:\DI\di\Proyecto\PokeDexManager\Help\Working\BuildTopics.proj]
BuildAssembler : warning : ShowMissingComponent: [P:PokeDexManager.ProyectoPokemonDataSetTableAdapters.CombateTableAdapter.CommandCollection] Missing &lt;summary&gt; documentation [F:\DI\di\Proyecto\PokeDexManager\Help\Working\BuildTopics.proj]
BuildAssembler : warning : ShowMissingComponent: [M:PokeDexManager.ProyectoPokemonDataSetTableAdapters.CombateTableAdapter.Delete(System.Int32,System.Int32,System.Int32,System.Int32,System.Int32,System.Int32,System.Int32,System.DateTime)] Missing &lt;summary&gt; documentation [F:\DI\di\Proyecto\PokeDexManager\Help\Working\BuildTopics.proj]
BuildAssembler : warning : ShowMissingComponent: [M:PokeDexManager.ProyectoPokemonDataSetTableAdapters.CombateTableAdapter.Delete(System.Int32,System.Int32,System.Int32,System.Int32,System.Int32,System.Int32,System.Int32,System.DateTime)] Missing &lt;returns&gt; documentation [F:\DI\di\Proyecto\PokeDexManager\Help\Working\BuildTopics.proj]
BuildAssembler : warning : ShowMissingComponent: [M:PokeDexManager.ProyectoPokemonDataSetTableAdapters.CombateTableAdapter.Delete(System.Int32,System.Int32,System.Int32,System.Int32,System.Int32,System.Int32,System.Int32,System.DateTime)] Missing &lt;param name=&quot;Original_IdCombate&quot;/&gt; documentation [F:\DI\di\Proyecto\PokeDexManager\Help\Working\BuildTopics.proj]
BuildAssembler : warning : ShowMissingComponent: [M:PokeDexManager.ProyectoPokemonDataSetTableAdapters.CombateTableAdapter.Delete(System.Int32,System.Int32,System.Int32,System.Int32,System.Int32,System.Int32,System.Int32,System.DateTime)] Missing &lt;param name=&quot;Original_Pokemon1Id&quot;/&gt; documentation [F:\DI\di\Proyecto\PokeDexManager\Help\Working\BuildTopics.proj]
BuildAssembler : warning : ShowMissingComponent: [M:PokeDexManager.ProyectoPokemonDataSetTableAdapters.CombateTableAdapter.Delete(System.Int32,System.Int32,System.Int32,System.Int32,System.Int32,System.Int32,System.Int32,System.DateTime)] Missing &lt;param name=&quot;Original_Pokemon2Id&quot;/&gt; documentation [F:\DI\di\Proyecto\PokeDexManager\Help\Working\BuildTopics.proj]
BuildAssembler : warning : ShowMissingComponent: [M:PokeDexManager.ProyectoPokemonDataSetTableAdapters.CombateTableAdapter.Delete(System.Int32,System.Int32,System.Int32,System.Int32,System.Int32,System.Int32,System.Int32,System.DateTime)] Missing &lt;param name=&quot;Original_Da&#164;oPokemon1&quot;/&gt; documentation [F:\DI\di\Proyecto\PokeDexManager\Help\Working\BuildTopics.proj]
BuildAssembler : warning : ShowMissingComponent: [M:PokeDexManager.ProyectoPokemonDataSetTableAdapters.CombateTableAdapter.Delete(System.Int32,System.Int32,System.Int32,System.Int32,System.Int32,System.Int32,System.Int32,System.DateTime)] Missing &lt;param name=&quot;Original_Da&#164;oPokemon2&quot;/&gt; documentation [F:\DI\di\Proyecto\PokeDexManager\Help\Working\BuildTopics.proj]
BuildAssembler : warning : ShowMissingComponent: [M:PokeDexManager.ProyectoPokemonDataSetTableAdapters.CombateTableAdapter.Delete(System.Int32,System.Int32,System.Int32,System.Int32,System.Int32,System.Int32,System.Int32,System.DateTime)] Missing &lt;param name=&quot;Original_PokemonGanadorId&quot;/&gt; documentation [F:\DI\di\Proyecto\PokeDexManager\Help\Working\BuildTopics.proj]
BuildAssembler : warning : ShowMissingComponent: [M:PokeDexManager.ProyectoPokemonDataSetTableAdapters.CombateTableAdapter.Delete(System.Int32,System.Int32,System.Int32,System.Int32,System.Int32,System.Int32,System.Int32,System.DateTime)] Missing &lt;param name=&quot;Original_ExperienciaGanada&quot;/&gt; documentation [F:\DI\di\Proyecto\PokeDexManager\Help\Working\BuildTopics.proj]
BuildAssembler : warning : ShowMissingComponent: [M:PokeDexManager.ProyectoPokemonDataSetTableAdapters.CombateTableAdapter.Delete(System.Int32,System.Int32,System.Int32,System.Int32,System.Int32,System.Int32,System.Int32,System.DateTime)] Missing &lt;param name=&quot;Original_Fecha&quot;/&gt; documentation [F:\DI\di\Proyecto\PokeDexManager\Help\Working\BuildTopics.proj]
BuildAssembler : warning : ShowMissingComponent: [M:PokeDexManager.ProyectoPokemonDataSetTableAdapters.CombateTableAdapter.Fill(PokeDexManager.ProyectoPokemonDataSet.CombateDataTable)] Missing &lt;summary&gt; documentation [F:\DI\di\Proyecto\PokeDexManager\Help\Working\BuildTopics.proj]
BuildAssembler : warning : ShowMissingComponent: [M:PokeDexManager.ProyectoPokemonDataSetTableAdapters.CombateTableAdapter.Fill(PokeDexManager.ProyectoPokemonDataSet.CombateDataTable)] Missing &lt;returns&gt; documentation [F:\DI\di\Proyecto\PokeDexManager\Help\Working\BuildTopics.proj]
BuildAssembler : warning : ShowMissingComponent: [M:PokeDexManager.ProyectoPokemonDataSetTableAdapters.CombateTableAdapter.Fill(PokeDexManager.ProyectoPokemonDataSet.CombateDataTable)] Missing &lt;param name=&quot;dataTable&quot;/&gt; documentation [F:\DI\di\Proyecto\PokeDexManager\Help\Working\BuildTopics.proj]
BuildAssembler : warning : ShowMissingComponent: [M:PokeDexManager.ProyectoPokemonDataSetTableAdapters.CombateTableAdapter.GetCombatesGanadosById(System.Int32)] Missing &lt;summary&gt; documentation [F:\DI\di\Proyecto\PokeDexManager\Help\Working\BuildTopics.proj]
BuildAssembler : warning : ShowMissingComponent: [M:PokeDexManager.ProyectoPokemonDataSetTableAdapters.CombateTableAdapter.GetCombatesGanadosById(System.Int32)] Missing &lt;returns&gt; documentation [F:\DI\di\Proyecto\PokeDexManager\Help\Working\BuildTopics.proj]
BuildAssembler : warning : ShowMissingComponent: [M:PokeDexManager.ProyectoPokemonDataSetTableAdapters.CombateTableAdapter.GetCombatesGanadosById(System.Int32)] Missing &lt;param name=&quot;IdPokemon&quot;/&gt; documentation [F:\DI\di\Proyecto\PokeDexManager\Help\Working\BuildTopics.proj]
BuildAssembler : warning : ShowMissingComponent: [M:PokeDexManager.ProyectoPokemonDataSetTableAdapters.CombateTableAdapter.GetData] Missing &lt;summary&gt; documentation [F:\DI\di\Proyecto\PokeDexManager\Help\Working\BuildTopics.proj]
BuildAssembler : warning : ShowMissingComponent: [M:PokeDexManager.ProyectoPokemonDataSetTableAdapters.CombateTableAdapter.GetData] Missing &lt;returns&gt; documentation [F:\DI\di\Proyecto\PokeDexManager\Help\Working\BuildTopics.proj]
BuildAssembler : warning : ShowMissingComponent: [M:PokeDexManager.ProyectoPokemonDataSetTableAdapters.CombateTableAdapter.GetExperienciaTotalGanadaByPokemonId(System.Int32)] Missing &lt;summary&gt; documentation [F:\DI\di\Proyecto\PokeDexManager\Help\Working\BuildTopics.proj]
BuildAssembler : warning : ShowMissingComponent: [M:PokeDexManager.ProyectoPokemonDataSetTableAdapters.CombateTableAdapter.GetExperienciaTotalGanadaByPokemonId(System.Int32)] Missing &lt;returns&gt; documentation [F:\DI\di\Proyecto\PokeDexManager\Help\Working\BuildTopics.proj]
BuildAssembler : warning : ShowMissingComponent: [M:PokeDexManager.ProyectoPokemonDataSetTableAdapters.CombateTableAdapter.GetExperienciaTotalGanadaByPokemonId(System.Int32)] Missing &lt;param name=&quot;IdPokemon&quot;/&gt; documentation [F:\DI\di\Proyecto\PokeDexManager\Help\Working\BuildTopics.proj]
BuildAssembler : warning : ShowMissingComponent: [M:PokeDexManager.ProyectoPokemonDataSetTableAdapters.CombateTableAdapter.GetTotalCombatesByPokemonId(System.Int32)] Missing &lt;summary&gt; documentation [F:\DI\di\Proyecto\PokeDexManager\Help\Working\BuildTopics.proj]
BuildAssembler : warning : ShowMissingComponent: [M:PokeDexManager.ProyectoPokemonDataSetTableAdapters.CombateTableAdapter.GetTotalCombatesByPokemonId(System.Int32)] Missing &lt;returns&gt; documentation [F:\DI\di\Proyecto\PokeDexManager\Help\Working\BuildTopics.proj]
BuildAssembler : warning : ShowMissingComponent: [M:PokeDexManager.ProyectoPokemonDataSetTableAdapters.CombateTableAdapter.GetTotalCombatesByPokemonId(System.Int32)] Missing &lt;param name=&quot;IdPokemon&quot;/&gt; documentation [F:\DI\di\Proyecto\PokeDexManager\Help\Working\BuildTopics.proj]
BuildAssembler : warning : ShowMissingComponent: [M:PokeDexManager.ProyectoPokemonDataSetTableAdapters.CombateTableAdapter.Insert(System.Int32,System.Int32,System.Int32,System.Int32,System.Int32,System.Int32,System.DateTime)] Missing &lt;summary&gt; documentation [F:\DI\di\Proyecto\PokeDexManager\Help\Working\BuildTopics.proj]
BuildAssembler : warning : ShowMissingComponent: [M:PokeDexManager.ProyectoPokemonDataSetTableAdapters.CombateTableAdapter.Insert(System.Int32,System.Int32,System.Int32,System.Int32,System.Int32,System.Int32,System.DateTime)] Missing &lt;returns&gt; documentation [F:\DI\di\Proyecto\PokeDexManager\Help\Working\BuildTopics.proj]
BuildAssembler : warning : ShowMissingComponent: [M:PokeDexManager.ProyectoPokemonDataSetTableAdapters.CombateTableAdapter.Insert(System.Int32,System.Int32,System.Int32,System.Int32,System.Int32,System.Int32,System.DateTime)] Missing &lt;param name=&quot;Pokemon1Id&quot;/&gt; documentation [F:\DI\di\Proyecto\PokeDexManager\Help\Working\BuildTopics.proj]
BuildAssembler : warning : ShowMissingComponent: [M:PokeDexManager.ProyectoPokemonDataSetTableAdapters.CombateTableAdapter.Insert(System.Int32,System.Int32,System.Int32,System.Int32,System.Int32,System.Int32,System.DateTime)] Missing &lt;param name=&quot;Pokemon2Id&quot;/&gt; documentation [F:\DI\di\Proyecto\PokeDexManager\Help\Working\BuildTopics.proj]
BuildAssembler : warning : ShowMissingComponent: [M:PokeDexManager.ProyectoPokemonDataSetTableAdapters.CombateTableAdapter.Insert(System.Int32,System.Int32,System.Int32,System.Int32,System.Int32,System.Int32,System.DateTime)] Missing &lt;param name=&quot;Da&#164;oPokemon1&quot;/&gt; documentation [F:\DI\di\Proyecto\PokeDexManager\Help\Working\BuildTopics.proj]
BuildAssembler : warning : ShowMissingComponent: [M:PokeDexManager.ProyectoPokemonDataSetTableAdapters.CombateTableAdapter.Insert(System.Int32,System.Int32,System.Int32,System.Int32,System.Int32,System.Int32,System.DateTime)] Missing &lt;param name=&quot;Da&#164;oPokemon2&quot;/&gt; documentation [F:\DI\di\Proyecto\PokeDexManager\Help\Working\BuildTopics.proj]
BuildAssembler : warning : ShowMissingComponent: [M:PokeDexManager.ProyectoPokemonDataSetTableAdapters.CombateTableAdapter.Insert(System.Int32,System.Int32,System.Int32,System.Int32,System.Int32,System.Int32,System.DateTime)] Missing &lt;param name=&quot;PokemonGanadorId&quot;/&gt; documentation [F:\DI\di\Proyecto\PokeDexManager\Help\Working\BuildTopics.proj]
BuildAssembler : warning : ShowMissingComponent: [M:PokeDexManager.ProyectoPokemonDataSetTableAdapters.CombateTableAdapter.Insert(System.Int32,System.Int32,System.Int32,System.Int32,System.Int32,System.Int32,System.DateTime)] Missing &lt;param name=&quot;ExperienciaGanada&quot;/&gt; documentation [F:\DI\di\Proyecto\PokeDexManager\Help\Working\BuildTopics.proj]
BuildAssembler : warning : ShowMissingComponent: [M:PokeDexManager.ProyectoPokemonDataSetTableAdapters.CombateTableAdapter.Insert(System.Int32,System.Int32,System.Int32,System.Int32,System.Int32,System.Int32,System.DateTime)] Missing &lt;param name=&quot;Fecha&quot;/&gt; documentation [F:\DI\di\Proyecto\PokeDexManager\Help\Working\BuildTopics.proj]
BuildAssembler : warning : ShowMissingComponent: [M:PokeDexManager.ProyectoPokemonDataSetTableAdapters.CombateTableAdapter.Insert1(System.Int32,System.Int32,System.Int32,System.Int32,System.Int32,System.Int32,System.DateTime)] Missing &lt;summary&gt; documentation [F:\DI\di\Proyecto\PokeDexManager\Help\Working\BuildTopics.proj]
BuildAssembler : warning : ShowMissingComponent: [M:PokeDexManager.ProyectoPokemonDataSetTableAdapters.CombateTableAdapter.Insert1(System.Int32,System.Int32,System.Int32,System.Int32,System.Int32,System.Int32,System.DateTime)] Missing &lt;returns&gt; documentation [F:\DI\di\Proyecto\PokeDexManager\Help\Working\BuildTopics.proj]
BuildAssembler : warning : ShowMissingComponent: [M:PokeDexManager.ProyectoPokemonDataSetTableAdapters.CombateTableAdapter.Insert1(System.Int32,System.Int32,System.Int32,System.Int32,System.Int32,System.Int32,System.DateTime)] Missing &lt;param name=&quot;Pokemon1Id&quot;/&gt; documentation [F:\DI\di\Proyecto\PokeDexManager\Help\Working\BuildTopics.proj]
BuildAssembler : warning : ShowMissingComponent: [M:PokeDexManager.ProyectoPokemonDataSetTableAdapters.CombateTableAdapter.Insert1(System.Int32,System.Int32,System.Int32,System.Int32,System.Int32,System.Int32,System.DateTime)] Missing &lt;param name=&quot;Pokemon2Id&quot;/&gt; documentation [F:\DI\di\Proyecto\PokeDexManager\Help\Working\BuildTopics.proj]
BuildAssembler : warning : ShowMissingComponent: [M:PokeDexManager.ProyectoPokemonDataSetTableAdapters.CombateTableAdapter.Insert1(System.Int32,System.Int32,System.Int32,System.Int32,System.Int32,System.Int32,System.DateTime)] Missing &lt;param name=&quot;Da&#164;oPokemon1&quot;/&gt; documentation [F:\DI\di\Proyecto\PokeDexManager\Help\Working\BuildTopics.proj]
BuildAssembler : warning : ShowMissingComponent: [M:PokeDexManager.ProyectoPokemonDataSetTableAdapters.CombateTableAdapter.Insert1(System.Int32,System.Int32,System.Int32,System.Int32,System.Int32,System.Int32,System.DateTime)] Missing &lt;param name=&quot;Da&#164;oPokemon2&quot;/&gt; documentation [F:\DI\di\Proyecto\PokeDexManager\Help\Working\BuildTopics.proj]
BuildAssembler : warning : ShowMissingComponent: [M:PokeDexManager.ProyectoPokemonDataSetTableAdapters.CombateTableAdapter.Insert1(System.Int32,System.Int32,System.Int32,System.Int32,System.Int32,System.Int32,System.DateTime)] Missing &lt;param name=&quot;PokemonGanadorId&quot;/&gt; documentation [F:\DI\di\Proyecto\PokeDexManager\Help\Working\BuildTopics.proj]
BuildAssembler : warning : ShowMissingComponent: [M:PokeDexManager.ProyectoPokemonDataSetTableAdapters.CombateTableAdapter.Insert1(System.Int32,System.Int32,System.Int32,System.Int32,System.Int32,System.Int32,System.DateTime)] Missing &lt;param name=&quot;ExperienciaGanada&quot;/&gt; documentation [F:\DI\di\Proyecto\PokeDexManager\Help\Working\BuildTopics.proj]
BuildAssembler : warning : ShowMissingComponent: [M:PokeDexManager.ProyectoPokemonDataSetTableAdapters.CombateTableAdapter.Insert1(System.Int32,System.Int32,System.Int32,System.Int32,System.Int32,System.Int32,System.DateTime)] Missing &lt;param name=&quot;Fecha&quot;/&gt; documentation [F:\DI\di\Proyecto\PokeDexManager\Help\Working\BuildTopics.proj]
BuildAssembler : warning : ShowMissingComponent: [M:PokeDexManager.ProyectoPokemonDataSetTableAdapters.CombateTableAdapter.Update(PokeDexManager.ProyectoPokemonDataSet)] Missing &lt;summary&gt; documentation [F:\DI\di\Proyecto\PokeDexManager\Help\Working\BuildTopics.proj]
BuildAssembler : warning : ShowMissingComponent: [M:PokeDexManager.ProyectoPokemonDataSetTableAdapters.CombateTableAdapter.Update(PokeDexManager.ProyectoPokemonDataSet)] Missing &lt;returns&gt; documentation [F:\DI\di\Proyecto\PokeDexManager\Help\Working\BuildTopics.proj]
BuildAssembler : warning : ShowMissingComponent: [M:PokeDexManager.ProyectoPokemonDataSetTableAdapters.CombateTableAdapter.Update(PokeDexManager.ProyectoPokemonDataSet)] Missing &lt;param name=&quot;dataSet&quot;/&gt; documentation [F:\DI\di\Proyecto\PokeDexManager\Help\Working\BuildTopics.proj]
BuildAssembler : warning : ShowMissingComponent: [M:PokeDexManager.ProyectoPokemonDataSetTableAdapters.CombateTableAdapter.Update(PokeDexManager.ProyectoPokemonDataSet.CombateDataTable)] Missing &lt;summary&gt; documentation [F:\DI\di\Proyecto\PokeDexManager\Help\Working\BuildTopics.proj]
BuildAssembler : warning : ShowMissingComponent: [M:PokeDexManager.ProyectoPokemonDataSetTableAdapters.CombateTableAdapter.Update(PokeDexManager.ProyectoPokemonDataSet.CombateDataTable)] Missing &lt;returns&gt; documentation [F:\DI\di\Proyecto\PokeDexManager\Help\Working\BuildTopics.proj]
BuildAssembler : warning : ShowMissingComponent: [M:PokeDexManager.ProyectoPokemonDataSetTableAdapters.CombateTableAdapter.Update(PokeDexManager.ProyectoPokemonDataSet.CombateDataTable)] Missing &lt;param name=&quot;dataTable&quot;/&gt; documentation [F:\DI\di\Proyecto\PokeDexManager\Help\Working\BuildTopics.proj]
BuildAssembler : warning : ShowMissingComponent: [M:PokeDexManager.ProyectoPokemonDataSetTableAdapters.CombateTableAdapter.Update(System.Data.DataRow)] Missing &lt;summary&gt; documentation [F:\DI\di\Proyecto\PokeDexManager\Help\Working\BuildTopics.proj]
BuildAssembler : warning : ShowMissingComponent: [M:PokeDexManager.ProyectoPokemonDataSetTableAdapters.CombateTableAdapter.Update(System.Data.DataRow)] Missing &lt;returns&gt; documentation [F:\DI\di\Proyecto\PokeDexManager\Help\Working\BuildTopics.proj]
BuildAssembler : warning : ShowMissingComponent: [M:PokeDexManager.ProyectoPokemonDataSetTableAdapters.CombateTableAdapter.Update(System.Data.DataRow)] Missing &lt;param name=&quot;dataRow&quot;/&gt; documentation [F:\DI\di\Proyecto\PokeDexManager\Help\Working\BuildTopics.proj]
BuildAssembler : warning : ShowMissingComponent: [M:PokeDexManager.ProyectoPokemonDataSetTableAdapters.CombateTableAdapter.Update(System.Data.DataRow[])] Missing &lt;summary&gt; documentation [F:\DI\di\Proyecto\PokeDexManager\Help\Working\BuildTopics.proj]
BuildAssembler : warning : ShowMissingComponent: [M:PokeDexManager.ProyectoPokemonDataSetTableAdapters.CombateTableAdapter.Update(System.Data.DataRow[])] Missing &lt;returns&gt; documentation [F:\DI\di\Proyecto\PokeDexManager\Help\Working\BuildTopics.proj]
BuildAssembler : warning : ShowMissingComponent: [M:PokeDexManager.ProyectoPokemonDataSetTableAdapters.CombateTableAdapter.Update(System.Data.DataRow[])] Missing &lt;param name=&quot;dataRows&quot;/&gt; documentation [F:\DI\di\Proyecto\PokeDexManager\Help\Working\BuildTopics.proj]
BuildAssembler : warning : ShowMissingComponent: [M:PokeDexManager.ProyectoPokemonDataSetTableAdapters.CombateTableAdapter.Update(System.Int32,System.Int32,System.Int32,System.Int32,System.Int32,System.Int32,System.DateTime,System.Int32,System.Int32,System.Int32,System.Int32,System.Int32,System.Int32,System.Int32,System.DateTime)] Missing &lt;summary&gt; documentation [F:\DI\di\Proyecto\PokeDexManager\Help\Working\BuildTopics.proj]
BuildAssembler : warning : ShowMissingComponent: [M:PokeDexManager.ProyectoPokemonDataSetTableAdapters.CombateTableAdapter.Update(System.Int32,System.Int32,System.Int32,System.Int32,System.Int32,System.Int32,System.DateTime,System.Int32,System.Int32,System.Int32,System.Int32,System.Int32,System.Int32,System.Int32,System.DateTime)] Missing &lt;returns&gt; documentation [F:\DI\di\Proyecto\PokeDexManager\Help\Working\BuildTopics.proj]
BuildAssembler : warning : ShowMissingComponent: [M:PokeDexManager.ProyectoPokemonDataSetTableAdapters.CombateTableAdapter.Update(System.Int32,System.Int32,System.Int32,System.Int32,System.Int32,System.Int32,System.DateTime,System.Int32,System.Int32,System.Int32,System.Int32,System.Int32,System.Int32,System.Int32,System.DateTime)] Missing &lt;param name=&quot;Pokemon1Id&quot;/&gt; documentation [F:\DI\di\Proyecto\PokeDexManager\Help\Working\BuildTopics.proj]
BuildAssembler : warning : ShowMissingComponent: [M:PokeDexManager.ProyectoPokemonDataSetTableAdapters.CombateTableAdapter.Update(System.Int32,System.Int32,System.Int32,System.Int32,System.Int32,System.Int32,System.DateTime,System.Int32,System.Int32,System.Int32,System.Int32,System.Int32,System.Int32,System.Int32,System.DateTime)] Missing &lt;param name=&quot;Pokemon2Id&quot;/&gt; documentation [F:\DI\di\Proyecto\PokeDexManager\Help\Working\BuildTopics.proj]
BuildAssembler : warning : ShowMissingComponent: [M:PokeDexManager.ProyectoPokemonDataSetTableAdapters.CombateTableAdapter.Update(System.Int32,System.Int32,System.Int32,System.Int32,System.Int32,System.Int32,System.DateTime,System.Int32,System.Int32,System.Int32,System.Int32,System.Int32,System.Int32,System.Int32,System.DateTime)] Missing &lt;param name=&quot;Da&#164;oPokemon1&quot;/&gt; documentation [F:\DI\di\Proyecto\PokeDexManager\Help\Working\BuildTopics.proj]
BuildAssembler : warning : ShowMissingComponent: [M:PokeDexManager.ProyectoPokemonDataSetTableAdapters.CombateTableAdapter.Update(System.Int32,System.Int32,System.Int32,System.Int32,System.Int32,System.Int32,System.DateTime,System.Int32,System.Int32,System.Int32,System.Int32,System.Int32,System.Int32,System.Int32,System.DateTime)] Missing &lt;param name=&quot;Da&#164;oPokemon2&quot;/&gt; documentation [F:\DI\di\Proyecto\PokeDexManager\Help\Working\BuildTopics.proj]
BuildAssembler : warning : ShowMissingComponent: [M:PokeDexManager.ProyectoPokemonDataSetTableAdapters.CombateTableAdapter.Update(System.Int32,System.Int32,System.Int32,System.Int32,System.Int32,System.Int32,System.DateTime,System.Int32,System.Int32,System.Int32,System.Int32,System.Int32,System.Int32,System.Int32,System.DateTime)] Missing &lt;param name=&quot;PokemonGanadorId&quot;/&gt; documentation [F:\DI\di\Proyecto\PokeDexManager\Help\Working\BuildTopics.proj]
BuildAssembler : warning : ShowMissingComponent: [M:PokeDexManager.ProyectoPokemonDataSetTableAdapters.CombateTableAdapter.Update(System.Int32,System.Int32,System.Int32,System.Int32,System.Int32,System.Int32,System.DateTime,System.Int32,System.Int32,System.Int32,System.Int32,System.Int32,System.Int32,System.Int32,System.DateTime)] Missing &lt;param name=&quot;ExperienciaGanada&quot;/&gt; documentation [F:\DI\di\Proyecto\PokeDexManager\Help\Working\BuildTopics.proj]
BuildAssembler : warning : ShowMissingComponent: [M:PokeDexManager.ProyectoPokemonDataSetTableAdapters.CombateTableAdapter.Update(System.Int32,System.Int32,System.Int32,System.Int32,System.Int32,System.Int32,System.DateTime,System.Int32,System.Int32,System.Int32,System.Int32,System.Int32,System.Int32,System.Int32,System.DateTime)] Missing &lt;param name=&quot;Fecha&quot;/&gt; documentation [F:\DI\di\Proyecto\PokeDexManager\Help\Working\BuildTopics.proj]
BuildAssembler : warning : ShowMissingComponent: [M:PokeDexManager.ProyectoPokemonDataSetTableAdapters.CombateTableAdapter.Update(System.Int32,System.Int32,System.Int32,System.Int32,System.Int32,System.Int32,System.DateTime,System.Int32,System.Int32,System.Int32,System.Int32,System.Int32,System.Int32,System.Int32,System.DateTime)] Missing &lt;param name=&quot;Original_IdCombate&quot;/&gt; documentation [F:\DI\di\Proyecto\PokeDexManager\Help\Working\BuildTopics.proj]
BuildAssembler : warning : ShowMissingComponent: [M:PokeDexManager.ProyectoPokemonDataSetTableAdapters.CombateTableAdapter.Update(System.Int32,System.Int32,System.Int32,System.Int32,System.Int32,System.Int32,System.DateTime,System.Int32,System.Int32,System.Int32,System.Int32,System.Int32,System.Int32,System.Int32,System.DateTime)] Missing &lt;param name=&quot;Original_Pokemon1Id&quot;/&gt; documentation [F:\DI\di\Proyecto\PokeDexManager\Help\Working\BuildTopics.proj]
BuildAssembler : warning : ShowMissingComponent: [M:PokeDexManager.ProyectoPokemonDataSetTableAdapters.CombateTableAdapter.Update(System.Int32,System.Int32,System.Int32,System.Int32,System.Int32,System.Int32,System.DateTime,System.Int32,System.Int32,System.Int32,System.Int32,System.Int32,System.Int32,System.Int32,System.DateTime)] Missing &lt;param name=&quot;Original_Pokemon2Id&quot;/&gt; documentation [F:\DI\di\Proyecto\PokeDexManager\Help\Working\BuildTopics.proj]
BuildAssembler : warning : ShowMissingComponent: [M:PokeDexManager.ProyectoPokemonDataSetTableAdapters.CombateTableAdapter.Update(System.Int32,System.Int32,System.Int32,System.Int32,System.Int32,System.Int32,System.DateTime,System.Int32,System.Int32,System.Int32,System.Int32,System.Int32,System.Int32,System.Int32,System.DateTime)] Missing &lt;param name=&quot;Original_Da&#164;oPokemon1&quot;/&gt; documentation [F:\DI\di\Proyecto\PokeDexManager\Help\Working\BuildTopics.proj]
BuildAssembler : warning : ShowMissingComponent: [M:PokeDexManager.ProyectoPokemonDataSetTableAdapters.CombateTableAdapter.Update(System.Int32,System.Int32,System.Int32,System.Int32,System.Int32,System.Int32,System.DateTime,System.Int32,System.Int32,System.Int32,System.Int32,System.Int32,System.Int32,System.Int32,System.DateTime)] Missing &lt;param name=&quot;Original_Da&#164;oPokemon2&quot;/&gt; documentation [F:\DI\di\Proyecto\PokeDexManager\Help\Working\BuildTopics.proj]
BuildAssembler : warning : ShowMissingComponent: [M:PokeDexManager.ProyectoPokemonDataSetTableAdapters.CombateTableAdapter.Update(System.Int32,System.Int32,System.Int32,System.Int32,System.Int32,System.Int32,System.DateTime,System.Int32,System.Int32,System.Int32,System.Int32,System.Int32,System.Int32,System.Int32,System.DateTime)] Missing &lt;param name=&quot;Original_PokemonGanadorId&quot;/&gt; documentation [F:\DI\di\Proyecto\PokeDexManager\Help\Working\BuildTopics.proj]
BuildAssembler : warning : ShowMissingComponent: [M:PokeDexManager.ProyectoPokemonDataSetTableAdapters.CombateTableAdapter.Update(System.Int32,System.Int32,System.Int32,System.Int32,System.Int32,System.Int32,System.DateTime,System.Int32,System.Int32,System.Int32,System.Int32,System.Int32,System.Int32,System.Int32,System.DateTime)] Missing &lt;param name=&quot;Original_ExperienciaGanada&quot;/&gt; documentation [F:\DI\di\Proyecto\PokeDexManager\Help\Working\BuildTopics.proj]
BuildAssembler : warning : ShowMissingComponent: [M:PokeDexManager.ProyectoPokemonDataSetTableAdapters.CombateTableAdapter.Update(System.Int32,System.Int32,System.Int32,System.Int32,System.Int32,System.Int32,System.DateTime,System.Int32,System.Int32,System.Int32,System.Int32,System.Int32,System.Int32,System.Int32,System.DateTime)] Missing &lt;param name=&quot;Original_Fecha&quot;/&gt; documentation [F:\DI\di\Proyecto\PokeDexManager\Help\Working\BuildTopics.proj]
BuildAssembler : warning : ShowMissingComponent: [M:PokeDexManager.ProyectoPokemonDataSetTableAdapters.CombateTableAdapter.Update(System.Int32,System.Int32,System.Int32,System.Int32,System.Int32,System.Int32,System.DateTime,System.Int32,System.Int32,System.Int32,System.Int32,System.Int32,System.Int32,System.Int32,System.DateTime,System.Int32)] Missing &lt;summary&gt; documentation [F:\DI\di\Proyecto\PokeDexManager\Help\Working\BuildTopics.proj]
BuildAssembler : warning : ShowMissingComponent: [M:PokeDexManager.ProyectoPokemonDataSetTableAdapters.CombateTableAdapter.Update(System.Int32,System.Int32,System.Int32,System.Int32,System.Int32,System.Int32,System.DateTime,System.Int32,System.Int32,System.Int32,System.Int32,System.Int32,System.Int32,System.Int32,System.DateTime,System.Int32)] Missing &lt;returns&gt; documentation [F:\DI\di\Proyecto\PokeDexManager\Help\Working\BuildTopics.proj]
BuildAssembler : warning : ShowMissingComponent: [M:PokeDexManager.ProyectoPokemonDataSetTableAdapters.CombateTableAdapter.Update(System.Int32,System.Int32,System.Int32,System.Int32,System.Int32,System.Int32,System.DateTime,System.Int32,System.Int32,System.Int32,System.Int32,System.Int32,System.Int32,System.Int32,System.DateTime,System.Int32)] Missing &lt;param name=&quot;Pokemon1Id&quot;/&gt; documentation [F:\DI\di\Proyecto\PokeDexManager\Help\Working\BuildTopics.proj]
BuildAssembler : warning : ShowMissingComponent: [M:PokeDexManager.ProyectoPokemonDataSetTableAdapters.CombateTableAdapter.Update(System.Int32,System.Int32,System.Int32,System.Int32,System.Int32,System.Int32,System.DateTime,System.Int32,System.Int32,System.Int32,System.Int32,System.Int32,System.Int32,System.Int32,System.DateTime,System.Int32)] Missing &lt;param name=&quot;Pokemon2Id&quot;/&gt; documentation [F:\DI\di\Proyecto\PokeDexManager\Help\Working\BuildTopics.proj]
BuildAssembler : warning : ShowMissingComponent: [M:PokeDexManager.ProyectoPokemonDataSetTableAdapters.CombateTableAdapter.Update(System.Int32,System.Int32,System.Int32,System.Int32,System.Int32,System.Int32,System.DateTime,System.Int32,System.Int32,System.Int32,System.Int32,System.Int32,System.Int32,System.Int32,System.DateTime,System.Int32)] Missing &lt;param name=&quot;Da&#164;oPokemon1&quot;/&gt; documentation [F:\DI\di\Proyecto\PokeDexManager\Help\Working\BuildTopics.proj]
BuildAssembler : warning : ShowMissingComponent: [M:PokeDexManager.ProyectoPokemonDataSetTableAdapters.CombateTableAdapter.Update(System.Int32,System.Int32,System.Int32,System.Int32,System.Int32,System.Int32,System.DateTime,System.Int32,System.Int32,System.Int32,System.Int32,System.Int32,System.Int32,System.Int32,System.DateTime,System.Int32)] Missing &lt;param name=&quot;Da&#164;oPokemon2&quot;/&gt; documentation [F:\DI\di\Proyecto\PokeDexManager\Help\Working\BuildTopics.proj]
BuildAssembler : warning : ShowMissingComponent: [M:PokeDexManager.ProyectoPokemonDataSetTableAdapters.CombateTableAdapter.Update(System.Int32,System.Int32,System.Int32,System.Int32,System.Int32,System.Int32,System.DateTime,System.Int32,System.Int32,System.Int32,System.Int32,System.Int32,System.Int32,System.Int32,System.DateTime,System.Int32)] Missing &lt;param name=&quot;PokemonGanadorId&quot;/&gt; documentation [F:\DI\di\Proyecto\PokeDexManager\Help\Working\BuildTopics.proj]
BuildAssembler : warning : ShowMissingComponent: [M:PokeDexManager.ProyectoPokemonDataSetTableAdapters.CombateTableAdapter.Update(System.Int32,System.Int32,System.Int32,System.Int32,System.Int32,System.Int32,System.DateTime,System.Int32,System.Int32,System.Int32,System.Int32,System.Int32,System.Int32,System.Int32,System.DateTime,System.Int32)] Missing &lt;param name=&quot;ExperienciaGanada&quot;/&gt; documentation [F:\DI\di\Proyecto\PokeDexManager\Help\Working\BuildTopics.proj]
BuildAssembler : warning : ShowMissingComponent: [M:PokeDexManager.ProyectoPokemonDataSetTableAdapters.CombateTableAdapter.Update(System.Int32,System.Int32,System.Int32,System.Int32,System.Int32,System.Int32,System.DateTime,System.Int32,System.Int32,System.Int32,System.Int32,System.Int32,System.Int32,System.Int32,System.DateTime,System.Int32)] Missing &lt;param name=&quot;Fecha&quot;/&gt; documentation [F:\DI\di\Proyecto\PokeDexManager\Help\Working\BuildTopics.proj]
BuildAssembler : warning : ShowMissingComponent: [M:PokeDexManager.ProyectoPokemonDataSetTableAdapters.CombateTableAdapter.Update(System.Int32,System.Int32,System.Int32,System.Int32,System.Int32,System.Int32,System.DateTime,System.Int32,System.Int32,System.Int32,System.Int32,System.Int32,System.Int32,System.Int32,System.DateTime,System.Int32)] Missing &lt;param name=&quot;Original_IdCombate&quot;/&gt; documentation [F:\DI\di\Proyecto\PokeDexManager\Help\Working\BuildTopics.proj]
BuildAssembler : warning : ShowMissingComponent: [M:PokeDexManager.ProyectoPokemonDataSetTableAdapters.CombateTableAdapter.Update(System.Int32,System.Int32,System.Int32,System.Int32,System.Int32,System.Int32,System.DateTime,System.Int32,System.Int32,System.Int32,System.Int32,System.Int32,System.Int32,System.Int32,System.DateTime,System.Int32)] Missing &lt;param name=&quot;Original_Pokemon1Id&quot;/&gt; documentation [F:\DI\di\Proyecto\PokeDexManager\Help\Working\BuildTopics.proj]
BuildAssembler : warning : ShowMissingComponent: [M:PokeDexManager.ProyectoPokemonDataSetTableAdapters.CombateTableAdapter.Update(System.Int32,System.Int32,System.Int32,System.Int32,System.Int32,System.Int32,System.DateTime,System.Int32,System.Int32,System.Int32,System.Int32,System.Int32,System.Int32,System.Int32,System.DateTime,System.Int32)] Missing &lt;param name=&quot;Original_Pokemon2Id&quot;/&gt; documentation [F:\DI\di\Proyecto\PokeDexManager\Help\Working\BuildTopics.proj]
BuildAssembler : warning : ShowMissingComponent: [M:PokeDexManager.ProyectoPokemonDataSetTableAdapters.CombateTableAdapter.Update(System.Int32,System.Int32,System.Int32,System.Int32,System.Int32,System.Int32,System.DateTime,System.Int32,System.Int32,System.Int32,System.Int32,System.Int32,System.Int32,System.Int32,System.DateTime,System.Int32)] Missing &lt;param name=&quot;Original_Da&#164;oPokemon1&quot;/&gt; documentation [F:\DI\di\Proyecto\PokeDexManager\Help\Working\BuildTopics.proj]
BuildAssembler : warning : ShowMissingComponent: [M:PokeDexManager.ProyectoPokemonDataSetTableAdapters.CombateTableAdapter.Update(System.Int32,System.Int32,System.Int32,System.Int32,System.Int32,System.Int32,System.DateTime,System.Int32,System.Int32,System.Int32,System.Int32,System.Int32,System.Int32,System.Int32,System.DateTime,System.Int32)] Missing &lt;param name=&quot;Original_Da&#164;oPokemon2&quot;/&gt; documentation [F:\DI\di\Proyecto\PokeDexManager\Help\Working\BuildTopics.proj]
BuildAssembler : warning : ShowMissingComponent: [M:PokeDexManager.ProyectoPokemonDataSetTableAdapters.CombateTableAdapter.Update(System.Int32,System.Int32,System.Int32,System.Int32,System.Int32,System.Int32,System.DateTime,System.Int32,System.Int32,System.Int32,System.Int32,System.Int32,System.Int32,System.Int32,System.DateTime,System.Int32)] Missing &lt;param name=&quot;Original_PokemonGanadorId&quot;/&gt; documentation [F:\DI\di\Proyecto\PokeDexManager\Help\Working\BuildTopics.proj]
BuildAssembler : warning : ShowMissingComponent: [M:PokeDexManager.ProyectoPokemonDataSetTableAdapters.CombateTableAdapter.Update(System.Int32,System.Int32,System.Int32,System.Int32,System.Int32,System.Int32,System.DateTime,System.Int32,System.Int32,System.Int32,System.Int32,System.Int32,System.Int32,System.Int32,System.DateTime,System.Int32)] Missing &lt;param name=&quot;Original_ExperienciaGanada&quot;/&gt; documentation [F:\DI\di\Proyecto\PokeDexManager\Help\Working\BuildTopics.proj]
BuildAssembler : warning : ShowMissingComponent: [M:PokeDexManager.ProyectoPokemonDataSetTableAdapters.CombateTableAdapter.Update(System.Int32,System.Int32,System.Int32,System.Int32,System.Int32,System.Int32,System.DateTime,System.Int32,System.Int32,System.Int32,System.Int32,System.Int32,System.Int32,System.Int32,System.DateTime,System.Int32)] Missing &lt;param name=&quot;Original_Fecha&quot;/&gt; documentation [F:\DI\di\Proyecto\PokeDexManager\Help\Working\BuildTopics.proj]
BuildAssembler : warning : ShowMissingComponent: [M:PokeDexManager.ProyectoPokemonDataSetTableAdapters.CombateTableAdapter.Update(System.Int32,System.Int32,System.Int32,System.Int32,System.Int32,System.Int32,System.DateTime,System.Int32,System.Int32,System.Int32,System.Int32,System.Int32,System.Int32,System.Int32,System.DateTime,System.Int32)] Missing &lt;param name=&quot;IdCombate&quot;/&gt; documentation [F:\DI\di\Proyecto\PokeDexManager\Help\Working\BuildTopics.proj]
BuildAssembler : warning : ShowMissingComponent: [T:PokeDexManager.ProyectoPokemonDataSetTableAdapters.EspecieTableAdapter] Missing &lt;summary&gt; documentation [F:\DI\di\Proyecto\PokeDexManager\Help\Working\BuildTopics.proj]
BuildAssembler : warning : ShowMissingComponent: [P:PokeDexManager.ProyectoPokemonDataSetTableAdapters.EspecieTableAdapter.Adapter] Missing &lt;summary&gt; documentation [F:\DI\di\Proyecto\PokeDexManager\Help\Working\BuildTopics.proj]
BuildAssembler : warning : ShowMissingComponent: [P:PokeDexManager.ProyectoPokemonDataSetTableAdapters.EspecieTableAdapter.ClearBeforeFill] Missing &lt;summary&gt; documentation [F:\DI\di\Proyecto\PokeDexManager\Help\Working\BuildTopics.proj]
BuildAssembler : warning : ShowMissingComponent: [P:PokeDexManager.ProyectoPokemonDataSetTableAdapters.EspecieTableAdapter.CommandCollection] Missing &lt;summary&gt; documentation [F:\DI\di\Proyecto\PokeDexManager\Help\Working\BuildTopics.proj]
BuildAssembler : warning : ShowMissingComponent: [M:PokeDexManager.ProyectoPokemonDataSetTableAdapters.EspecieTableAdapter.Delete(System.Int32,System.Int32,System.String,System.Int32,System.String)] Missing &lt;summary&gt; documentation [F:\DI\di\Proyecto\PokeDexManager\Help\Working\BuildTopics.proj]
BuildAssembler : warning : ShowMissingComponent: [M:PokeDexManager.ProyectoPokemonDataSetTableAdapters.EspecieTableAdapter.Delete(System.Int32,System.Int32,System.String,System.Int32,System.String)] Missing &lt;returns&gt; documentation [F:\DI\di\Proyecto\PokeDexManager\Help\Working\BuildTopics.proj]
BuildAssembler : warning : ShowMissingComponent: [M:PokeDexManager.ProyectoPokemonDataSetTableAdapters.EspecieTableAdapter.Delete(System.Int32,System.Int32,System.String,System.Int32,System.String)] Missing &lt;param name=&quot;Original_IdEspecie&quot;/&gt; documentation [F:\DI\di\Proyecto\PokeDexManager\Help\Working\BuildTopics.proj]
BuildAssembler : warning : ShowMissingComponent: [M:PokeDexManager.ProyectoPokemonDataSetTableAdapters.EspecieTableAdapter.Delete(System.Int32,System.Int32,System.String,System.Int32,System.String)] Missing &lt;param name=&quot;Original_NumeroPokedex&quot;/&gt; documentation [F:\DI\di\Proyecto\PokeDexManager\Help\Working\BuildTopics.proj]
BuildAssembler : warning : ShowMissingComponent: [M:PokeDexManager.ProyectoPokemonDataSetTableAdapters.EspecieTableAdapter.Delete(System.Int32,System.Int32,System.String,System.Int32,System.String)] Missing &lt;param name=&quot;Original_Nombre&quot;/&gt; documentation [F:\DI\di\Proyecto\PokeDexManager\Help\Working\BuildTopics.proj]
BuildAssembler : warning : ShowMissingComponent: [M:PokeDexManager.ProyectoPokemonDataSetTableAdapters.EspecieTableAdapter.Delete(System.Int32,System.Int32,System.String,System.Int32,System.String)] Missing &lt;param name=&quot;Original_TipoId&quot;/&gt; documentation [F:\DI\di\Proyecto\PokeDexManager\Help\Working\BuildTopics.proj]
BuildAssembler : warning : ShowMissingComponent: [M:PokeDexManager.ProyectoPokemonDataSetTableAdapters.EspecieTableAdapter.Delete(System.Int32,System.Int32,System.String,System.Int32,System.String)] Missing &lt;param name=&quot;Original_Descripcion&quot;/&gt; documentation [F:\DI\di\Proyecto\PokeDexManager\Help\Working\BuildTopics.proj]
BuildAssembler : warning : ShowMissingComponent: [M:PokeDexManager.ProyectoPokemonDataSetTableAdapters.EspecieTableAdapter.Fill(PokeDexManager.ProyectoPokemonDataSet.EspecieDataTable)] Missing &lt;summary&gt; documentation [F:\DI\di\Proyecto\PokeDexManager\Help\Working\BuildTopics.proj]
BuildAssembler : warning : ShowMissingComponent: [M:PokeDexManager.ProyectoPokemonDataSetTableAdapters.EspecieTableAdapter.Fill(PokeDexManager.ProyectoPokemonDataSet.EspecieDataTable)] Missing &lt;returns&gt; documentation [F:\DI\di\Proyecto\PokeDexManager\Help\Working\BuildTopics.proj]
BuildAssembler : warning : ShowMissingComponent: [M:PokeDexManager.ProyectoPokemonDataSetTableAdapters.EspecieTableAdapter.Fill(PokeDexManager.ProyectoPokemonDataSet.EspecieDataTable)] Missing &lt;param name=&quot;dataTable&quot;/&gt; documentation [F:\DI\di\Proyecto\PokeDexManager\Help\Working\BuildTopics.proj]
BuildAssembler : warning : ShowMissingComponent: [M:PokeDexManager.ProyectoPokemonDataSetTableAdapters.EspecieTableAdapter.GetData] Missing &lt;summary&gt; documentation [F:\DI\di\Proyecto\PokeDexManager\Help\Working\BuildTopics.proj]
BuildAssembler : warning : ShowMissingComponent: [M:PokeDexManager.ProyectoPokemonDataSetTableAdapters.EspecieTableAdapter.GetData] Missing &lt;returns&gt; documentation [F:\DI\di\Proyecto\PokeDexManager\Help\Working\BuildTopics.proj]
BuildAssembler : warning : ShowMissingComponent: [M:PokeDexManager.ProyectoPokemonDataSetTableAdapters.EspecieTableAdapter.GetIdEspeciePorNombre(System.String)] Missing &lt;summary&gt; documentation [F:\DI\di\Proyecto\PokeDexManager\Help\Working\BuildTopics.proj]
BuildAssembler : warning : ShowMissingComponent: [M:PokeDexManager.ProyectoPokemonDataSetTableAdapters.EspecieTableAdapter.GetIdEspeciePorNombre(System.String)] Missing &lt;returns&gt; documentation [F:\DI\di\Proyecto\PokeDexManager\Help\Working\BuildTopics.proj]
BuildAssembler : warning : ShowMissingComponent: [M:PokeDexManager.ProyectoPokemonDataSetTableAdapters.EspecieTableAdapter.GetIdEspeciePorNombre(System.String)] Missing &lt;param name=&quot;Nombre&quot;/&gt; documentation [F:\DI\di\Proyecto\PokeDexManager\Help\Working\BuildTopics.proj]
BuildAssembler : warning : ShowMissingComponent: [M:PokeDexManager.ProyectoPokemonDataSetTableAdapters.EspecieTableAdapter.Insert(System.Int32,System.String,System.Int32,System.String)] Missing &lt;summary&gt; documentation [F:\DI\di\Proyecto\PokeDexManager\Help\Working\BuildTopics.proj]
BuildAssembler : warning : ShowMissingComponent: [M:PokeDexManager.ProyectoPokemonDataSetTableAdapters.EspecieTableAdapter.Insert(System.Int32,System.String,System.Int32,System.String)] Missing &lt;returns&gt; documentation [F:\DI\di\Proyecto\PokeDexManager\Help\Working\BuildTopics.proj]
BuildAssembler : warning : ShowMissingComponent: [M:PokeDexManager.ProyectoPokemonDataSetTableAdapters.EspecieTableAdapter.Insert(System.Int32,System.String,System.Int32,System.String)] Missing &lt;param name=&quot;NumeroPokedex&quot;/&gt; documentation [F:\DI\di\Proyecto\PokeDexManager\Help\Working\BuildTopics.proj]
BuildAssembler : warning : ShowMissingComponent: [M:PokeDexManager.ProyectoPokemonDataSetTableAdapters.EspecieTableAdapter.Insert(System.Int32,System.String,System.Int32,System.String)] Missing &lt;param name=&quot;Nombre&quot;/&gt; documentation [F:\DI\di\Proyecto\PokeDexManager\Help\Working\BuildTopics.proj]
BuildAssembler : warning : ShowMissingComponent: [M:PokeDexManager.ProyectoPokemonDataSetTableAdapters.EspecieTableAdapter.Insert(System.Int32,System.String,System.Int32,System.String)] Missing &lt;param name=&quot;TipoId&quot;/&gt; documentation [F:\DI\di\Proyecto\PokeDexManager\Help\Working\BuildTopics.proj]
BuildAssembler : warning : ShowMissingComponent: [M:PokeDexManager.ProyectoPokemonDataSetTableAdapters.EspecieTableAdapter.Insert(System.Int32,System.String,System.Int32,System.String)] Missing &lt;param name=&quot;Descripcion&quot;/&gt; documentation [F:\DI\di\Proyecto\PokeDexManager\Help\Working\BuildTopics.proj]
BuildAssembler : warning : ShowMissingComponent: [M:PokeDexManager.ProyectoPokemonDataSetTableAdapters.EspecieTableAdapter.InsertarEspecie(System.String,System.Int32,System.String)] Missing &lt;summary&gt; documentation [F:\DI\di\Proyecto\PokeDexManager\Help\Working\BuildTopics.proj]
BuildAssembler : warning : ShowMissingComponent: [M:PokeDexManager.ProyectoPokemonDataSetTableAdapters.EspecieTableAdapter.InsertarEspecie(System.String,System.Int32,System.String)] Missing &lt;returns&gt; documentation [F:\DI\di\Proyecto\PokeDexManager\Help\Working\BuildTopics.proj]
BuildAssembler : warning : ShowMissingComponent: [M:PokeDexManager.ProyectoPokemonDataSetTableAdapters.EspecieTableAdapter.InsertarEspecie(System.String,System.Int32,System.String)] Missing &lt;param name=&quot;Nombre&quot;/&gt; documentation [F:\DI\di\Proyecto\PokeDexManager\Help\Working\BuildTopics.proj]
BuildAssembler : warning : ShowMissingComponent: [M:PokeDexManager.ProyectoPokemonDataSetTableAdapters.EspecieTableAdapter.InsertarEspecie(System.String,System.Int32,System.String)] Missing &lt;param name=&quot;TipoId&quot;/&gt; documentation [F:\DI\di\Proyecto\PokeDexManager\Help\Working\BuildTopics.proj]
BuildAssembler : warning : ShowMissingComponent: [M:PokeDexManager.ProyectoPokemonDataSetTableAdapters.EspecieTableAdapter.InsertarEspecie(System.String,System.Int32,System.String)] Missing &lt;param name=&quot;Descripcion&quot;/&gt; documentation [F:\DI\di\Proyecto\PokeDexManager\Help\Working\BuildTopics.proj]
BuildAssembler : warning : ShowMissingComponent: [M:PokeDexManager.ProyectoPokemonDataSetTableAdapters.EspecieTableAdapter.Update(PokeDexManager.ProyectoPokemonDataSet)] Missing &lt;summary&gt; documentation [F:\DI\di\Proyecto\PokeDexManager\Help\Working\BuildTopics.proj]
BuildAssembler : warning : ShowMissingComponent: [M:PokeDexManager.ProyectoPokemonDataSetTableAdapters.EspecieTableAdapter.Update(PokeDexManager.ProyectoPokemonDataSet)] Missing &lt;returns&gt; documentation [F:\DI\di\Proyecto\PokeDexManager\Help\Working\BuildTopics.proj]
BuildAssembler : warning : ShowMissingComponent: [M:PokeDexManager.ProyectoPokemonDataSetTableAdapters.EspecieTableAdapter.Update(PokeDexManager.ProyectoPokemonDataSet)] Missing &lt;param name=&quot;dataSet&quot;/&gt; documentation [F:\DI\di\Proyecto\PokeDexManager\Help\Working\BuildTopics.proj]
BuildAssembler : warning : ShowMissingComponent: [M:PokeDexManager.ProyectoPokemonDataSetTableAdapters.EspecieTableAdapter.Update(PokeDexManager.ProyectoPokemonDataSet.EspecieDataTable)] Missing &lt;summary&gt; documentation [F:\DI\di\Proyecto\PokeDexManager\Help\Working\BuildTopics.proj]
BuildAssembler : warning : ShowMissingComponent: [M:PokeDexManager.ProyectoPokemonDataSetTableAdapters.EspecieTableAdapter.Update(PokeDexManager.ProyectoPokemonDataSet.EspecieDataTable)] Missing &lt;returns&gt; documentation [F:\DI\di\Proyecto\PokeDexManager\Help\Working\BuildTopics.proj]
BuildAssembler : warning : ShowMissingComponent: [M:PokeDexManager.ProyectoPokemonDataSetTableAdapters.EspecieTableAdapter.Update(PokeDexManager.ProyectoPokemonDataSet.EspecieDataTable)] Missing &lt;param name=&quot;dataTable&quot;/&gt; documentation [F:\DI\di\Proyecto\PokeDexManager\Help\Working\BuildTopics.proj]
BuildAssembler : warning : ShowMissingComponent: [M:PokeDexManager.ProyectoPokemonDataSetTableAdapters.EspecieTableAdapter.Update(System.Data.DataRow)] Missing &lt;summary&gt; documentation [F:\DI\di\Proyecto\PokeDexManager\Help\Working\BuildTopics.proj]
BuildAssembler : warning : ShowMissingComponent: [M:PokeDexManager.ProyectoPokemonDataSetTableAdapters.EspecieTableAdapter.Update(System.Data.DataRow)] Missing &lt;returns&gt; documentation [F:\DI\di\Proyecto\PokeDexManager\Help\Working\BuildTopics.proj]
BuildAssembler : warning : ShowMissingComponent: [M:PokeDexManager.ProyectoPokemonDataSetTableAdapters.EspecieTableAdapter.Update(System.Data.DataRow)] Missing &lt;param name=&quot;dataRow&quot;/&gt; documentation [F:\DI\di\Proyecto\PokeDexManager\Help\Working\BuildTopics.proj]
BuildAssembler : warning : ShowMissingComponent: [M:PokeDexManager.ProyectoPokemonDataSetTableAdapters.EspecieTableAdapter.Update(System.Data.DataRow[])] Missing &lt;summary&gt; documentation [F:\DI\di\Proyecto\PokeDexManager\Help\Working\BuildTopics.proj]
BuildAssembler : warning : ShowMissingComponent: [M:PokeDexManager.ProyectoPokemonDataSetTableAdapters.EspecieTableAdapter.Update(System.Data.DataRow[])] Missing &lt;returns&gt; documentation [F:\DI\di\Proyecto\PokeDexManager\Help\Working\BuildTopics.proj]
BuildAssembler : warning : ShowMissingComponent: [M:PokeDexManager.ProyectoPokemonDataSetTableAdapters.EspecieTableAdapter.Update(System.Data.DataRow[])] Missing &lt;param name=&quot;dataRows&quot;/&gt; documentation [F:\DI\di\Proyecto\PokeDexManager\Help\Working\BuildTopics.proj]
BuildAssembler : warning : ShowMissingComponent: [M:PokeDexManager.ProyectoPokemonDataSetTableAdapters.EspecieTableAdapter.Update(System.Int32,System.String,System.Int32,System.String,System.Int32,System.Int32,System.String,System.Int32,System.String)] Missing &lt;summary&gt; documentation [F:\DI\di\Proyecto\PokeDexManager\Help\Working\BuildTopics.proj]
BuildAssembler : warning : ShowMissingComponent: [M:PokeDexManager.ProyectoPokemonDataSetTableAdapters.EspecieTableAdapter.Update(System.Int32,System.String,System.Int32,System.String,System.Int32,System.Int32,System.String,System.Int32,System.String)] Missing &lt;returns&gt; documentation [F:\DI\di\Proyecto\PokeDexManager\Help\Working\BuildTopics.proj]
BuildAssembler : warning : ShowMissingComponent: [M:PokeDexManager.ProyectoPokemonDataSetTableAdapters.EspecieTableAdapter.Update(System.Int32,System.String,System.Int32,System.String,System.Int32,System.Int32,System.String,System.Int32,System.String)] Missing &lt;param name=&quot;NumeroPokedex&quot;/&gt; documentation [F:\DI\di\Proyecto\PokeDexManager\Help\Working\BuildTopics.proj]
BuildAssembler : warning : ShowMissingComponent: [M:PokeDexManager.ProyectoPokemonDataSetTableAdapters.EspecieTableAdapter.Update(System.Int32,System.String,System.Int32,System.String,System.Int32,System.Int32,System.String,System.Int32,System.String)] Missing &lt;param name=&quot;Nombre&quot;/&gt; documentation [F:\DI\di\Proyecto\PokeDexManager\Help\Working\BuildTopics.proj]
BuildAssembler : warning : ShowMissingComponent: [M:PokeDexManager.ProyectoPokemonDataSetTableAdapters.EspecieTableAdapter.Update(System.Int32,System.String,System.Int32,System.String,System.Int32,System.Int32,System.String,System.Int32,System.String)] Missing &lt;param name=&quot;TipoId&quot;/&gt; documentation [F:\DI\di\Proyecto\PokeDexManager\Help\Working\BuildTopics.proj]
BuildAssembler : warning : ShowMissingComponent: [M:PokeDexManager.ProyectoPokemonDataSetTableAdapters.EspecieTableAdapter.Update(System.Int32,System.String,System.Int32,System.String,System.Int32,System.Int32,System.String,System.Int32,System.String)] Missing &lt;param name=&quot;Descripcion&quot;/&gt; documentation [F:\DI\di\Proyecto\PokeDexManager\Help\Working\BuildTopics.proj]
BuildAssembler : warning : ShowMissingComponent: [M:PokeDexManager.ProyectoPokemonDataSetTableAdapters.EspecieTableAdapter.Update(System.Int32,System.String,System.Int32,System.String,System.Int32,System.Int32,System.String,System.Int32,System.String)] Missing &lt;param name=&quot;Original_IdEspecie&quot;/&gt; documentation [F:\DI\di\Proyecto\PokeDexManager\Help\Working\BuildTopics.proj]
BuildAssembler : warning : ShowMissingComponent: [M:PokeDexManager.ProyectoPokemonDataSetTableAdapters.EspecieTableAdapter.Update(System.Int32,System.String,System.Int32,System.String,System.Int32,System.Int32,System.String,System.Int32,System.String)] Missing &lt;param name=&quot;Original_NumeroPokedex&quot;/&gt; documentation [F:\DI\di\Proyecto\PokeDexManager\Help\Working\BuildTopics.proj]
BuildAssembler : warning : ShowMissingComponent: [M:PokeDexManager.ProyectoPokemonDataSetTableAdapters.EspecieTableAdapter.Update(System.Int32,System.String,System.Int32,System.String,System.Int32,System.Int32,System.String,System.Int32,System.String)] Missing &lt;param name=&quot;Original_Nombre&quot;/&gt; documentation [F:\DI\di\Proyecto\PokeDexManager\Help\Working\BuildTopics.proj]
BuildAssembler : warning : ShowMissingComponent: [M:PokeDexManager.ProyectoPokemonDataSetTableAdapters.EspecieTableAdapter.Update(System.Int32,System.String,System.Int32,System.String,System.Int32,System.Int32,System.String,System.Int32,System.String)] Missing &lt;param name=&quot;Original_TipoId&quot;/&gt; documentation [F:\DI\di\Proyecto\PokeDexManager\Help\Working\BuildTopics.proj]
BuildAssembler : warning : ShowMissingComponent: [M:PokeDexManager.ProyectoPokemonDataSetTableAdapters.EspecieTableAdapter.Update(System.Int32,System.String,System.Int32,System.String,System.Int32,System.Int32,System.String,System.Int32,System.String)] Missing &lt;param name=&quot;Original_Descripcion&quot;/&gt; documentation [F:\DI\di\Proyecto\PokeDexManager\Help\Working\BuildTopics.proj]
BuildAssembler : warning : ShowMissingComponent: [M:PokeDexManager.ProyectoPokemonDataSetTableAdapters.EspecieTableAdapter.Update(System.Int32,System.String,System.Int32,System.String,System.Int32,System.Int32,System.String,System.Int32,System.String,System.Int32)] Missing &lt;summary&gt; documentation [F:\DI\di\Proyecto\PokeDexManager\Help\Working\BuildTopics.proj]
BuildAssembler : warning : ShowMissingComponent: [M:PokeDexManager.ProyectoPokemonDataSetTableAdapters.EspecieTableAdapter.Update(System.Int32,System.String,System.Int32,System.String,System.Int32,System.Int32,System.String,System.Int32,System.String,System.Int32)] Missing &lt;returns&gt; documentation [F:\DI\di\Proyecto\PokeDexManager\Help\Working\BuildTopics.proj]
BuildAssembler : warning : ShowMissingComponent: [M:PokeDexManager.ProyectoPokemonDataSetTableAdapters.EspecieTableAdapter.Update(System.Int32,System.String,System.Int32,System.String,System.Int32,System.Int32,System.String,System.Int32,System.String,System.Int32)] Missing &lt;param name=&quot;NumeroPokedex&quot;/&gt; documentation [F:\DI\di\Proyecto\PokeDexManager\Help\Working\BuildTopics.proj]
BuildAssembler : warning : ShowMissingComponent: [M:PokeDexManager.ProyectoPokemonDataSetTableAdapters.EspecieTableAdapter.Update(System.Int32,System.String,System.Int32,System.String,System.Int32,System.Int32,System.String,System.Int32,System.String,System.Int32)] Missing &lt;param name=&quot;Nombre&quot;/&gt; documentation [F:\DI\di\Proyecto\PokeDexManager\Help\Working\BuildTopics.proj]
BuildAssembler : warning : ShowMissingComponent: [M:PokeDexManager.ProyectoPokemonDataSetTableAdapters.EspecieTableAdapter.Update(System.Int32,System.String,System.Int32,System.String,System.Int32,System.Int32,System.String,System.Int32,System.String,System.Int32)] Missing &lt;param name=&quot;TipoId&quot;/&gt; documentation [F:\DI\di\Proyecto\PokeDexManager\Help\Working\BuildTopics.proj]
BuildAssembler : warning : ShowMissingComponent: [M:PokeDexManager.ProyectoPokemonDataSetTableAdapters.EspecieTableAdapter.Update(System.Int32,System.String,System.Int32,System.String,System.Int32,System.Int32,System.String,System.Int32,System.String,System.Int32)] Missing &lt;param name=&quot;Descripcion&quot;/&gt; documentation [F:\DI\di\Proyecto\PokeDexManager\Help\Working\BuildTopics.proj]
BuildAssembler : warning : ShowMissingComponent: [M:PokeDexManager.ProyectoPokemonDataSetTableAdapters.EspecieTableAdapter.Update(System.Int32,System.String,System.Int32,System.String,System.Int32,System.Int32,System.String,System.Int32,System.String,System.Int32)] Missing &lt;param name=&quot;Original_IdEspecie&quot;/&gt; documentation [F:\DI\di\Proyecto\PokeDexManager\Help\Working\BuildTopics.proj]
BuildAssembler : warning : ShowMissingComponent: [M:PokeDexManager.ProyectoPokemonDataSetTableAdapters.EspecieTableAdapter.Update(System.Int32,System.String,System.Int32,System.String,System.Int32,System.Int32,System.String,System.Int32,System.String,System.Int32)] Missing &lt;param name=&quot;Original_NumeroPokedex&quot;/&gt; documentation [F:\DI\di\Proyecto\PokeDexManager\Help\Working\BuildTopics.proj]
BuildAssembler : warning : ShowMissingComponent: [M:PokeDexManager.ProyectoPokemonDataSetTableAdapters.EspecieTableAdapter.Update(System.Int32,System.String,System.Int32,System.String,System.Int32,System.Int32,System.String,System.Int32,System.String,System.Int32)] Missing &lt;param name=&quot;Original_Nombre&quot;/&gt; documentation [F:\DI\di\Proyecto\PokeDexManager\Help\Working\BuildTopics.proj]
BuildAssembler : warning : ShowMissingComponent: [M:PokeDexManager.ProyectoPokemonDataSetTableAdapters.EspecieTableAdapter.Update(System.Int32,System.String,System.Int32,System.String,System.Int32,System.Int32,System.String,System.Int32,System.String,System.Int32)] Missing &lt;param name=&quot;Original_TipoId&quot;/&gt; documentation [F:\DI\di\Proyecto\PokeDexManager\Help\Working\BuildTopics.proj]
BuildAssembler : warning : ShowMissingComponent: [M:PokeDexManager.ProyectoPokemonDataSetTableAdapters.EspecieTableAdapter.Update(System.Int32,System.String,System.Int32,System.String,System.Int32,System.Int32,System.String,System.Int32,System.String,System.Int32)] Missing &lt;param name=&quot;Original_Descripcion&quot;/&gt; documentation [F:\DI\di\Proyecto\PokeDexManager\Help\Working\BuildTopics.proj]
BuildAssembler : warning : ShowMissingComponent: [M:PokeDexManager.ProyectoPokemonDataSetTableAdapters.EspecieTableAdapter.Update(System.Int32,System.String,System.Int32,System.String,System.Int32,System.Int32,System.String,System.Int32,System.String,System.Int32)] Missing &lt;param name=&quot;IdEspecie&quot;/&gt; documentation [F:\DI\di\Proyecto\PokeDexManager\Help\Working\BuildTopics.proj]
BuildAssembler : warning : ShowMissingComponent: [M:PokeDexManager.ProyectoPokemonDataSetTableAdapters.EspecieTableAdapter.UpdateEspecieDatos(System.Int32,System.String,System.Int32)] Missing &lt;summary&gt; documentation [F:\DI\di\Proyecto\PokeDexManager\Help\Working\BuildTopics.proj]
BuildAssembler : warning : ShowMissingComponent: [M:PokeDexManager.ProyectoPokemonDataSetTableAdapters.EspecieTableAdapter.UpdateEspecieDatos(System.Int32,System.String,System.Int32)] Missing &lt;returns&gt; documentation [F:\DI\di\Proyecto\PokeDexManager\Help\Working\BuildTopics.proj]
BuildAssembler : warning : ShowMissingComponent: [M:PokeDexManager.ProyectoPokemonDataSetTableAdapters.EspecieTableAdapter.UpdateEspecieDatos(System.Int32,System.String,System.Int32)] Missing &lt;param name=&quot;TipoId&quot;/&gt; documentation [F:\DI\di\Proyecto\PokeDexManager\Help\Working\BuildTopics.proj]
BuildAssembler : warning : ShowMissingComponent: [M:PokeDexManager.ProyectoPokemonDataSetTableAdapters.EspecieTableAdapter.UpdateEspecieDatos(System.Int32,System.String,System.Int32)] Missing &lt;param name=&quot;Descripcion&quot;/&gt; documentation [F:\DI\di\Proyecto\PokeDexManager\Help\Working\BuildTopics.proj]
BuildAssembler : warning : ShowMissingComponent: [M:PokeDexManager.ProyectoPokemonDataSetTableAdapters.EspecieTableAdapter.UpdateEspecieDatos(System.Int32,System.String,System.Int32)] Missing &lt;param name=&quot;IdEspecie&quot;/&gt; documentation [F:\DI\di\Proyecto\PokeDexManager\Help\Working\BuildTopics.proj]
BuildAssembler : warning : ShowMissingComponent: [T:PokeDexManager.ProyectoPokemonDataSetTableAdapters.PokemonCombateTableAdapter] Missing &lt;summary&gt; documentation [F:\DI\di\Proyecto\PokeDexManager\Help\Working\BuildTopics.proj]
BuildAssembler : warning : ShowMissingComponent: [P:PokeDexManager.ProyectoPokemonDataSetTableAdapters.PokemonCombateTableAdapter.Adapter] Missing &lt;summary&gt; documentation [F:\DI\di\Proyecto\PokeDexManager\Help\Working\BuildTopics.proj]
BuildAssembler : warning : ShowMissingComponent: [P:PokeDexManager.ProyectoPokemonDataSetTableAdapters.PokemonCombateTableAdapter.ClearBeforeFill] Missing &lt;summary&gt; documentation [F:\DI\di\Proyecto\PokeDexManager\Help\Working\BuildTopics.proj]
BuildAssembler : warning : ShowMissingComponent: [P:PokeDexManager.ProyectoPokemonDataSetTableAdapters.PokemonCombateTableAdapter.CommandCollection] Missing &lt;summary&gt; documentation [F:\DI\di\Proyecto\PokeDexManager\Help\Working\BuildTopics.proj]
BuildAssembler : warning : ShowMissingComponent: [M:PokeDexManager.ProyectoPokemonDataSetTableAdapters.PokemonCombateTableAdapter.Fill(PokeDexManager.ProyectoPokemonDataSet.PokemonCombateDataTable)] Missing &lt;summary&gt; documentation [F:\DI\di\Proyecto\PokeDexManager\Help\Working\BuildTopics.proj]
BuildAssembler : warning : ShowMissingComponent: [M:PokeDexManager.ProyectoPokemonDataSetTableAdapters.PokemonCombateTableAdapter.Fill(PokeDexManager.ProyectoPokemonDataSet.PokemonCombateDataTable)] Missing &lt;returns&gt; documentation [F:\DI\di\Proyecto\PokeDexManager\Help\Working\BuildTopics.proj]
BuildAssembler : warning : ShowMissingComponent: [M:PokeDexManager.ProyectoPokemonDataSetTableAdapters.PokemonCombateTableAdapter.Fill(PokeDexManager.ProyectoPokemonDataSet.PokemonCombateDataTable)] Missing &lt;param name=&quot;dataTable&quot;/&gt; documentation [F:\DI\di\Proyecto\PokeDexManager\Help\Working\BuildTopics.proj]
BuildAssembler : warning : ShowMissingComponent: [M:PokeDexManager.ProyectoPokemonDataSetTableAdapters.PokemonCombateTableAdapter.GetData] Missing &lt;summary&gt; documentation [F:\DI\di\Proyecto\PokeDexManager\Help\Working\BuildTopics.proj]
BuildAssembler : warning : ShowMissingComponent: [M:PokeDexManager.ProyectoPokemonDataSetTableAdapters.PokemonCombateTableAdapter.GetData] Missing &lt;returns&gt; documentation [F:\DI\di\Proyecto\PokeDexManager\Help\Working\BuildTopics.proj]
BuildAssembler : warning : ShowMissingComponent: [T:PokeDexManager.ProyectoPokemonDataSetTableAdapters.PokemonDetalleTableAdapter] Missing &lt;summary&gt; documentation [F:\DI\di\Proyecto\PokeDexManager\Help\Working\BuildTopics.proj]
BuildAssembler : warning : ShowMissingComponent: [P:PokeDexManager.ProyectoPokemonDataSetTableAdapters.PokemonDetalleTableAdapter.Adapter] Missing &lt;summary&gt; documentation [F:\DI\di\Proyecto\PokeDexManager\Help\Working\BuildTopics.proj]
BuildAssembler : warning : ShowMissingComponent: [P:PokeDexManager.ProyectoPokemonDataSetTableAdapters.PokemonDetalleTableAdapter.ClearBeforeFill] Missing &lt;summary&gt; documentation [F:\DI\di\Proyecto\PokeDexManager\Help\Working\BuildTopics.proj]
BuildAssembler : warning : ShowMissingComponent: [P:PokeDexManager.ProyectoPokemonDataSetTableAdapters.PokemonDetalleTableAdapter.CommandCollection] Missing &lt;summary&gt; documentation [F:\DI\di\Proyecto\PokeDexManager\Help\Working\BuildTopics.proj]
BuildAssembler : warning : ShowMissingComponent: [M:PokeDexManager.ProyectoPokemonDataSetTableAdapters.PokemonDetalleTableAdapter.FillById(PokeDexManager.ProyectoPokemonDataSet.PokemonDetalleDataTableDataTable,System.Int32)] Missing &lt;summary&gt; documentation [F:\DI\di\Proyecto\PokeDexManager\Help\Working\BuildTopics.proj]
BuildAssembler : warning : ShowMissingComponent: [M:PokeDexManager.ProyectoPokemonDataSetTableAdapters.PokemonDetalleTableAdapter.FillById(PokeDexManager.ProyectoPokemonDataSet.PokemonDetalleDataTableDataTable,System.Int32)] Missing &lt;returns&gt; documentation [F:\DI\di\Proyecto\PokeDexManager\Help\Working\BuildTopics.proj]
BuildAssembler : warning : ShowMissingComponent: [M:PokeDexManager.ProyectoPokemonDataSetTableAdapters.PokemonDetalleTableAdapter.FillById(PokeDexManager.ProyectoPokemonDataSet.PokemonDetalleDataTableDataTable,System.Int32)] Missing &lt;param name=&quot;dataTable&quot;/&gt; documentation [F:\DI\di\Proyecto\PokeDexManager\Help\Working\BuildTopics.proj]
BuildAssembler : warning : ShowMissingComponent: [M:PokeDexManager.ProyectoPokemonDataSetTableAdapters.PokemonDetalleTableAdapter.FillById(PokeDexManager.ProyectoPokemonDataSet.PokemonDetalleDataTableDataTable,System.Int32)] Missing &lt;param name=&quot;IdPokemon&quot;/&gt; documentation [F:\DI\di\Proyecto\PokeDexManager\Help\Working\BuildTopics.proj]
BuildAssembler : warning : ShowMissingComponent: [M:PokeDexManager.ProyectoPokemonDataSetTableAdapters.PokemonDetalleTableAdapter.GetData] Missing &lt;summary&gt; documentation [F:\DI\di\Proyecto\PokeDexManager\Help\Working\BuildTopics.proj]
BuildAssembler : warning : ShowMissingComponent: [M:PokeDexManager.ProyectoPokemonDataSetTableAdapters.PokemonDetalleTableAdapter.GetData] Missing &lt;returns&gt; documentation [F:\DI\di\Proyecto\PokeDexManager\Help\Working\BuildTopics.proj]
BuildAssembler : warning : ShowMissingComponent: [M:PokeDexManager.ProyectoPokemonDataSetTableAdapters.PokemonDetalleTableAdapter.GetDataById(System.Int32)] Missing &lt;summary&gt; documentation [F:\DI\di\Proyecto\PokeDexManager\Help\Working\BuildTopics.proj]
BuildAssembler : warning : ShowMissingComponent: [M:PokeDexManager.ProyectoPokemonDataSetTableAdapters.PokemonDetalleTableAdapter.GetDataById(System.Int32)] Missing &lt;returns&gt; documentation [F:\DI\di\Proyecto\PokeDexManager\Help\Working\BuildTopics.proj]
BuildAssembler : warning : ShowMissingComponent: [M:PokeDexManager.ProyectoPokemonDataSetTableAdapters.PokemonDetalleTableAdapter.GetDataById(System.Int32)] Missing &lt;param name=&quot;IdPokemon&quot;/&gt; documentation [F:\DI\di\Proyecto\PokeDexManager\Help\Working\BuildTopics.proj]
BuildAssembler : warning : ShowMissingComponent: [T:PokeDexManager.ProyectoPokemonDataSetTableAdapters.PokemonTableAdapter] Missing &lt;summary&gt; documentation [F:\DI\di\Proyecto\PokeDexManager\Help\Working\BuildTopics.proj]
BuildAssembler : warning : ShowMissingComponent: [P:PokeDexManager.ProyectoPokemonDataSetTableAdapters.PokemonTableAdapter.Adapter] Missing &lt;summary&gt; documentation [F:\DI\di\Proyecto\PokeDexManager\Help\Working\BuildTopics.proj]
BuildAssembler : warning : ShowMissingComponent: [P:PokeDexManager.ProyectoPokemonDataSetTableAdapters.PokemonTableAdapter.ClearBeforeFill] Missing &lt;summary&gt; documentation [F:\DI\di\Proyecto\PokeDexManager\Help\Working\BuildTopics.proj]
BuildAssembler : warning : ShowMissingComponent: [P:PokeDexManager.ProyectoPokemonDataSetTableAdapters.PokemonTableAdapter.CommandCollection] Missing &lt;summary&gt; documentation [F:\DI\di\Proyecto\PokeDexManager\Help\Working\BuildTopics.proj]
BuildAssembler : warning : ShowMissingComponent: [M:PokeDexManager.ProyectoPokemonDataSetTableAdapters.PokemonTableAdapter.Delete(System.Int32,System.Int32,System.Int32,System.Int32,System.Int32,System.Int32,System.DateTime)] Missing &lt;summary&gt; documentation [F:\DI\di\Proyecto\PokeDexManager\Help\Working\BuildTopics.proj]
BuildAssembler : warning : ShowMissingComponent: [M:PokeDexManager.ProyectoPokemonDataSetTableAdapters.PokemonTableAdapter.Delete(System.Int32,System.Int32,System.Int32,System.Int32,System.Int32,System.Int32,System.DateTime)] Missing &lt;returns&gt; documentation [F:\DI\di\Proyecto\PokeDexManager\Help\Working\BuildTopics.proj]
BuildAssembler : warning : ShowMissingComponent: [M:PokeDexManager.ProyectoPokemonDataSetTableAdapters.PokemonTableAdapter.Delete(System.Int32,System.Int32,System.Int32,System.Int32,System.Int32,System.Int32,System.DateTime)] Missing &lt;param name=&quot;Original_IdPokemon&quot;/&gt; documentation [F:\DI\di\Proyecto\PokeDexManager\Help\Working\BuildTopics.proj]
BuildAssembler : warning : ShowMissingComponent: [M:PokeDexManager.ProyectoPokemonDataSetTableAdapters.PokemonTableAdapter.Delete(System.Int32,System.Int32,System.Int32,System.Int32,System.Int32,System.Int32,System.DateTime)] Missing &lt;param name=&quot;Original_EspecieId&quot;/&gt; documentation [F:\DI\di\Proyecto\PokeDexManager\Help\Working\BuildTopics.proj]
BuildAssembler : warning : ShowMissingComponent: [M:PokeDexManager.ProyectoPokemonDataSetTableAdapters.PokemonTableAdapter.Delete(System.Int32,System.Int32,System.Int32,System.Int32,System.Int32,System.Int32,System.DateTime)] Missing &lt;param name=&quot;Original_Nivel&quot;/&gt; documentation [F:\DI\di\Proyecto\PokeDexManager\Help\Working\BuildTopics.proj]
BuildAssembler : warning : ShowMissingComponent: [M:PokeDexManager.ProyectoPokemonDataSetTableAdapters.PokemonTableAdapter.Delete(System.Int32,System.Int32,System.Int32,System.Int32,System.Int32,System.Int32,System.DateTime)] Missing &lt;param name=&quot;Original_Salud&quot;/&gt; documentation [F:\DI\di\Proyecto\PokeDexManager\Help\Working\BuildTopics.proj]
BuildAssembler : warning : ShowMissingComponent: [M:PokeDexManager.ProyectoPokemonDataSetTableAdapters.PokemonTableAdapter.Delete(System.Int32,System.Int32,System.Int32,System.Int32,System.Int32,System.Int32,System.DateTime)] Missing &lt;param name=&quot;Original_Ataque&quot;/&gt; documentation [F:\DI\di\Proyecto\PokeDexManager\Help\Working\BuildTopics.proj]
BuildAssembler : warning : ShowMissingComponent: [M:PokeDexManager.ProyectoPokemonDataSetTableAdapters.PokemonTableAdapter.Delete(System.Int32,System.Int32,System.Int32,System.Int32,System.Int32,System.Int32,System.DateTime)] Missing &lt;param name=&quot;Original_Defensa&quot;/&gt; documentation [F:\DI\di\Proyecto\PokeDexManager\Help\Working\BuildTopics.proj]
BuildAssembler : warning : ShowMissingComponent: [M:PokeDexManager.ProyectoPokemonDataSetTableAdapters.PokemonTableAdapter.Delete(System.Int32,System.Int32,System.Int32,System.Int32,System.Int32,System.Int32,System.DateTime)] Missing &lt;param name=&quot;Original_FechaRegistro&quot;/&gt; documentation [F:\DI\di\Proyecto\PokeDexManager\Help\Working\BuildTopics.proj]
BuildAssembler : warning : ShowMissingComponent: [M:PokeDexManager.ProyectoPokemonDataSetTableAdapters.PokemonTableAdapter.EliminarPokemon(System.Int32)] Missing &lt;summary&gt; documentation [F:\DI\di\Proyecto\PokeDexManager\Help\Working\BuildTopics.proj]
BuildAssembler : warning : ShowMissingComponent: [M:PokeDexManager.ProyectoPokemonDataSetTableAdapters.PokemonTableAdapter.EliminarPokemon(System.Int32)] Missing &lt;returns&gt; documentation [F:\DI\di\Proyecto\PokeDexManager\Help\Working\BuildTopics.proj]
BuildAssembler : warning : ShowMissingComponent: [M:PokeDexManager.ProyectoPokemonDataSetTableAdapters.PokemonTableAdapter.EliminarPokemon(System.Int32)] Missing &lt;param name=&quot;IdPokemon&quot;/&gt; documentation [F:\DI\di\Proyecto\PokeDexManager\Help\Working\BuildTopics.proj]
BuildAssembler : warning : ShowMissingComponent: [M:PokeDexManager.ProyectoPokemonDataSetTableAdapters.PokemonTableAdapter.Fill(PokeDexManager.ProyectoPokemonDataSet.PokemonDataTable)] Missing &lt;summary&gt; documentation [F:\DI\di\Proyecto\PokeDexManager\Help\Working\BuildTopics.proj]
BuildAssembler : warning : ShowMissingComponent: [M:PokeDexManager.ProyectoPokemonDataSetTableAdapters.PokemonTableAdapter.Fill(PokeDexManager.ProyectoPokemonDataSet.PokemonDataTable)] Missing &lt;returns&gt; documentation [F:\DI\di\Proyecto\PokeDexManager\Help\Working\BuildTopics.proj]
BuildAssembler : warning : ShowMissingComponent: [M:PokeDexManager.ProyectoPokemonDataSetTableAdapters.PokemonTableAdapter.Fill(PokeDexManager.ProyectoPokemonDataSet.PokemonDataTable)] Missing &lt;param name=&quot;dataTable&quot;/&gt; documentation [F:\DI\di\Proyecto\PokeDexManager\Help\Working\BuildTopics.proj]
BuildAssembler : warning : ShowMissingComponent: [M:PokeDexManager.ProyectoPokemonDataSetTableAdapters.PokemonTableAdapter.GetData] Missing &lt;summary&gt; documentation [F:\DI\di\Proyecto\PokeDexManager\Help\Working\BuildTopics.proj]
BuildAssembler : warning : ShowMissingComponent: [M:PokeDexManager.ProyectoPokemonDataSetTableAdapters.PokemonTableAdapter.GetData] Missing &lt;returns&gt; documentation [F:\DI\di\Proyecto\PokeDexManager\Help\Working\BuildTopics.proj]
BuildAssembler : warning : ShowMissingComponent: [M:PokeDexManager.ProyectoPokemonDataSetTableAdapters.PokemonTableAdapter.Insert(System.Int32,System.Int32,System.Int32,System.Int32,System.Int32,System.DateTime)] Missing &lt;summary&gt; documentation [F:\DI\di\Proyecto\PokeDexManager\Help\Working\BuildTopics.proj]
BuildAssembler : warning : ShowMissingComponent: [M:PokeDexManager.ProyectoPokemonDataSetTableAdapters.PokemonTableAdapter.Insert(System.Int32,System.Int32,System.Int32,System.Int32,System.Int32,System.DateTime)] Missing &lt;returns&gt; documentation [F:\DI\di\Proyecto\PokeDexManager\Help\Working\BuildTopics.proj]
BuildAssembler : warning : ShowMissingComponent: [M:PokeDexManager.ProyectoPokemonDataSetTableAdapters.PokemonTableAdapter.Insert(System.Int32,System.Int32,System.Int32,System.Int32,System.Int32,System.DateTime)] Missing &lt;param name=&quot;EspecieId&quot;/&gt; documentation [F:\DI\di\Proyecto\PokeDexManager\Help\Working\BuildTopics.proj]
BuildAssembler : warning : ShowMissingComponent: [M:PokeDexManager.ProyectoPokemonDataSetTableAdapters.PokemonTableAdapter.Insert(System.Int32,System.Int32,System.Int32,System.Int32,System.Int32,System.DateTime)] Missing &lt;param name=&quot;Nivel&quot;/&gt; documentation [F:\DI\di\Proyecto\PokeDexManager\Help\Working\BuildTopics.proj]
BuildAssembler : warning : ShowMissingComponent: [M:PokeDexManager.ProyectoPokemonDataSetTableAdapters.PokemonTableAdapter.Insert(System.Int32,System.Int32,System.Int32,System.Int32,System.Int32,System.DateTime)] Missing &lt;param name=&quot;Salud&quot;/&gt; documentation [F:\DI\di\Proyecto\PokeDexManager\Help\Working\BuildTopics.proj]
BuildAssembler : warning : ShowMissingComponent: [M:PokeDexManager.ProyectoPokemonDataSetTableAdapters.PokemonTableAdapter.Insert(System.Int32,System.Int32,System.Int32,System.Int32,System.Int32,System.DateTime)] Missing &lt;param name=&quot;Ataque&quot;/&gt; documentation [F:\DI\di\Proyecto\PokeDexManager\Help\Working\BuildTopics.proj]
BuildAssembler : warning : ShowMissingComponent: [M:PokeDexManager.ProyectoPokemonDataSetTableAdapters.PokemonTableAdapter.Insert(System.Int32,System.Int32,System.Int32,System.Int32,System.Int32,System.DateTime)] Missing &lt;param name=&quot;Defensa&quot;/&gt; documentation [F:\DI\di\Proyecto\PokeDexManager\Help\Working\BuildTopics.proj]
BuildAssembler : warning : ShowMissingComponent: [M:PokeDexManager.ProyectoPokemonDataSetTableAdapters.PokemonTableAdapter.Insert(System.Int32,System.Int32,System.Int32,System.Int32,System.Int32,System.DateTime)] Missing &lt;param name=&quot;FechaRegistro&quot;/&gt; documentation [F:\DI\di\Proyecto\PokeDexManager\Help\Working\BuildTopics.proj]
BuildAssembler : warning : ShowMissingComponent: [M:PokeDexManager.ProyectoPokemonDataSetTableAdapters.PokemonTableAdapter.InsertarPokemon(System.Int32,System.Int32,System.Int32,System.Int32,System.Int32,System.DateTime)] Missing &lt;summary&gt; documentation [F:\DI\di\Proyecto\PokeDexManager\Help\Working\BuildTopics.proj]
BuildAssembler : warning : ShowMissingComponent: [M:PokeDexManager.ProyectoPokemonDataSetTableAdapters.PokemonTableAdapter.InsertarPokemon(System.Int32,System.Int32,System.Int32,System.Int32,System.Int32,System.DateTime)] Missing &lt;returns&gt; documentation [F:\DI\di\Proyecto\PokeDexManager\Help\Working\BuildTopics.proj]
BuildAssembler : warning : ShowMissingComponent: [M:PokeDexManager.ProyectoPokemonDataSetTableAdapters.PokemonTableAdapter.InsertarPokemon(System.Int32,System.Int32,System.Int32,System.Int32,System.Int32,System.DateTime)] Missing &lt;param name=&quot;EspecieId&quot;/&gt; documentation [F:\DI\di\Proyecto\PokeDexManager\Help\Working\BuildTopics.proj]
BuildAssembler : warning : ShowMissingComponent: [M:PokeDexManager.ProyectoPokemonDataSetTableAdapters.PokemonTableAdapter.InsertarPokemon(System.Int32,System.Int32,System.Int32,System.Int32,System.Int32,System.DateTime)] Missing &lt;param name=&quot;Nivel&quot;/&gt; documentation [F:\DI\di\Proyecto\PokeDexManager\Help\Working\BuildTopics.proj]
BuildAssembler : warning : ShowMissingComponent: [M:PokeDexManager.ProyectoPokemonDataSetTableAdapters.PokemonTableAdapter.InsertarPokemon(System.Int32,System.Int32,System.Int32,System.Int32,System.Int32,System.DateTime)] Missing &lt;param name=&quot;Salud&quot;/&gt; documentation [F:\DI\di\Proyecto\PokeDexManager\Help\Working\BuildTopics.proj]
BuildAssembler : warning : ShowMissingComponent: [M:PokeDexManager.ProyectoPokemonDataSetTableAdapters.PokemonTableAdapter.InsertarPokemon(System.Int32,System.Int32,System.Int32,System.Int32,System.Int32,System.DateTime)] Missing &lt;param name=&quot;Ataque&quot;/&gt; documentation [F:\DI\di\Proyecto\PokeDexManager\Help\Working\BuildTopics.proj]
BuildAssembler : warning : ShowMissingComponent: [M:PokeDexManager.ProyectoPokemonDataSetTableAdapters.PokemonTableAdapter.InsertarPokemon(System.Int32,System.Int32,System.Int32,System.Int32,System.Int32,System.DateTime)] Missing &lt;param name=&quot;Defensa&quot;/&gt; documentation [F:\DI\di\Proyecto\PokeDexManager\Help\Working\BuildTopics.proj]
BuildAssembler : warning : ShowMissingComponent: [M:PokeDexManager.ProyectoPokemonDataSetTableAdapters.PokemonTableAdapter.InsertarPokemon(System.Int32,System.Int32,System.Int32,System.Int32,System.Int32,System.DateTime)] Missing &lt;param name=&quot;FechaRegistro&quot;/&gt; documentation [F:\DI\di\Proyecto\PokeDexManager\Help\Working\BuildTopics.proj]
BuildAssembler : warning : ShowMissingComponent: [M:PokeDexManager.ProyectoPokemonDataSetTableAdapters.PokemonTableAdapter.Update(PokeDexManager.ProyectoPokemonDataSet)] Missing &lt;summary&gt; documentation [F:\DI\di\Proyecto\PokeDexManager\Help\Working\BuildTopics.proj]
BuildAssembler : warning : ShowMissingComponent: [M:PokeDexManager.ProyectoPokemonDataSetTableAdapters.PokemonTableAdapter.Update(PokeDexManager.ProyectoPokemonDataSet)] Missing &lt;returns&gt; documentation [F:\DI\di\Proyecto\PokeDexManager\Help\Working\BuildTopics.proj]
BuildAssembler : warning : ShowMissingComponent: [M:PokeDexManager.ProyectoPokemonDataSetTableAdapters.PokemonTableAdapter.Update(PokeDexManager.ProyectoPokemonDataSet)] Missing &lt;param name=&quot;dataSet&quot;/&gt; documentation [F:\DI\di\Proyecto\PokeDexManager\Help\Working\BuildTopics.proj]
BuildAssembler : warning : ShowMissingComponent: [M:PokeDexManager.ProyectoPokemonDataSetTableAdapters.PokemonTableAdapter.Update(PokeDexManager.ProyectoPokemonDataSet.PokemonDataTable)] Missing &lt;summary&gt; documentation [F:\DI\di\Proyecto\PokeDexManager\Help\Working\BuildTopics.proj]
BuildAssembler : warning : ShowMissingComponent: [M:PokeDexManager.ProyectoPokemonDataSetTableAdapters.PokemonTableAdapter.Update(PokeDexManager.ProyectoPokemonDataSet.PokemonDataTable)] Missing &lt;returns&gt; documentation [F:\DI\di\Proyecto\PokeDexManager\Help\Working\BuildTopics.proj]
BuildAssembler : warning : ShowMissingComponent: [M:PokeDexManager.ProyectoPokemonDataSetTableAdapters.PokemonTableAdapter.Update(PokeDexManager.ProyectoPokemonDataSet.PokemonDataTable)] Missing &lt;param name=&quot;dataTable&quot;/&gt; documentation [F:\DI\di\Proyecto\PokeDexManager\Help\Working\BuildTopics.proj]
BuildAssembler : warning : ShowMissingComponent: [M:PokeDexManager.ProyectoPokemonDataSetTableAdapters.PokemonTableAdapter.Update(System.Data.DataRow)] Missing &lt;summary&gt; documentation [F:\DI\di\Proyecto\PokeDexManager\Help\Working\BuildTopics.proj]
BuildAssembler : warning : ShowMissingComponent: [M:PokeDexManager.ProyectoPokemonDataSetTableAdapters.PokemonTableAdapter.Update(System.Data.DataRow)] Missing &lt;returns&gt; documentation [F:\DI\di\Proyecto\PokeDexManager\Help\Working\BuildTopics.proj]
BuildAssembler : warning : ShowMissingComponent: [M:PokeDexManager.ProyectoPokemonDataSetTableAdapters.PokemonTableAdapter.Update(System.Data.DataRow)] Missing &lt;param name=&quot;dataRow&quot;/&gt; documentation [F:\DI\di\Proyecto\PokeDexManager\Help\Working\BuildTopics.proj]
BuildAssembler : warning : ShowMissingComponent: [M:PokeDexManager.ProyectoPokemonDataSetTableAdapters.PokemonTableAdapter.Update(System.Data.DataRow[])] Missing &lt;summary&gt; documentation [F:\DI\di\Proyecto\PokeDexManager\Help\Working\BuildTopics.proj]
BuildAssembler : warning : ShowMissingComponent: [M:PokeDexManager.ProyectoPokemonDataSetTableAdapters.PokemonTableAdapter.Update(System.Data.DataRow[])] Missing &lt;returns&gt; documentation [F:\DI\di\Proyecto\PokeDexManager\Help\Working\BuildTopics.proj]
BuildAssembler : warning : ShowMissingComponent: [M:PokeDexManager.ProyectoPokemonDataSetTableAdapters.PokemonTableAdapter.Update(System.Data.DataRow[])] Missing &lt;param name=&quot;dataRows&quot;/&gt; documentation [F:\DI\di\Proyecto\PokeDexManager\Help\Working\BuildTopics.proj]
BuildAssembler : warning : ShowMissingComponent: [M:PokeDexManager.ProyectoPokemonDataSetTableAdapters.PokemonTableAdapter.Update(System.Int32,System.Int32,System.Int32,System.Int32,System.Int32,System.DateTime,System.Int32,System.Int32,System.Int32,System.Int32,System.Int32,System.Int32,System.DateTime)] Missing &lt;summary&gt; documentation [F:\DI\di\Proyecto\PokeDexManager\Help\Working\BuildTopics.proj]
BuildAssembler : warning : ShowMissingComponent: [M:PokeDexManager.ProyectoPokemonDataSetTableAdapters.PokemonTableAdapter.Update(System.Int32,System.Int32,System.Int32,System.Int32,System.Int32,System.DateTime,System.Int32,System.Int32,System.Int32,System.Int32,System.Int32,System.Int32,System.DateTime)] Missing &lt;returns&gt; documentation [F:\DI\di\Proyecto\PokeDexManager\Help\Working\BuildTopics.proj]
BuildAssembler : warning : ShowMissingComponent: [M:PokeDexManager.ProyectoPokemonDataSetTableAdapters.PokemonTableAdapter.Update(System.Int32,System.Int32,System.Int32,System.Int32,System.Int32,System.DateTime,System.Int32,System.Int32,System.Int32,System.Int32,System.Int32,System.Int32,System.DateTime)] Missing &lt;param name=&quot;EspecieId&quot;/&gt; documentation [F:\DI\di\Proyecto\PokeDexManager\Help\Working\BuildTopics.proj]
BuildAssembler : warning : ShowMissingComponent: [M:PokeDexManager.ProyectoPokemonDataSetTableAdapters.PokemonTableAdapter.Update(System.Int32,System.Int32,System.Int32,System.Int32,System.Int32,System.DateTime,System.Int32,System.Int32,System.Int32,System.Int32,System.Int32,System.Int32,System.DateTime)] Missing &lt;param name=&quot;Nivel&quot;/&gt; documentation [F:\DI\di\Proyecto\PokeDexManager\Help\Working\BuildTopics.proj]
BuildAssembler : warning : ShowMissingComponent: [M:PokeDexManager.ProyectoPokemonDataSetTableAdapters.PokemonTableAdapter.Update(System.Int32,System.Int32,System.Int32,System.Int32,System.Int32,System.DateTime,System.Int32,System.Int32,System.Int32,System.Int32,System.Int32,System.Int32,System.DateTime)] Missing &lt;param name=&quot;Salud&quot;/&gt; documentation [F:\DI\di\Proyecto\PokeDexManager\Help\Working\BuildTopics.proj]
BuildAssembler : warning : ShowMissingComponent: [M:PokeDexManager.ProyectoPokemonDataSetTableAdapters.PokemonTableAdapter.Update(System.Int32,System.Int32,System.Int32,System.Int32,System.Int32,System.DateTime,System.Int32,System.Int32,System.Int32,System.Int32,System.Int32,System.Int32,System.DateTime)] Missing &lt;param name=&quot;Ataque&quot;/&gt; documentation [F:\DI\di\Proyecto\PokeDexManager\Help\Working\BuildTopics.proj]
BuildAssembler : warning : ShowMissingComponent: [M:PokeDexManager.ProyectoPokemonDataSetTableAdapters.PokemonTableAdapter.Update(System.Int32,System.Int32,System.Int32,System.Int32,System.Int32,System.DateTime,System.Int32,System.Int32,System.Int32,System.Int32,System.Int32,System.Int32,System.DateTime)] Missing &lt;param name=&quot;Defensa&quot;/&gt; documentation [F:\DI\di\Proyecto\PokeDexManager\Help\Working\BuildTopics.proj]
BuildAssembler : warning : ShowMissingComponent: [M:PokeDexManager.ProyectoPokemonDataSetTableAdapters.PokemonTableAdapter.Update(System.Int32,System.Int32,System.Int32,System.Int32,System.Int32,System.DateTime,System.Int32,System.Int32,System.Int32,System.Int32,System.Int32,System.Int32,System.DateTime)] Missing &lt;param name=&quot;FechaRegistro&quot;/&gt; documentation [F:\DI\di\Proyecto\PokeDexManager\Help\Working\BuildTopics.proj]
BuildAssembler : warning : ShowMissingComponent: [M:PokeDexManager.ProyectoPokemonDataSetTableAdapters.PokemonTableAdapter.Update(System.Int32,System.Int32,System.Int32,System.Int32,System.Int32,System.DateTime,System.Int32,System.Int32,System.Int32,System.Int32,System.Int32,System.Int32,System.DateTime)] Missing &lt;param name=&quot;Original_IdPokemon&quot;/&gt; documentation [F:\DI\di\Proyecto\PokeDexManager\Help\Working\BuildTopics.proj]
BuildAssembler : warning : ShowMissingComponent: [M:PokeDexManager.ProyectoPokemonDataSetTableAdapters.PokemonTableAdapter.Update(System.Int32,System.Int32,System.Int32,System.Int32,System.Int32,System.DateTime,System.Int32,System.Int32,System.Int32,System.Int32,System.Int32,System.Int32,System.DateTime)] Missing &lt;param name=&quot;Original_EspecieId&quot;/&gt; documentation [F:\DI\di\Proyecto\PokeDexManager\Help\Working\BuildTopics.proj]
BuildAssembler : warning : ShowMissingComponent: [M:PokeDexManager.ProyectoPokemonDataSetTableAdapters.PokemonTableAdapter.Update(System.Int32,System.Int32,System.Int32,System.Int32,System.Int32,System.DateTime,System.Int32,System.Int32,System.Int32,System.Int32,System.Int32,System.Int32,System.DateTime)] Missing &lt;param name=&quot;Original_Nivel&quot;/&gt; documentation [F:\DI\di\Proyecto\PokeDexManager\Help\Working\BuildTopics.proj]
BuildAssembler : warning : ShowMissingComponent: [M:PokeDexManager.ProyectoPokemonDataSetTableAdapters.PokemonTableAdapter.Update(System.Int32,System.Int32,System.Int32,System.Int32,System.Int32,System.DateTime,System.Int32,System.Int32,System.Int32,System.Int32,System.Int32,System.Int32,System.DateTime)] Missing &lt;param name=&quot;Original_Salud&quot;/&gt; documentation [F:\DI\di\Proyecto\PokeDexManager\Help\Working\BuildTopics.proj]
BuildAssembler : warning : ShowMissingComponent: [M:PokeDexManager.ProyectoPokemonDataSetTableAdapters.PokemonTableAdapter.Update(System.Int32,System.Int32,System.Int32,System.Int32,System.Int32,System.DateTime,System.Int32,System.Int32,System.Int32,System.Int32,System.Int32,System.Int32,System.DateTime)] Missing &lt;param name=&quot;Original_Ataque&quot;/&gt; documentation [F:\DI\di\Proyecto\PokeDexManager\Help\Working\BuildTopics.proj]
BuildAssembler : warning : ShowMissingComponent: [M:PokeDexManager.ProyectoPokemonDataSetTableAdapters.PokemonTableAdapter.Update(System.Int32,System.Int32,System.Int32,System.Int32,System.Int32,System.DateTime,System.Int32,System.Int32,System.Int32,System.Int32,System.Int32,System.Int32,System.DateTime)] Missing &lt;param name=&quot;Original_Defensa&quot;/&gt; documentation [F:\DI\di\Proyecto\PokeDexManager\Help\Working\BuildTopics.proj]
BuildAssembler : warning : ShowMissingComponent: [M:PokeDexManager.ProyectoPokemonDataSetTableAdapters.PokemonTableAdapter.Update(System.Int32,System.Int32,System.Int32,System.Int32,System.Int32,System.DateTime,System.Int32,System.Int32,System.Int32,System.Int32,System.Int32,System.Int32,System.DateTime)] Missing &lt;param name=&quot;Original_FechaRegistro&quot;/&gt; documentation [F:\DI\di\Proyecto\PokeDexManager\Help\Working\BuildTopics.proj]
BuildAssembler : warning : ShowMissingComponent: [M:PokeDexManager.ProyectoPokemonDataSetTableAdapters.PokemonTableAdapter.Update(System.Int32,System.Int32,System.Int32,System.Int32,System.Int32,System.DateTime,System.Int32,System.Int32,System.Int32,System.Int32,System.Int32,System.Int32,System.DateTime,System.Int32)] Missing &lt;summary&gt; documentation [F:\DI\di\Proyecto\PokeDexManager\Help\Working\BuildTopics.proj]
BuildAssembler : warning : ShowMissingComponent: [M:PokeDexManager.ProyectoPokemonDataSetTableAdapters.PokemonTableAdapter.Update(System.Int32,System.Int32,System.Int32,System.Int32,System.Int32,System.DateTime,System.Int32,System.Int32,System.Int32,System.Int32,System.Int32,System.Int32,System.DateTime,System.Int32)] Missing &lt;returns&gt; documentation [F:\DI\di\Proyecto\PokeDexManager\Help\Working\BuildTopics.proj]
BuildAssembler : warning : ShowMissingComponent: [M:PokeDexManager.ProyectoPokemonDataSetTableAdapters.PokemonTableAdapter.Update(System.Int32,System.Int32,System.Int32,System.Int32,System.Int32,System.DateTime,System.Int32,System.Int32,System.Int32,System.Int32,System.Int32,System.Int32,System.DateTime,System.Int32)] Missing &lt;param name=&quot;EspecieId&quot;/&gt; documentation [F:\DI\di\Proyecto\PokeDexManager\Help\Working\BuildTopics.proj]
BuildAssembler : warning : ShowMissingComponent: [M:PokeDexManager.ProyectoPokemonDataSetTableAdapters.PokemonTableAdapter.Update(System.Int32,System.Int32,System.Int32,System.Int32,System.Int32,System.DateTime,System.Int32,System.Int32,System.Int32,System.Int32,System.Int32,System.Int32,System.DateTime,System.Int32)] Missing &lt;param name=&quot;Nivel&quot;/&gt; documentation [F:\DI\di\Proyecto\PokeDexManager\Help\Working\BuildTopics.proj]
BuildAssembler : warning : ShowMissingComponent: [M:PokeDexManager.ProyectoPokemonDataSetTableAdapters.PokemonTableAdapter.Update(System.Int32,System.Int32,System.Int32,System.Int32,System.Int32,System.DateTime,System.Int32,System.Int32,System.Int32,System.Int32,System.Int32,System.Int32,System.DateTime,System.Int32)] Missing &lt;param name=&quot;Salud&quot;/&gt; documentation [F:\DI\di\Proyecto\PokeDexManager\Help\Working\BuildTopics.proj]
BuildAssembler : warning : ShowMissingComponent: [M:PokeDexManager.ProyectoPokemonDataSetTableAdapters.PokemonTableAdapter.Update(System.Int32,System.Int32,System.Int32,System.Int32,System.Int32,System.DateTime,System.Int32,System.Int32,System.Int32,System.Int32,System.Int32,System.Int32,System.DateTime,System.Int32)] Missing &lt;param name=&quot;Ataque&quot;/&gt; documentation [F:\DI\di\Proyecto\PokeDexManager\Help\Working\BuildTopics.proj]
BuildAssembler : warning : ShowMissingComponent: [M:PokeDexManager.ProyectoPokemonDataSetTableAdapters.PokemonTableAdapter.Update(System.Int32,System.Int32,System.Int32,System.Int32,System.Int32,System.DateTime,System.Int32,System.Int32,System.Int32,System.Int32,System.Int32,System.Int32,System.DateTime,System.Int32)] Missing &lt;param name=&quot;Defensa&quot;/&gt; documentation [F:\DI\di\Proyecto\PokeDexManager\Help\Working\BuildTopics.proj]
BuildAssembler : warning : ShowMissingComponent: [M:PokeDexManager.ProyectoPokemonDataSetTableAdapters.PokemonTableAdapter.Update(System.Int32,System.Int32,System.Int32,System.Int32,System.Int32,System.DateTime,System.Int32,System.Int32,System.Int32,System.Int32,System.Int32,System.Int32,System.DateTime,System.Int32)] Missing &lt;param name=&quot;FechaRegistro&quot;/&gt; documentation [F:\DI\di\Proyecto\PokeDexManager\Help\Working\BuildTopics.proj]
BuildAssembler : warning : ShowMissingComponent: [M:PokeDexManager.ProyectoPokemonDataSetTableAdapters.PokemonTableAdapter.Update(System.Int32,System.Int32,System.Int32,System.Int32,System.Int32,System.DateTime,System.Int32,System.Int32,System.Int32,System.Int32,System.Int32,System.Int32,System.DateTime,System.Int32)] Missing &lt;param name=&quot;Original_IdPokemon&quot;/&gt; documentation [F:\DI\di\Proyecto\PokeDexManager\Help\Working\BuildTopics.proj]
BuildAssembler : warning : ShowMissingComponent: [M:PokeDexManager.ProyectoPokemonDataSetTableAdapters.PokemonTableAdapter.Update(System.Int32,System.Int32,System.Int32,System.Int32,System.Int32,System.DateTime,System.Int32,System.Int32,System.Int32,System.Int32,System.Int32,System.Int32,System.DateTime,System.Int32)] Missing &lt;param name=&quot;Original_EspecieId&quot;/&gt; documentation [F:\DI\di\Proyecto\PokeDexManager\Help\Working\BuildTopics.proj]
BuildAssembler : warning : ShowMissingComponent: [M:PokeDexManager.ProyectoPokemonDataSetTableAdapters.PokemonTableAdapter.Update(System.Int32,System.Int32,System.Int32,System.Int32,System.Int32,System.DateTime,System.Int32,System.Int32,System.Int32,System.Int32,System.Int32,System.Int32,System.DateTime,System.Int32)] Missing &lt;param name=&quot;Original_Nivel&quot;/&gt; documentation [F:\DI\di\Proyecto\PokeDexManager\Help\Working\BuildTopics.proj]
BuildAssembler : warning : ShowMissingComponent: [M:PokeDexManager.ProyectoPokemonDataSetTableAdapters.PokemonTableAdapter.Update(System.Int32,System.Int32,System.Int32,System.Int32,System.Int32,System.DateTime,System.Int32,System.Int32,System.Int32,System.Int32,System.Int32,System.Int32,System.DateTime,System.Int32)] Missing &lt;param name=&quot;Original_Salud&quot;/&gt; documentation [F:\DI\di\Proyecto\PokeDexManager\Help\Working\BuildTopics.proj]
BuildAssembler : warning : ShowMissingComponent: [M:PokeDexManager.ProyectoPokemonDataSetTableAdapters.PokemonTableAdapter.Update(System.Int32,System.Int32,System.Int32,System.Int32,System.Int32,System.DateTime,System.Int32,System.Int32,System.Int32,System.Int32,System.Int32,System.Int32,System.DateTime,System.Int32)] Missing &lt;param name=&quot;Original_Ataque&quot;/&gt; documentation [F:\DI\di\Proyecto\PokeDexManager\Help\Working\BuildTopics.proj]
BuildAssembler : warning : ShowMissingComponent: [M:PokeDexManager.ProyectoPokemonDataSetTableAdapters.PokemonTableAdapter.Update(System.Int32,System.Int32,System.Int32,System.Int32,System.Int32,System.DateTime,System.Int32,System.Int32,System.Int32,System.Int32,System.Int32,System.Int32,System.DateTime,System.Int32)] Missing &lt;param name=&quot;Original_Defensa&quot;/&gt; documentation [F:\DI\di\Proyecto\PokeDexManager\Help\Working\BuildTopics.proj]
BuildAssembler : warning : ShowMissingComponent: [M:PokeDexManager.ProyectoPokemonDataSetTableAdapters.PokemonTableAdapter.Update(System.Int32,System.Int32,System.Int32,System.Int32,System.Int32,System.DateTime,System.Int32,System.Int32,System.Int32,System.Int32,System.Int32,System.Int32,System.DateTime,System.Int32)] Missing &lt;param name=&quot;Original_FechaRegistro&quot;/&gt; documentation [F:\DI\di\Proyecto\PokeDexManager\Help\Working\BuildTopics.proj]
BuildAssembler : warning : ShowMissingComponent: [M:PokeDexManager.ProyectoPokemonDataSetTableAdapters.PokemonTableAdapter.Update(System.Int32,System.Int32,System.Int32,System.Int32,System.Int32,System.DateTime,System.Int32,System.Int32,System.Int32,System.Int32,System.Int32,System.Int32,System.DateTime,System.Int32)] Missing &lt;param name=&quot;IdPokemon&quot;/&gt; documentation [F:\DI\di\Proyecto\PokeDexManager\Help\Working\BuildTopics.proj]
BuildAssembler : warning : ShowMissingComponent: [M:PokeDexManager.ProyectoPokemonDataSetTableAdapters.PokemonTableAdapter.UpdatePokemonStats(System.Int32,System.Int32,System.Int32,System.Int32,System.Int32)] Missing &lt;summary&gt; documentation [F:\DI\di\Proyecto\PokeDexManager\Help\Working\BuildTopics.proj]
BuildAssembler : warning : ShowMissingComponent: [M:PokeDexManager.ProyectoPokemonDataSetTableAdapters.PokemonTableAdapter.UpdatePokemonStats(System.Int32,System.Int32,System.Int32,System.Int32,System.Int32)] Missing &lt;returns&gt; documentation [F:\DI\di\Proyecto\PokeDexManager\Help\Working\BuildTopics.proj]
BuildAssembler : warning : ShowMissingComponent: [M:PokeDexManager.ProyectoPokemonDataSetTableAdapters.PokemonTableAdapter.UpdatePokemonStats(System.Int32,System.Int32,System.Int32,System.Int32,System.Int32)] Missing &lt;param name=&quot;Nivel&quot;/&gt; documentation [F:\DI\di\Proyecto\PokeDexManager\Help\Working\BuildTopics.proj]
BuildAssembler : warning : ShowMissingComponent: [M:PokeDexManager.ProyectoPokemonDataSetTableAdapters.PokemonTableAdapter.UpdatePokemonStats(System.Int32,System.Int32,System.Int32,System.Int32,System.Int32)] Missing &lt;param name=&quot;Salud&quot;/&gt; documentation [F:\DI\di\Proyecto\PokeDexManager\Help\Working\BuildTopics.proj]
BuildAssembler : warning : ShowMissingComponent: [M:PokeDexManager.ProyectoPokemonDataSetTableAdapters.PokemonTableAdapter.UpdatePokemonStats(System.Int32,System.Int32,System.Int32,System.Int32,System.Int32)] Missing &lt;param name=&quot;Ataque&quot;/&gt; documentation [F:\DI\di\Proyecto\PokeDexManager\Help\Working\BuildTopics.proj]
BuildAssembler : warning : ShowMissingComponent: [M:PokeDexManager.ProyectoPokemonDataSetTableAdapters.PokemonTableAdapter.UpdatePokemonStats(System.Int32,System.Int32,System.Int32,System.Int32,System.Int32)] Missing &lt;param name=&quot;Defensa&quot;/&gt; documentation [F:\DI\di\Proyecto\PokeDexManager\Help\Working\BuildTopics.proj]
BuildAssembler : warning : ShowMissingComponent: [M:PokeDexManager.ProyectoPokemonDataSetTableAdapters.PokemonTableAdapter.UpdatePokemonStats(System.Int32,System.Int32,System.Int32,System.Int32,System.Int32)] Missing &lt;param name=&quot;IdPokemon&quot;/&gt; documentation [F:\DI\di\Proyecto\PokeDexManager\Help\Working\BuildTopics.proj]
BuildAssembler : warning : ShowMissingComponent: [T:PokeDexManager.ProyectoPokemonDataSetTableAdapters.SimplePokedexTableAdapter] Missing &lt;summary&gt; documentation [F:\DI\di\Proyecto\PokeDexManager\Help\Working\BuildTopics.proj]
BuildAssembler : warning : ShowMissingComponent: [P:PokeDexManager.ProyectoPokemonDataSetTableAdapters.SimplePokedexTableAdapter.Adapter] Missing &lt;summary&gt; documentation [F:\DI\di\Proyecto\PokeDexManager\Help\Working\BuildTopics.proj]
BuildAssembler : warning : ShowMissingComponent: [P:PokeDexManager.ProyectoPokemonDataSetTableAdapters.SimplePokedexTableAdapter.ClearBeforeFill] Missing &lt;summary&gt; documentation [F:\DI\di\Proyecto\PokeDexManager\Help\Working\BuildTopics.proj]
BuildAssembler : warning : ShowMissingComponent: [P:PokeDexManager.ProyectoPokemonDataSetTableAdapters.SimplePokedexTableAdapter.CommandCollection] Missing &lt;summary&gt; documentation [F:\DI\di\Proyecto\PokeDexManager\Help\Working\BuildTopics.proj]
BuildAssembler : warning : ShowMissingComponent: [M:PokeDexManager.ProyectoPokemonDataSetTableAdapters.SimplePokedexTableAdapter.Fill(PokeDexManager.ProyectoPokemonDataSet.SimplePokedexDataTable)] Missing &lt;summary&gt; documentation [F:\DI\di\Proyecto\PokeDexManager\Help\Working\BuildTopics.proj]
BuildAssembler : warning : ShowMissingComponent: [M:PokeDexManager.ProyectoPokemonDataSetTableAdapters.SimplePokedexTableAdapter.Fill(PokeDexManager.ProyectoPokemonDataSet.SimplePokedexDataTable)] Missing &lt;returns&gt; documentation [F:\DI\di\Proyecto\PokeDexManager\Help\Working\BuildTopics.proj]
BuildAssembler : warning : ShowMissingComponent: [M:PokeDexManager.ProyectoPokemonDataSetTableAdapters.SimplePokedexTableAdapter.Fill(PokeDexManager.ProyectoPokemonDataSet.SimplePokedexDataTable)] Missing &lt;param name=&quot;dataTable&quot;/&gt; documentation [F:\DI\di\Proyecto\PokeDexManager\Help\Working\BuildTopics.proj]
BuildAssembler : warning : ShowMissingComponent: [M:PokeDexManager.ProyectoPokemonDataSetTableAdapters.SimplePokedexTableAdapter.GetData] Missing &lt;summary&gt; documentation [F:\DI\di\Proyecto\PokeDexManager\Help\Working\BuildTopics.proj]
BuildAssembler : warning : ShowMissingComponent: [M:PokeDexManager.ProyectoPokemonDataSetTableAdapters.SimplePokedexTableAdapter.GetData] Missing &lt;returns&gt; documentation [F:\DI\di\Proyecto\PokeDexManager\Help\Working\BuildTopics.proj]
BuildAssembler : warning : ShowMissingComponent: [T:PokeDexManager.ProyectoPokemonDataSetTableAdapters.TableAdapterManager] Missing &lt;summary&gt; documentation [F:\DI\di\Proyecto\PokeDexManager\Help\Working\BuildTopics.proj]
BuildAssembler : warning : ShowMissingComponent: [P:PokeDexManager.ProyectoPokemonDataSetTableAdapters.TableAdapterManager.BackupDataSetBeforeUpdate] Missing &lt;summary&gt; documentation [F:\DI\di\Proyecto\PokeDexManager\Help\Working\BuildTopics.proj]
BuildAssembler : warning : ShowMissingComponent: [P:PokeDexManager.ProyectoPokemonDataSetTableAdapters.TableAdapterManager.CombateTableAdapter] Missing &lt;summary&gt; documentation [F:\DI\di\Proyecto\PokeDexManager\Help\Working\BuildTopics.proj]
BuildAssembler : warning : ShowMissingComponent: [P:PokeDexManager.ProyectoPokemonDataSetTableAdapters.TableAdapterManager.Connection] Missing &lt;summary&gt; documentation [F:\DI\di\Proyecto\PokeDexManager\Help\Working\BuildTopics.proj]
BuildAssembler : warning : ShowMissingComponent: [P:PokeDexManager.ProyectoPokemonDataSetTableAdapters.TableAdapterManager.EspecieTableAdapter] Missing &lt;summary&gt; documentation [F:\DI\di\Proyecto\PokeDexManager\Help\Working\BuildTopics.proj]
BuildAssembler : warning : ShowMissingComponent: [M:PokeDexManager.ProyectoPokemonDataSetTableAdapters.TableAdapterManager.MatchTableAdapterConnection(System.Data.IDbConnection)] Missing &lt;summary&gt; documentation [F:\DI\di\Proyecto\PokeDexManager\Help\Working\BuildTopics.proj]
BuildAssembler : warning : ShowMissingComponent: [M:PokeDexManager.ProyectoPokemonDataSetTableAdapters.TableAdapterManager.MatchTableAdapterConnection(System.Data.IDbConnection)] Missing &lt;returns&gt; documentation [F:\DI\di\Proyecto\PokeDexManager\Help\Working\BuildTopics.proj]
BuildAssembler : warning : ShowMissingComponent: [M:PokeDexManager.ProyectoPokemonDataSetTableAdapters.TableAdapterManager.MatchTableAdapterConnection(System.Data.IDbConnection)] Missing &lt;param name=&quot;inputConnection&quot;/&gt; documentation [F:\DI\di\Proyecto\PokeDexManager\Help\Working\BuildTopics.proj]
BuildAssembler : warning : ShowMissingComponent: [P:PokeDexManager.ProyectoPokemonDataSetTableAdapters.TableAdapterManager.PokemonTableAdapter] Missing &lt;summary&gt; documentation [F:\DI\di\Proyecto\PokeDexManager\Help\Working\BuildTopics.proj]
BuildAssembler : warning : ShowMissingComponent: [M:PokeDexManager.ProyectoPokemonDataSetTableAdapters.TableAdapterManager.SortSelfReferenceRows(System.Data.DataRow[],System.Data.DataRelation,System.Boolean)] Missing &lt;summary&gt; documentation [F:\DI\di\Proyecto\PokeDexManager\Help\Working\BuildTopics.proj]
BuildAssembler : warning : ShowMissingComponent: [M:PokeDexManager.ProyectoPokemonDataSetTableAdapters.TableAdapterManager.SortSelfReferenceRows(System.Data.DataRow[],System.Data.DataRelation,System.Boolean)] Missing &lt;param name=&quot;rows&quot;/&gt; documentation [F:\DI\di\Proyecto\PokeDexManager\Help\Working\BuildTopics.proj]
BuildAssembler : warning : ShowMissingComponent: [M:PokeDexManager.ProyectoPokemonDataSetTableAdapters.TableAdapterManager.SortSelfReferenceRows(System.Data.DataRow[],System.Data.DataRelation,System.Boolean)] Missing &lt;param name=&quot;relation&quot;/&gt; documentation [F:\DI\di\Proyecto\PokeDexManager\Help\Working\BuildTopics.proj]
BuildAssembler : warning : ShowMissingComponent: [M:PokeDexManager.ProyectoPokemonDataSetTableAdapters.TableAdapterManager.SortSelfReferenceRows(System.Data.DataRow[],System.Data.DataRelation,System.Boolean)] Missing &lt;param name=&quot;childFirst&quot;/&gt; documentation [F:\DI\di\Proyecto\PokeDexManager\Help\Working\BuildTopics.proj]
BuildAssembler : warning : ShowMissingComponent: [P:PokeDexManager.ProyectoPokemonDataSetTableAdapters.TableAdapterManager.TableAdapterInstanceCount] Missing &lt;summary&gt; documentation [F:\DI\di\Proyecto\PokeDexManager\Help\Working\BuildTopics.proj]
BuildAssembler : warning : ShowMissingComponent: [P:PokeDexManager.ProyectoPokemonDataSetTableAdapters.TableAdapterManager.TipoTableAdapter] Missing &lt;summary&gt; documentation [F:\DI\di\Proyecto\PokeDexManager\Help\Working\BuildTopics.proj]
BuildAssembler : warning : ShowMissingComponent: [M:PokeDexManager.ProyectoPokemonDataSetTableAdapters.TableAdapterManager.UpdateAll(PokeDexManager.ProyectoPokemonDataSet)] Missing &lt;summary&gt; documentation [F:\DI\di\Proyecto\PokeDexManager\Help\Working\BuildTopics.proj]
BuildAssembler : warning : ShowMissingComponent: [M:PokeDexManager.ProyectoPokemonDataSetTableAdapters.TableAdapterManager.UpdateAll(PokeDexManager.ProyectoPokemonDataSet)] Missing &lt;returns&gt; documentation [F:\DI\di\Proyecto\PokeDexManager\Help\Working\BuildTopics.proj]
BuildAssembler : warning : ShowMissingComponent: [M:PokeDexManager.ProyectoPokemonDataSetTableAdapters.TableAdapterManager.UpdateAll(PokeDexManager.ProyectoPokemonDataSet)] Missing &lt;param name=&quot;dataSet&quot;/&gt; documentation [F:\DI\di\Proyecto\PokeDexManager\Help\Working\BuildTopics.proj]
BuildAssembler : warning : ShowMissingComponent: [P:PokeDexManager.ProyectoPokemonDataSetTableAdapters.TableAdapterManager.UpdateOrder] Missing &lt;summary&gt; documentation [F:\DI\di\Proyecto\PokeDexManager\Help\Working\BuildTopics.proj]
BuildAssembler : warning : ShowMissingComponent: [T:PokeDexManager.ProyectoPokemonDataSetTableAdapters.TableAdapterManager.UpdateOrderOption] Missing &lt;summary&gt; documentation [F:\DI\di\Proyecto\PokeDexManager\Help\Working\BuildTopics.proj]
BuildAssembler : warning : ShowMissingComponent: [T:PokeDexManager.ProyectoPokemonDataSetTableAdapters.TipoTableAdapter] Missing &lt;summary&gt; documentation [F:\DI\di\Proyecto\PokeDexManager\Help\Working\BuildTopics.proj]
BuildAssembler : warning : ShowMissingComponent: [P:PokeDexManager.ProyectoPokemonDataSetTableAdapters.TipoTableAdapter.Adapter] Missing &lt;summary&gt; documentation [F:\DI\di\Proyecto\PokeDexManager\Help\Working\BuildTopics.proj]
BuildAssembler : warning : ShowMissingComponent: [P:PokeDexManager.ProyectoPokemonDataSetTableAdapters.TipoTableAdapter.ClearBeforeFill] Missing &lt;summary&gt; documentation [F:\DI\di\Proyecto\PokeDexManager\Help\Working\BuildTopics.proj]
BuildAssembler : warning : ShowMissingComponent: [P:PokeDexManager.ProyectoPokemonDataSetTableAdapters.TipoTableAdapter.CommandCollection] Missing &lt;summary&gt; documentation [F:\DI\di\Proyecto\PokeDexManager\Help\Working\BuildTopics.proj]
BuildAssembler : warning : ShowMissingComponent: [M:PokeDexManager.ProyectoPokemonDataSetTableAdapters.TipoTableAdapter.Delete(System.Int32,System.String)] Missing &lt;summary&gt; documentation [F:\DI\di\Proyecto\PokeDexManager\Help\Working\BuildTopics.proj]
BuildAssembler : warning : ShowMissingComponent: [M:PokeDexManager.ProyectoPokemonDataSetTableAdapters.TipoTableAdapter.Delete(System.Int32,System.String)] Missing &lt;returns&gt; documentation [F:\DI\di\Proyecto\PokeDexManager\Help\Working\BuildTopics.proj]
BuildAssembler : warning : ShowMissingComponent: [M:PokeDexManager.ProyectoPokemonDataSetTableAdapters.TipoTableAdapter.Delete(System.Int32,System.String)] Missing &lt;param name=&quot;Original_IdTipo&quot;/&gt; documentation [F:\DI\di\Proyecto\PokeDexManager\Help\Working\BuildTopics.proj]
BuildAssembler : warning : ShowMissingComponent: [M:PokeDexManager.ProyectoPokemonDataSetTableAdapters.TipoTableAdapter.Delete(System.Int32,System.String)] Missing &lt;param name=&quot;Original_Nombre&quot;/&gt; documentation [F:\DI\di\Proyecto\PokeDexManager\Help\Working\BuildTopics.proj]
BuildAssembler : warning : ShowMissingComponent: [M:PokeDexManager.ProyectoPokemonDataSetTableAdapters.TipoTableAdapter.ExistenTipos] Missing &lt;summary&gt; documentation [F:\DI\di\Proyecto\PokeDexManager\Help\Working\BuildTopics.proj]
BuildAssembler : warning : ShowMissingComponent: [M:PokeDexManager.ProyectoPokemonDataSetTableAdapters.TipoTableAdapter.ExistenTipos] Missing &lt;returns&gt; documentation [F:\DI\di\Proyecto\PokeDexManager\Help\Working\BuildTopics.proj]
BuildAssembler : warning : ShowMissingComponent: [M:PokeDexManager.ProyectoPokemonDataSetTableAdapters.TipoTableAdapter.Fill(PokeDexManager.ProyectoPokemonDataSet.TipoDataTable)] Missing &lt;summary&gt; documentation [F:\DI\di\Proyecto\PokeDexManager\Help\Working\BuildTopics.proj]
BuildAssembler : warning : ShowMissingComponent: [M:PokeDexManager.ProyectoPokemonDataSetTableAdapters.TipoTableAdapter.Fill(PokeDexManager.ProyectoPokemonDataSet.TipoDataTable)] Missing &lt;returns&gt; documentation [F:\DI\di\Proyecto\PokeDexManager\Help\Working\BuildTopics.proj]
BuildAssembler : warning : ShowMissingComponent: [M:PokeDexManager.ProyectoPokemonDataSetTableAdapters.TipoTableAdapter.Fill(PokeDexManager.ProyectoPokemonDataSet.TipoDataTable)] Missing &lt;param name=&quot;dataTable&quot;/&gt; documentation [F:\DI\di\Proyecto\PokeDexManager\Help\Working\BuildTopics.proj]
BuildAssembler : warning : ShowMissingComponent: [M:PokeDexManager.ProyectoPokemonDataSetTableAdapters.TipoTableAdapter.GetData] Missing &lt;summary&gt; documentation [F:\DI\di\Proyecto\PokeDexManager\Help\Working\BuildTopics.proj]
BuildAssembler : warning : ShowMissingComponent: [M:PokeDexManager.ProyectoPokemonDataSetTableAdapters.TipoTableAdapter.GetData] Missing &lt;returns&gt; documentation [F:\DI\di\Proyecto\PokeDexManager\Help\Working\BuildTopics.proj]
BuildAssembler : warning : ShowMissingComponent: [M:PokeDexManager.ProyectoPokemonDataSetTableAdapters.TipoTableAdapter.Insert(System.String)] Missing &lt;summary&gt; documentation [F:\DI\di\Proyecto\PokeDexManager\Help\Working\BuildTopics.proj]
BuildAssembler : warning : ShowMissingComponent: [M:PokeDexManager.ProyectoPokemonDataSetTableAdapters.TipoTableAdapter.Insert(System.String)] Missing &lt;returns&gt; documentation [F:\DI\di\Proyecto\PokeDexManager\Help\Working\BuildTopics.proj]
BuildAssembler : warning : ShowMissingComponent: [M:PokeDexManager.ProyectoPokemonDataSetTableAdapters.TipoTableAdapter.Insert(System.String)] Missing &lt;param name=&quot;Nombre&quot;/&gt; documentation [F:\DI\di\Proyecto\PokeDexManager\Help\Working\BuildTopics.proj]
BuildAssembler : warning : ShowMissingComponent: [M:PokeDexManager.ProyectoPokemonDataSetTableAdapters.TipoTableAdapter.InsertTipo(System.String)] Missing &lt;summary&gt; documentation [F:\DI\di\Proyecto\PokeDexManager\Help\Working\BuildTopics.proj]
BuildAssembler : warning : ShowMissingComponent: [M:PokeDexManager.ProyectoPokemonDataSetTableAdapters.TipoTableAdapter.InsertTipo(System.String)] Missing &lt;returns&gt; documentation [F:\DI\di\Proyecto\PokeDexManager\Help\Working\BuildTopics.proj]
BuildAssembler : warning : ShowMissingComponent: [M:PokeDexManager.ProyectoPokemonDataSetTableAdapters.TipoTableAdapter.InsertTipo(System.String)] Missing &lt;param name=&quot;Nombre&quot;/&gt; documentation [F:\DI\di\Proyecto\PokeDexManager\Help\Working\BuildTopics.proj]
BuildAssembler : warning : ShowMissingComponent: [M:PokeDexManager.ProyectoPokemonDataSetTableAdapters.TipoTableAdapter.Update(PokeDexManager.ProyectoPokemonDataSet)] Missing &lt;summary&gt; documentation [F:\DI\di\Proyecto\PokeDexManager\Help\Working\BuildTopics.proj]
BuildAssembler : warning : ShowMissingComponent: [M:PokeDexManager.ProyectoPokemonDataSetTableAdapters.TipoTableAdapter.Update(PokeDexManager.ProyectoPokemonDataSet)] Missing &lt;returns&gt; documentation [F:\DI\di\Proyecto\PokeDexManager\Help\Working\BuildTopics.proj]
BuildAssembler : warning : ShowMissingComponent: [M:PokeDexManager.ProyectoPokemonDataSetTableAdapters.TipoTableAdapter.Update(PokeDexManager.ProyectoPokemonDataSet)] Missing &lt;param name=&quot;dataSet&quot;/&gt; documentation [F:\DI\di\Proyecto\PokeDexManager\Help\Working\BuildTopics.proj]
BuildAssembler : warning : ShowMissingComponent: [M:PokeDexManager.ProyectoPokemonDataSetTableAdapters.TipoTableAdapter.Update(PokeDexManager.ProyectoPokemonDataSet.TipoDataTable)] Missing &lt;summary&gt; documentation [F:\DI\di\Proyecto\PokeDexManager\Help\Working\BuildTopics.proj]
BuildAssembler : warning : ShowMissingComponent: [M:PokeDexManager.ProyectoPokemonDataSetTableAdapters.TipoTableAdapter.Update(PokeDexManager.ProyectoPokemonDataSet.TipoDataTable)] Missing &lt;returns&gt; documentation [F:\DI\di\Proyecto\PokeDexManager\Help\Working\BuildTopics.proj]
BuildAssembler : warning : ShowMissingComponent: [M:PokeDexManager.ProyectoPokemonDataSetTableAdapters.TipoTableAdapter.Update(PokeDexManager.ProyectoPokemonDataSet.TipoDataTable)] Missing &lt;param name=&quot;dataTable&quot;/&gt; documentation [F:\DI\di\Proyecto\PokeDexManager\Help\Working\BuildTopics.proj]
BuildAssembler : warning : ShowMissingComponent: [M:PokeDexManager.ProyectoPokemonDataSetTableAdapters.TipoTableAdapter.Update(System.Data.DataRow)] Missing &lt;summary&gt; documentation [F:\DI\di\Proyecto\PokeDexManager\Help\Working\BuildTopics.proj]
BuildAssembler : warning : ShowMissingComponent: [M:PokeDexManager.ProyectoPokemonDataSetTableAdapters.TipoTableAdapter.Update(System.Data.DataRow)] Missing &lt;returns&gt; documentation [F:\DI\di\Proyecto\PokeDexManager\Help\Working\BuildTopics.proj]
BuildAssembler : warning : ShowMissingComponent: [M:PokeDexManager.ProyectoPokemonDataSetTableAdapters.TipoTableAdapter.Update(System.Data.DataRow)] Missing &lt;param name=&quot;dataRow&quot;/&gt; documentation [F:\DI\di\Proyecto\PokeDexManager\Help\Working\BuildTopics.proj]
BuildAssembler : warning : ShowMissingComponent: [M:PokeDexManager.ProyectoPokemonDataSetTableAdapters.TipoTableAdapter.Update(System.Data.DataRow[])] Missing &lt;summary&gt; documentation [F:\DI\di\Proyecto\PokeDexManager\Help\Working\BuildTopics.proj]
BuildAssembler : warning : ShowMissingComponent: [M:PokeDexManager.ProyectoPokemonDataSetTableAdapters.TipoTableAdapter.Update(System.Data.DataRow[])] Missing &lt;returns&gt; documentation [F:\DI\di\Proyecto\PokeDexManager\Help\Working\BuildTopics.proj]
BuildAssembler : warning : ShowMissingComponent: [M:PokeDexManager.ProyectoPokemonDataSetTableAdapters.TipoTableAdapter.Update(System.Data.DataRow[])] Missing &lt;param name=&quot;dataRows&quot;/&gt; documentation [F:\DI\di\Proyecto\PokeDexManager\Help\Working\BuildTopics.proj]
BuildAssembler : warning : ShowMissingComponent: [M:PokeDexManager.ProyectoPokemonDataSetTableAdapters.TipoTableAdapter.Update(System.String,System.Int32,System.String)] Missing &lt;summary&gt; documentation [F:\DI\di\Proyecto\PokeDexManager\Help\Working\BuildTopics.proj]
BuildAssembler : warning : ShowMissingComponent: [M:PokeDexManager.ProyectoPokemonDataSetTableAdapters.TipoTableAdapter.Update(System.String,System.Int32,System.String)] Missing &lt;returns&gt; documentation [F:\DI\di\Proyecto\PokeDexManager\Help\Working\BuildTopics.proj]
BuildAssembler : warning : ShowMissingComponent: [M:PokeDexManager.ProyectoPokemonDataSetTableAdapters.TipoTableAdapter.Update(System.String,System.Int32,System.String)] Missing &lt;param name=&quot;Nombre&quot;/&gt; documentation [F:\DI\di\Proyecto\PokeDexManager\Help\Working\BuildTopics.proj]
BuildAssembler : warning : ShowMissingComponent: [M:PokeDexManager.ProyectoPokemonDataSetTableAdapters.TipoTableAdapter.Update(System.String,System.Int32,System.String)] Missing &lt;param name=&quot;Original_IdTipo&quot;/&gt; documentation [F:\DI\di\Proyecto\PokeDexManager\Help\Working\BuildTopics.proj]
BuildAssembler : warning : ShowMissingComponent: [M:PokeDexManager.ProyectoPokemonDataSetTableAdapters.TipoTableAdapter.Update(System.String,System.Int32,System.String)] Missing &lt;param name=&quot;Original_Nombre&quot;/&gt; documentation [F:\DI\di\Proyecto\PokeDexManager\Help\Working\BuildTopics.proj]
BuildAssembler : warning : ShowMissingComponent: [M:PokeDexManager.ProyectoPokemonDataSetTableAdapters.TipoTableAdapter.Update(System.String,System.Int32,System.String,System.Int32)] Missing &lt;summary&gt; documentation [F:\DI\di\Proyecto\PokeDexManager\Help\Working\BuildTopics.proj]
BuildAssembler : warning : ShowMissingComponent: [M:PokeDexManager.ProyectoPokemonDataSetTableAdapters.TipoTableAdapter.Update(System.String,System.Int32,System.String,System.Int32)] Missing &lt;returns&gt; documentation [F:\DI\di\Proyecto\PokeDexManager\Help\Working\BuildTopics.proj]
BuildAssembler : warning : ShowMissingComponent: [M:PokeDexManager.ProyectoPokemonDataSetTableAdapters.TipoTableAdapter.Update(System.String,System.Int32,System.String,System.Int32)] Missing &lt;param name=&quot;Nombre&quot;/&gt; documentation [F:\DI\di\Proyecto\PokeDexManager\Help\Working\BuildTopics.proj]
BuildAssembler : warning : ShowMissingComponent: [M:PokeDexManager.ProyectoPokemonDataSetTableAdapters.TipoTableAdapter.Update(System.String,System.Int32,System.String,System.Int32)] Missing &lt;param name=&quot;Original_IdTipo&quot;/&gt; documentation [F:\DI\di\Proyecto\PokeDexManager\Help\Working\BuildTopics.proj]
BuildAssembler : warning : ShowMissingComponent: [M:PokeDexManager.ProyectoPokemonDataSetTableAdapters.TipoTableAdapter.Update(System.String,System.Int32,System.String,System.Int32)] Missing &lt;param name=&quot;Original_Nombre&quot;/&gt; documentation [F:\DI\di\Proyecto\PokeDexManager\Help\Working\BuildTopics.proj]
BuildAssembler : warning : ShowMissingComponent: [M:PokeDexManager.ProyectoPokemonDataSetTableAdapters.TipoTableAdapter.Update(System.String,System.Int32,System.String,System.Int32)] Missing &lt;param name=&quot;IdTipo&quot;/&gt; documentation [F:\DI\di\Proyecto\PokeDexManager\Help\Working\BuildTopics.proj]
  Processed 747 topic(s)
  2111 warning(s)
  CopyFromIndexComponent: &quot;reflection&quot; in-memory cache entries used: 7 of 15.
  CopyFromIndexComponent: &quot;comments&quot; in-memory cache entries used: 1 of 30.
Compilaci&#162;n del proyecto terminada &quot;F:\DI\di\Proyecto\PokeDexManager\Help\Working\BuildTopics.proj&quot; (destinos predeterminados).
    Last step completed in 00:00:04,8441
</buildStep>
<buildStep step="CombiningIntermediateTocFiles">
Combining conceptual and API intermediate TOC files...
    Last step completed in 00:00:00,0000
</buildStep>
<buildStep step="ExtractingHtmlInfo">
Extracting HTML info for HTML Help 1 and/or website...
[C:\Program Files (x86)\Microsoft Visual Studio\2019\Enterprise\MSBuild\Current\Bin\MSBuild.exe - ExtractHtmlInfo.proj]
    Last step completed in 00:00:00,2378
</buildStep>
<buildStep step="CopyStandardHelpContent">
Copying standard help content...
C:\Program Files (x86)\EWSoftware\Sandcastle Help File Builder\Components\VS2013\icons\AlertCaution.png -&gt; F:\DI\di\Proyecto\PokeDexManager\Help\Working\Output\HtmlHelp1\icons\AlertCaution.png
C:\Program Files (x86)\EWSoftware\Sandcastle Help File Builder\Components\VS2013\icons\AlertNote.png -&gt; F:\DI\di\Proyecto\PokeDexManager\Help\Working\Output\HtmlHelp1\icons\AlertNote.png
C:\Program Files (x86)\EWSoftware\Sandcastle Help File Builder\Components\VS2013\icons\AlertSecurity.png -&gt; F:\DI\di\Proyecto\PokeDexManager\Help\Working\Output\HtmlHelp1\icons\AlertSecurity.png
C:\Program Files (x86)\EWSoftware\Sandcastle Help File Builder\Components\VS2013\icons\CFW.gif -&gt; F:\DI\di\Proyecto\PokeDexManager\Help\Working\Output\HtmlHelp1\icons\CFW.gif
C:\Program Files (x86)\EWSoftware\Sandcastle Help File Builder\Components\VS2013\icons\CodeExample.png -&gt; F:\DI\di\Proyecto\PokeDexManager\Help\Working\Output\HtmlHelp1\icons\CodeExample.png
C:\Program Files (x86)\EWSoftware\Sandcastle Help File Builder\Components\VS2013\icons\favicon.ico -&gt; F:\DI\di\Proyecto\PokeDexManager\Help\Working\Output\HtmlHelp1\icons\favicon.ico
C:\Program Files (x86)\EWSoftware\Sandcastle Help File Builder\Components\VS2013\icons\privclass.gif -&gt; F:\DI\di\Proyecto\PokeDexManager\Help\Working\Output\HtmlHelp1\icons\privclass.gif
C:\Program Files (x86)\EWSoftware\Sandcastle Help File Builder\Components\VS2013\icons\privdelegate.gif -&gt; F:\DI\di\Proyecto\PokeDexManager\Help\Working\Output\HtmlHelp1\icons\privdelegate.gif
C:\Program Files (x86)\EWSoftware\Sandcastle Help File Builder\Components\VS2013\icons\privenumeration.gif -&gt; F:\DI\di\Proyecto\PokeDexManager\Help\Working\Output\HtmlHelp1\icons\privenumeration.gif
C:\Program Files (x86)\EWSoftware\Sandcastle Help File Builder\Components\VS2013\icons\privevent.gif -&gt; F:\DI\di\Proyecto\PokeDexManager\Help\Working\Output\HtmlHelp1\icons\privevent.gif
C:\Program Files (x86)\EWSoftware\Sandcastle Help File Builder\Components\VS2013\icons\privextension.gif -&gt; F:\DI\di\Proyecto\PokeDexManager\Help\Working\Output\HtmlHelp1\icons\privextension.gif
C:\Program Files (x86)\EWSoftware\Sandcastle Help File Builder\Components\VS2013\icons\privfield.gif -&gt; F:\DI\di\Proyecto\PokeDexManager\Help\Working\Output\HtmlHelp1\icons\privfield.gif
C:\Program Files (x86)\EWSoftware\Sandcastle Help File Builder\Components\VS2013\icons\privinterface.gif -&gt; F:\DI\di\Proyecto\PokeDexManager\Help\Working\Output\HtmlHelp1\icons\privinterface.gif
C:\Program Files (x86)\EWSoftware\Sandcastle Help File Builder\Components\VS2013\icons\privmethod.gif -&gt; F:\DI\di\Proyecto\PokeDexManager\Help\Working\Output\HtmlHelp1\icons\privmethod.gif
C:\Program Files (x86)\EWSoftware\Sandcastle Help File Builder\Components\VS2013\icons\privproperty.gif -&gt; F:\DI\di\Proyecto\PokeDexManager\Help\Working\Output\HtmlHelp1\icons\privproperty.gif
C:\Program Files (x86)\EWSoftware\Sandcastle Help File Builder\Components\VS2013\icons\privstructure.gif -&gt; F:\DI\di\Proyecto\PokeDexManager\Help\Working\Output\HtmlHelp1\icons\privstructure.gif
C:\Program Files (x86)\EWSoftware\Sandcastle Help File Builder\Components\VS2013\icons\protclass.gif -&gt; F:\DI\di\Proyecto\PokeDexManager\Help\Working\Output\HtmlHelp1\icons\protclass.gif
C:\Program Files (x86)\EWSoftware\Sandcastle Help File Builder\Components\VS2013\icons\protdelegate.gif -&gt; F:\DI\di\Proyecto\PokeDexManager\Help\Working\Output\HtmlHelp1\icons\protdelegate.gif
C:\Program Files (x86)\EWSoftware\Sandcastle Help File Builder\Components\VS2013\icons\protenumeration.gif -&gt; F:\DI\di\Proyecto\PokeDexManager\Help\Working\Output\HtmlHelp1\icons\protenumeration.gif
C:\Program Files (x86)\EWSoftware\Sandcastle Help File Builder\Components\VS2013\icons\protevent.gif -&gt; F:\DI\di\Proyecto\PokeDexManager\Help\Working\Output\HtmlHelp1\icons\protevent.gif
C:\Program Files (x86)\EWSoftware\Sandcastle Help File Builder\Components\VS2013\icons\protextension.gif -&gt; F:\DI\di\Proyecto\PokeDexManager\Help\Working\Output\HtmlHelp1\icons\protextension.gif
C:\Program Files (x86)\EWSoftware\Sandcastle Help File Builder\Components\VS2013\icons\protfield.gif -&gt; F:\DI\di\Proyecto\PokeDexManager\Help\Working\Output\HtmlHelp1\icons\protfield.gif
C:\Program Files (x86)\EWSoftware\Sandcastle Help File Builder\Components\VS2013\icons\protinterface.gif -&gt; F:\DI\di\Proyecto\PokeDexManager\Help\Working\Output\HtmlHelp1\icons\protinterface.gif
C:\Program Files (x86)\EWSoftware\Sandcastle Help File Builder\Components\VS2013\icons\protmethod.gif -&gt; F:\DI\di\Proyecto\PokeDexManager\Help\Working\Output\HtmlHelp1\icons\protmethod.gif
C:\Program Files (x86)\EWSoftware\Sandcastle Help File Builder\Components\VS2013\icons\protoperator.gif -&gt; F:\DI\di\Proyecto\PokeDexManager\Help\Working\Output\HtmlHelp1\icons\protoperator.gif
C:\Program Files (x86)\EWSoftware\Sandcastle Help File Builder\Components\VS2013\icons\protproperty.gif -&gt; F:\DI\di\Proyecto\PokeDexManager\Help\Working\Output\HtmlHelp1\icons\protproperty.gif
C:\Program Files (x86)\EWSoftware\Sandcastle Help File Builder\Components\VS2013\icons\protstructure.gif -&gt; F:\DI\di\Proyecto\PokeDexManager\Help\Working\Output\HtmlHelp1\icons\protstructure.gif
C:\Program Files (x86)\EWSoftware\Sandcastle Help File Builder\Components\VS2013\icons\pubclass.gif -&gt; F:\DI\di\Proyecto\PokeDexManager\Help\Working\Output\HtmlHelp1\icons\pubclass.gif
C:\Program Files (x86)\EWSoftware\Sandcastle Help File Builder\Components\VS2013\icons\pubdelegate.gif -&gt; F:\DI\di\Proyecto\PokeDexManager\Help\Working\Output\HtmlHelp1\icons\pubdelegate.gif
C:\Program Files (x86)\EWSoftware\Sandcastle Help File Builder\Components\VS2013\icons\pubenumeration.gif -&gt; F:\DI\di\Proyecto\PokeDexManager\Help\Working\Output\HtmlHelp1\icons\pubenumeration.gif
C:\Program Files (x86)\EWSoftware\Sandcastle Help File Builder\Components\VS2013\icons\pubevent.gif -&gt; F:\DI\di\Proyecto\PokeDexManager\Help\Working\Output\HtmlHelp1\icons\pubevent.gif
C:\Program Files (x86)\EWSoftware\Sandcastle Help File Builder\Components\VS2013\icons\pubextension.gif -&gt; F:\DI\di\Proyecto\PokeDexManager\Help\Working\Output\HtmlHelp1\icons\pubextension.gif
C:\Program Files (x86)\EWSoftware\Sandcastle Help File Builder\Components\VS2013\icons\pubfield.gif -&gt; F:\DI\di\Proyecto\PokeDexManager\Help\Working\Output\HtmlHelp1\icons\pubfield.gif
C:\Program Files (x86)\EWSoftware\Sandcastle Help File Builder\Components\VS2013\icons\pubinterface.gif -&gt; F:\DI\di\Proyecto\PokeDexManager\Help\Working\Output\HtmlHelp1\icons\pubinterface.gif
C:\Program Files (x86)\EWSoftware\Sandcastle Help File Builder\Components\VS2013\icons\pubmethod.gif -&gt; F:\DI\di\Proyecto\PokeDexManager\Help\Working\Output\HtmlHelp1\icons\pubmethod.gif
C:\Program Files (x86)\EWSoftware\Sandcastle Help File Builder\Components\VS2013\icons\puboperator.gif -&gt; F:\DI\di\Proyecto\PokeDexManager\Help\Working\Output\HtmlHelp1\icons\puboperator.gif
C:\Program Files (x86)\EWSoftware\Sandcastle Help File Builder\Components\VS2013\icons\pubproperty.gif -&gt; F:\DI\di\Proyecto\PokeDexManager\Help\Working\Output\HtmlHelp1\icons\pubproperty.gif
C:\Program Files (x86)\EWSoftware\Sandcastle Help File Builder\Components\VS2013\icons\pubstructure.gif -&gt; F:\DI\di\Proyecto\PokeDexManager\Help\Working\Output\HtmlHelp1\icons\pubstructure.gif
C:\Program Files (x86)\EWSoftware\Sandcastle Help File Builder\Components\VS2013\icons\SectionCollapsed.png -&gt; F:\DI\di\Proyecto\PokeDexManager\Help\Working\Output\HtmlHelp1\icons\SectionCollapsed.png
C:\Program Files (x86)\EWSoftware\Sandcastle Help File Builder\Components\VS2013\icons\SectionExpanded.png -&gt; F:\DI\di\Proyecto\PokeDexManager\Help\Working\Output\HtmlHelp1\icons\SectionExpanded.png
C:\Program Files (x86)\EWSoftware\Sandcastle Help File Builder\Components\VS2013\icons\slMobile.gif -&gt; F:\DI\di\Proyecto\PokeDexManager\Help\Working\Output\HtmlHelp1\icons\slMobile.gif
C:\Program Files (x86)\EWSoftware\Sandcastle Help File Builder\Components\VS2013\icons\static.gif -&gt; F:\DI\di\Proyecto\PokeDexManager\Help\Working\Output\HtmlHelp1\icons\static.gif
C:\Program Files (x86)\EWSoftware\Sandcastle Help File Builder\Components\VS2013\icons\xna.gif -&gt; F:\DI\di\Proyecto\PokeDexManager\Help\Working\Output\HtmlHelp1\icons\xna.gif
C:\Program Files (x86)\EWSoftware\Sandcastle Help File Builder\Components\VS2013\scripts\branding.js -&gt; F:\DI\di\Proyecto\PokeDexManager\Help\Working\Output\HtmlHelp1\scripts\branding.js
C:\Program Files (x86)\EWSoftware\Sandcastle Help File Builder\Components\VS2013\styles\branding-cs-CZ.css -&gt; F:\DI\di\Proyecto\PokeDexManager\Help\Working\Output\HtmlHelp1\styles\branding-cs-CZ.css
C:\Program Files (x86)\EWSoftware\Sandcastle Help File Builder\Components\VS2013\styles\branding-de-DE.css -&gt; F:\DI\di\Proyecto\PokeDexManager\Help\Working\Output\HtmlHelp1\styles\branding-de-DE.css
C:\Program Files (x86)\EWSoftware\Sandcastle Help File Builder\Components\VS2013\styles\branding-en-US.css -&gt; F:\DI\di\Proyecto\PokeDexManager\Help\Working\Output\HtmlHelp1\styles\branding-en-US.css
C:\Program Files (x86)\EWSoftware\Sandcastle Help File Builder\Components\VS2013\styles\branding-es-ES.css -&gt; F:\DI\di\Proyecto\PokeDexManager\Help\Working\Output\HtmlHelp1\styles\branding-es-ES.css
C:\Program Files (x86)\EWSoftware\Sandcastle Help File Builder\Components\VS2013\styles\branding-fr-FR.css -&gt; F:\DI\di\Proyecto\PokeDexManager\Help\Working\Output\HtmlHelp1\styles\branding-fr-FR.css
C:\Program Files (x86)\EWSoftware\Sandcastle Help File Builder\Components\VS2013\styles\branding-Help1.css -&gt; F:\DI\di\Proyecto\PokeDexManager\Help\Working\Output\HtmlHelp1\styles\branding-Help1.css
C:\Program Files (x86)\EWSoftware\Sandcastle Help File Builder\Components\VS2013\styles\branding-HelpViewer.css -&gt; F:\DI\di\Proyecto\PokeDexManager\Help\Working\Output\HtmlHelp1\styles\branding-HelpViewer.css
C:\Program Files (x86)\EWSoftware\Sandcastle Help File Builder\Components\VS2013\styles\branding-it-IT.css -&gt; F:\DI\di\Proyecto\PokeDexManager\Help\Working\Output\HtmlHelp1\styles\branding-it-IT.css
C:\Program Files (x86)\EWSoftware\Sandcastle Help File Builder\Components\VS2013\styles\branding-ja-JP.css -&gt; F:\DI\di\Proyecto\PokeDexManager\Help\Working\Output\HtmlHelp1\styles\branding-ja-JP.css
C:\Program Files (x86)\EWSoftware\Sandcastle Help File Builder\Components\VS2013\styles\branding-ko-KR.css -&gt; F:\DI\di\Proyecto\PokeDexManager\Help\Working\Output\HtmlHelp1\styles\branding-ko-KR.css
C:\Program Files (x86)\EWSoftware\Sandcastle Help File Builder\Components\VS2013\styles\branding-pl-PL.css -&gt; F:\DI\di\Proyecto\PokeDexManager\Help\Working\Output\HtmlHelp1\styles\branding-pl-PL.css
C:\Program Files (x86)\EWSoftware\Sandcastle Help File Builder\Components\VS2013\styles\branding-pt-BR.css -&gt; F:\DI\di\Proyecto\PokeDexManager\Help\Working\Output\HtmlHelp1\styles\branding-pt-BR.css
C:\Program Files (x86)\EWSoftware\Sandcastle Help File Builder\Components\VS2013\styles\branding-ru-RU.css -&gt; F:\DI\di\Proyecto\PokeDexManager\Help\Working\Output\HtmlHelp1\styles\branding-ru-RU.css
C:\Program Files (x86)\EWSoftware\Sandcastle Help File Builder\Components\VS2013\styles\branding-tr-TR.css -&gt; F:\DI\di\Proyecto\PokeDexManager\Help\Working\Output\HtmlHelp1\styles\branding-tr-TR.css
C:\Program Files (x86)\EWSoftware\Sandcastle Help File Builder\Components\VS2013\styles\branding-Website.css -&gt; F:\DI\di\Proyecto\PokeDexManager\Help\Working\Output\HtmlHelp1\styles\branding-Website.css
C:\Program Files (x86)\EWSoftware\Sandcastle Help File Builder\Components\VS2013\styles\branding-zh-CN.css -&gt; F:\DI\di\Proyecto\PokeDexManager\Help\Working\Output\HtmlHelp1\styles\branding-zh-CN.css
C:\Program Files (x86)\EWSoftware\Sandcastle Help File Builder\Components\VS2013\styles\branding-zh-TW.css -&gt; F:\DI\di\Proyecto\PokeDexManager\Help\Working\Output\HtmlHelp1\styles\branding-zh-TW.css
C:\Program Files (x86)\EWSoftware\Sandcastle Help File Builder\Components\VS2013\styles\branding.css -&gt; F:\DI\di\Proyecto\PokeDexManager\Help\Working\Output\HtmlHelp1\styles\branding.css
    Last step completed in 00:00:00,0120
</buildStep>
<buildStep step="GenerateHelpProject">
Generating HTML Help 1 project file...
    Last step completed in 00:00:00,0000
</buildStep>
<buildStep step="CompilingHelpFile">
Compiling HTML Help 1 file...
[C:\Program Files (x86)\Microsoft Visual Studio\2019\Enterprise\MSBuild\Current\Bin\MSBuild.exe - Build1xHelpFile.proj]
  Microsoft HTML Help Compiler 4.74.8702
  
  
  
  Compiling f:\DI\di\Proyecto\PokeDexManager\Help\Working\Output\HtmlHelp1\Documentation.chm
  
  
  
  
  
  Compile time: 0 minutes, 14 seconds
  
  749	Topics
  
  7,577	Local links
  
  0	Internet links
  
  0	Graphics
  
  
  
  
  
  Created f:\DI\di\Proyecto\PokeDexManager\Help\Working\Output\HtmlHelp1\Documentation.chm, 997,319 bytes
  
  Compression decreased file by 8,035,531 bytes.
  
    Last step completed in 00:00:14,6253
</buildStep>
<buildStep step="CleanIntermediates">
Removing intermediate files...
    Last step completed in 00:00:00,0433
</buildStep>
<buildStep step="Completed">

Build completed successfully at 02/03/2026 12:05:46.  Total time: 00:00:22,0432

</buildStep>
</shfbBuild>
